DMZWEBP01,PoweredOn,dmzesx02.healthchoiceaz.local
DMZWEBP04,PoweredOn,dmzesx02.healthchoiceaz.local
DMZWEBP07,PoweredOn,dmzesx02.healthchoiceaz.local
DMZWEBP08,PoweredOn,dmzesx02.healthchoiceaz.local
PHXDMZFTP01,PoweredOn,dmzesx02.healthchoiceaz.local
DMZWEBP02,PoweredOn,dmzesx03.healthchoiceaz.local
DMZWEBP03,PoweredOn,dmzesx03.healthchoiceaz.local
DMZWEBP05,PoweredOn,dmzesx03.healthchoiceaz.local
DMZWEBP06,PoweredOn,dmzesx03.healthchoiceaz.local
FLGRODC01,PoweredOn,dmzesx03.healthchoiceaz.local
HCASQL2,PoweredOn,phxesx01.healthchoiceaz.local
ORACLEEM01,PoweredOn,phxesx01.healthchoiceaz.local
PHXJUMP01,PoweredOn,phxesx01.healthchoiceaz.local
PHXSQLD01,PoweredOn,phxesx01.healthchoiceaz.local
CAREJCS01,PoweredOn,phxesx02.healthchoiceaz.local
HCAGROUPER01,PoweredOn,phxesx02.healthchoiceaz.local
HCASQL3,PoweredOn,phxesx02.healthchoiceaz.local
PHXFOX25,PoweredOn,phxesx02.healthchoiceaz.local
PHXWFM01,PoweredOn,phxesx02.healthchoiceaz.local
am-cpf-a06,PoweredOn,phxesx03.healthchoiceaz.local
AvayaWeb01,PoweredOn,phxesx03.healthchoiceaz.local
CAREAPP01,PoweredOn,phxesx03.healthchoiceaz.local
HCAFILEBOUND01,PoweredOn,phxesx03.healthchoiceaz.local
HCAIMAGE01,PoweredOn,phxesx03.healthchoiceaz.local
HCAUTIL01,PoweredOn,phxesx03.healthchoiceaz.local
HCMCO-SubCA02,PoweredOn,phxesx03.healthchoiceaz.local
HHAPP01,PoweredOn,phxesx03.healthchoiceaz.local
HHRPT01,PoweredOn,phxesx03.healthchoiceaz.local
PHXATTREPD01,PoweredOn,phxesx03.healthchoiceaz.local
PHXFOX03,PoweredOn,phxesx03.healthchoiceaz.local
PHXJAMS01,PoweredOn,phxesx03.healthchoiceaz.local
PHXSQLP02B,PoweredOn,phxesx03.healthchoiceaz.local
PHXSQLSSISQA01,PoweredOn,phxesx03.healthchoiceaz.local
PHXWORKDAY01,PoweredOn,phxesx03.healthchoiceaz.local
HCACRON01,PoweredOn,phxesx04.healthchoiceaz.local
HCAVSRP01V,PoweredOn,phxesx04.healthchoiceaz.local
PHXDUOPROXY2,PoweredOn,phxesx04.healthchoiceaz.local
PHXFOX02,PoweredOn,phxesx04.healthchoiceaz.local
PHXHVSEC02,PoweredOn,phxesx04.healthchoiceaz.local
PHXIQSVC01,PoweredOn,phxesx04.healthchoiceaz.local
PHXONTIMEAPP01,PoweredOn,phxesx04.healthchoiceaz.local
PHXRELAY02,PoweredOn,phxesx04.healthchoiceaz.local
PHXRIGHTFAXDT02,PoweredOn,phxesx04.healthchoiceaz.local
PHXSQLP01C,PoweredOn,phxesx04.healthchoiceaz.local
PHXSQLP02A,PoweredOn,phxesx04.healthchoiceaz.local
SQLDEV01,PoweredOn,phxesx04.healthchoiceaz.local
UTMAFILE,PoweredOn,phxesx04.healthchoiceaz.local
HBRPT01,PoweredOn,phxesx05.healthchoiceaz.local
HCASQL4,PoweredOn,phxesx05.healthchoiceaz.local
PHXFOX06,PoweredOn,phxesx05.healthchoiceaz.local
PHXFOX12,PoweredOn,phxesx05.healthchoiceaz.local
PHXSQLP01B,PoweredOn,phxesx05.healthchoiceaz.local
PHXSQLQA01,PoweredOn,phxesx05.healthchoiceaz.local
PHXTFS02,PoweredOn,phxesx05.healthchoiceaz.local
DEVADFS01,PoweredOn,phxesx06.healthchoiceaz.local
DEVWEBINTRANET01,PoweredOn,phxesx06.healthchoiceaz.local
DWWEB01,PoweredOn,phxesx06.healthchoiceaz.local
HCAWASP01V,PoweredOn,phxesx06.healthchoiceaz.local
HCMCO-CertSvcs1,PoweredOn,phxesx06.healthchoiceaz.local
HCSQL02,PoweredOn,phxesx06.healthchoiceaz.local
HCSQL03,PoweredOn,phxesx06.healthchoiceaz.local
HHSQL05,PoweredOn,phxesx06.healthchoiceaz.local
MP-OKT-PHX02,PoweredOn,phxesx06.healthchoiceaz.local
PHXAPP01,PoweredOn,phxesx06.healthchoiceaz.local
PHXFOX18,PoweredOn,phxesx06.healthchoiceaz.local
PHXFOX23,PoweredOn,phxesx06.healthchoiceaz.local
PHXJUMPVND02,PoweredOn,phxesx06.healthchoiceaz.local
PHXRIGHTFAX01,PoweredOn,phxesx06.healthchoiceaz.local
PHXSPVAP01,PoweredOn,phxesx06.healthchoiceaz.local
PHXVCSA01V,PoweredOn,phxesx06.healthchoiceaz.local
Utility_Services_OVF10,PoweredOn,phxesx06.healthchoiceaz.local
CARESTATE01,PoweredOn,phxesx07.healthchoiceaz.local
HCAIMAGP01V,PoweredOn,phxesx07.healthchoiceaz.local
HCASPECOPS01,PoweredOn,phxesx07.healthchoiceaz.local
HCMCO-RootCA,PoweredOn,phxesx07.healthchoiceaz.local
HCSQL01,PoweredOn,phxesx07.healthchoiceaz.local
HHBTS02,PoweredOn,phxesx07.healthchoiceaz.local
HHSQL02,PoweredOn,phxesx07.healthchoiceaz.local
PCoIP Management,PoweredOn,phxesx07.healthchoiceaz.local
PHXEXED01,PoweredOn,phxesx07.healthchoiceaz.local
PHXFOX04,PoweredOn,phxesx07.healthchoiceaz.local
PHXFOX10,PoweredOn,phxesx07.healthchoiceaz.local
PHXFOX15,PoweredOn,phxesx07.healthchoiceaz.local
PHXJAMSD01,PoweredOn,phxesx07.healthchoiceaz.local
PHXJUMPVND01,PoweredOn,phxesx07.healthchoiceaz.local
PHXTFS03,PoweredOn,phxesx07.healthchoiceaz.local
SolarWinds Log & Event Manager,PoweredOn,phxesx07.healthchoiceaz.local
SQLFILEBOUND01,PoweredOn,phxesx07.healthchoiceaz.local
CAREWEB02,PoweredOn,phxesx08.healthchoiceaz.local
HCAMSQLP01BV,PoweredOn,phxesx08.healthchoiceaz.local
HCAPP02,PoweredOn,phxesx08.healthchoiceaz.local
PHXAD01,PoweredOn,phxesx08.healthchoiceaz.local
PHXFOX08,PoweredOn,phxesx08.healthchoiceaz.local
PHXFOX24,PoweredOn,phxesx08.healthchoiceaz.local
PHXHVCONN03,PoweredOn,phxesx08.healthchoiceaz.local
PHXSQLBACKUP01,PoweredOn,phxesx08.healthchoiceaz.local
PHXSQLD02,PoweredOn,phxesx08.healthchoiceaz.local
PUCMSUB01 - 10.11.45.11,PoweredOn,phxesx08.healthchoiceaz.local
WEBINTRANET02,PoweredOn,phxesx08.healthchoiceaz.local
CARESTATE02,PoweredOn,phxesx09.healthchoiceaz.local
PHX_CiscoFMC01,PoweredOn,phxesx09.healthchoiceaz.local
PHXFIN01,PoweredOn,phxesx09.healthchoiceaz.local
PHXJAMSDEV01,PoweredOn,phxesx09.healthchoiceaz.local
PHXNESSUSP01,PoweredOn,phxesx09.healthchoiceaz.local
PHXSQLSSISP01,PoweredOn,phxesx09.healthchoiceaz.local
PHXWEBQA01,PoweredOn,phxesx09.healthchoiceaz.local
WEBPDM,PoweredOn,phxesx09.healthchoiceaz.local
HCAEDIPROD01,PoweredOn,phxesx10.healthchoiceaz.local
HCAMSQLP01AV,PoweredOn,phxesx10.healthchoiceaz.local
HCAPASSWORDMGR,PoweredOn,phxesx10.healthchoiceaz.local
HCASQL1,PoweredOn,phxesx10.healthchoiceaz.local
PHXEXEQA01,PoweredOn,phxesx10.healthchoiceaz.local
PUCCXSUB01 - 10.11.45.31,PoweredOn,phxesx10.healthchoiceaz.local
WEBDEV01,PoweredOn,phxesx10.healthchoiceaz.local
DMZONTIME01,PoweredOn,phxesx11.healthchoiceaz.local
HCAAUTH01,PoweredOn,phxesx11.healthchoiceaz.local
HCADFS02,PoweredOn,phxesx11.healthchoiceaz.local
HCAPRINT01,PoweredOn,phxesx11.healthchoiceaz.local
HCAWSUS01,PoweredOn,phxesx11.healthchoiceaz.local
HCMCO-CA-Root (HCARoot),PoweredOn,phxesx11.healthchoiceaz.local
HCRPT01,PoweredOn,phxesx11.healthchoiceaz.local
PHXCOMMSERVE01,PoweredOn,phxesx11.healthchoiceaz.local
PHXFOX16,PoweredOn,phxesx11.healthchoiceaz.local
PHXPQA01,PoweredOn,phxesx11.healthchoiceaz.local
PHXPRINT01,PoweredOn,phxesx11.healthchoiceaz.local
PHXRIGHTFAXDT04,PoweredOn,phxesx11.healthchoiceaz.local
PHXUMBVA01,PoweredOn,phxesx11.healthchoiceaz.local
SDLFILE01,PoweredOn,phxesx11.healthchoiceaz.local
SHCHCUTILDBP01V,PoweredOn,phxesx11.healthchoiceaz.local
HCAINSTALLER01,PoweredOn,phxesx12.healthchoiceaz.local
HCAKMS01,PoweredOn,phxesx12.healthchoiceaz.local
HHAPP03,PoweredOn,phxesx12.healthchoiceaz.local
HHAPP04,PoweredOn,phxesx12.healthchoiceaz.local
PHX27XQ01,PoweredOn,phxesx12.healthchoiceaz.local
PHXCONFLUENCE01,PoweredOn,phxesx12.healthchoiceaz.local
PHXFOX19,PoweredOn,phxesx12.healthchoiceaz.local
PHXFOX22,PoweredOn,phxesx12.healthchoiceaz.local
PHXSPVA01,PoweredOn,phxesx12.healthchoiceaz.local
PHXSQLP01A,PoweredOn,phxesx12.healthchoiceaz.local
PHXTABLEAU01,PoweredOn,phxesx12.healthchoiceaz.local
HCACDR01,PoweredOn,phxesx13.healthchoiceaz.local
HCADFS01,PoweredOn,phxesx13.healthchoiceaz.local
HCADHCP01,PoweredOn,phxesx13.healthchoiceaz.local
HCAEDIDEV01,PoweredOn,phxesx13.healthchoiceaz.local
HCMCO-SubCA01,PoweredOn,phxesx13.healthchoiceaz.local
HHSQL03,PoweredOn,phxesx13.healthchoiceaz.local
PHXAEMP01,PoweredOn,phxesx13.healthchoiceaz.local
PHXCROND01,PoweredOn,phxesx13.healthchoiceaz.local
PHXFOX17,PoweredOn,phxesx13.healthchoiceaz.local
PHXJUMP03,PoweredOn,phxesx13.healthchoiceaz.local
PHXPQA04,PoweredOn,phxesx13.healthchoiceaz.local
PHXSQLQA02,PoweredOn,phxesx13.healthchoiceaz.local
PHXWEBDEV01,PoweredOn,phxesx13.healthchoiceaz.local
SQLQA01,PoweredOn,phxesx13.healthchoiceaz.local
HCAAUTH02,PoweredOn,phxesx14.healthchoiceaz.local
HCARightfaxDT01,PoweredOn,phxesx14.healthchoiceaz.local
HCARightfaxDT04,PoweredOn,phxesx14.healthchoiceaz.local
HCSQL05,PoweredOn,phxesx14.healthchoiceaz.local
PDC01,PoweredOn,phxesx14.healthchoiceaz.local
PHXATTREPP01,PoweredOn,phxesx14.healthchoiceaz.local
PHXFOX01,PoweredOn,phxesx14.healthchoiceaz.local
PHXFOX05,PoweredOn,phxesx14.healthchoiceaz.local
PHXFOX28,PoweredOn,phxesx14.healthchoiceaz.local
PHXMQD01,PoweredOn,phxesx14.healthchoiceaz.local
PHXORION01,PoweredOn,phxesx14.healthchoiceaz.local
PHXPSC01V,PoweredOn,phxesx14.healthchoiceaz.local
PHXRFONBASE,PoweredOn,phxesx14.healthchoiceaz.local
PHXSCCM01,PoweredOn,phxesx14.healthchoiceaz.local
TELECOMTECH01,PoweredOn,phxesx14.healthchoiceaz.local
WEBINTRANET01,PoweredOn,phxesx14.healthchoiceaz.local
AvayaWeb02,PoweredOn,phxesx15.healthchoiceaz.local
HCAASGWP01V,PoweredOn,phxesx15.healthchoiceaz.local
HCARTFXP01V,PoweredOn,phxesx15.healthchoiceaz.local
HCARTFXP02V,PoweredOn,phxesx15.healthchoiceaz.local
HCBTS02,PoweredOn,phxesx15.healthchoiceaz.local
HHHUB01,PoweredOn,phxesx15.healthchoiceaz.local
PCUCSUB01 - 10.11.45.21,PoweredOn,phxesx15.healthchoiceaz.local
PHX27XP01,PoweredOn,phxesx15.healthchoiceaz.local
PHXAPP04,PoweredOn,phxesx15.healthchoiceaz.local
PHXEVIPS01,PoweredOn,phxesx15.healthchoiceaz.local
PHXFILE,PoweredOn,phxesx15.healthchoiceaz.local
PHXHVCONN02,PoweredOn,phxesx15.healthchoiceaz.local
PHXVCENTER,PoweredOn,phxesx15.healthchoiceaz.local
PHXWEB01,PoweredOn,phxesx15.healthchoiceaz.local
PHXWITNESS01,PoweredOn,phxesx15.healthchoiceaz.local
DWDEV01,PoweredOn,phxesx16.healthchoiceaz.local
HCACRYSTAL01,PoweredOn,phxesx16.healthchoiceaz.local
HCADEVS01,PoweredOn,phxesx16.healthchoiceaz.local
HCARightfaxDT03,PoweredOn,phxesx16.healthchoiceaz.local
HCMCO-CertSvcs2,PoweredOn,phxesx16.healthchoiceaz.local
PHX_CiscoFMC02,PoweredOn,phxesx16.healthchoiceaz.local
PHXFOX09,PoweredOn,phxesx16.healthchoiceaz.local
PHXFOX20,PoweredOn,phxesx16.healthchoiceaz.local
PHXHPABT01V,PoweredOn,phxesx16.healthchoiceaz.local
PHXSQLSSISD01,PoweredOn,phxesx16.healthchoiceaz.local
EXTADFS,PoweredOn,phxesx17.healthchoiceaz.local
HCADEVGROUPER01,PoweredOn,phxesx17.healthchoiceaz.local
HCAPP01,PoweredOn,phxesx17.healthchoiceaz.local
HHAPP02,PoweredOn,phxesx17.healthchoiceaz.local
PHXDUOPROXY1,PoweredOn,phxesx17.healthchoiceaz.local
PHXFILE01,PoweredOn,phxesx17.healthchoiceaz.local
PHXFLX01,PoweredOn,phxesx17.healthchoiceaz.local
PHXFOX13,PoweredOn,phxesx17.healthchoiceaz.local
PHXFOX21,PoweredOn,phxesx17.healthchoiceaz.local
PHXJUMP02,PoweredOn,phxesx17.healthchoiceaz.local
PHXRIGHTFAX02,PoweredOn,phxesx17.healthchoiceaz.local
PHXRIGHTFAXDT03,PoweredOn,phxesx17.healthchoiceaz.local
PHXSDB02,PoweredOn,phxesx17.healthchoiceaz.local
PHXSQL01,PoweredOn,phxesx17.healthchoiceaz.local
PHXSQLRF01,PoweredOn,phxesx17.healthchoiceaz.local
HCACCPYP01V,PoweredOn,phxesx18.healthchoiceaz.local
HCAWDSP01V,PoweredOn,phxesx18.healthchoiceaz.local
HCHUB01,PoweredOn,phxesx18.healthchoiceaz.local
MP-OKT-PHX01,PoweredOn,phxesx18.healthchoiceaz.local
PHX3MGPCS01,PoweredOn,phxesx18.healthchoiceaz.local
PHXFOX07,PoweredOn,phxesx18.healthchoiceaz.local
PHXFOX26,PoweredOn,phxesx18.healthchoiceaz.local
PHXFOXTROT01,PoweredOn,phxesx18.healthchoiceaz.local
PHXHVCONN01,PoweredOn,phxesx18.healthchoiceaz.local
PHXIQSVCP01,PoweredOn,phxesx18.healthchoiceaz.local
PHXJAMSP02,PoweredOn,phxesx18.healthchoiceaz.local
PHXONTIMESQL1,PoweredOn,phxesx18.healthchoiceaz.local
PHXPQA02,PoweredOn,phxesx18.healthchoiceaz.local
PHXRELAY01,PoweredOn,phxesx18.healthchoiceaz.local
PHXSQLSCCM01,PoweredOn,phxesx18.healthchoiceaz.local
PHXUMBVA02,PoweredOn,phxesx18.healthchoiceaz.local
vSphere_Replication_OVF10,PoweredOn,phxesx18.healthchoiceaz.local
CAREWEB01,PoweredOn,phxesx19.healthchoiceaz.local
Edge Server,PoweredOn,phxesx19.healthchoiceaz.local
HCACallCopy01,PoweredOn,phxesx19.healthchoiceaz.local
HCACallCopyWFM,PoweredOn,phxesx19.healthchoiceaz.local
HCARightfaxDT02,PoweredOn,phxesx19.healthchoiceaz.local
PHX27XD01,PoweredOn,phxesx19.healthchoiceaz.local
PHXAD02,PoweredOn,phxesx19.healthchoiceaz.local
PHXAPP03,PoweredOn,phxesx19.healthchoiceaz.local
PHXAPP05,PoweredOn,phxesx19.healthchoiceaz.local
PHXFOX11,PoweredOn,phxesx19.healthchoiceaz.local
PHXFOX14,PoweredOn,phxesx19.healthchoiceaz.local
PHXFOX27,PoweredOn,phxesx19.healthchoiceaz.local
PHXHVCOMP01V,PoweredOn,phxesx19.healthchoiceaz.local
PHXJAMSP01,PoweredOn,phxesx19.healthchoiceaz.local
PHXKMS01,PoweredOn,phxesx19.healthchoiceaz.local
PHXPD01,PoweredOn,phxesx19.healthchoiceaz.local
PHXPQA03,PoweredOn,phxesx19.healthchoiceaz.local
PHXRIGHTFAXDT01,PoweredOn,phxesx19.healthchoiceaz.local
PHXUMBSYNC01,PoweredOn,phxesx19.healthchoiceaz.local
PHXVCENTERPSC01,PoweredOn,phxesx19.healthchoiceaz.local
SOLAR-PERFMON,PoweredOn,phxesx19.healthchoiceaz.local
WEBINTRANET03,PoweredOn,phxesx19.healthchoiceaz.local
DWPROD01,PoweredOn,phxesx20.healthchoiceaz.local
HHSQL01,PoweredOn,phxesx20.healthchoiceaz.local
PHXFOX29,PoweredOn,phxesx20.healthchoiceaz.local
PHXJAMS02,PoweredOn,phxesx20.healthchoiceaz.local
OmniStackVC-10-154-25-101,PoweredOn,phxesxsvt01.healthchoiceaz.local
VDI-BLUE-002,PoweredOn,phxesxsvt01.healthchoiceaz.local
VDI-BLUE2-016,PoweredOn,phxesxsvt01.healthchoiceaz.local
VDI-BLUE2-025,PoweredOn,phxesxsvt01.healthchoiceaz.local
VDI-BLUE2-071,PoweredOn,phxesxsvt01.healthchoiceaz.local
VDI-BLUE2-074,PoweredOn,phxesxsvt01.healthchoiceaz.local
VDI-BLUE2-117,PoweredOn,phxesxsvt01.healthchoiceaz.local
VDI-BLUE2-204,PoweredOn,phxesxsvt01.healthchoiceaz.local
VDI-BLUE2-217,PoweredOn,phxesxsvt01.healthchoiceaz.local
VDI-CLA-116,PoweredOn,phxesxsvt01.healthchoiceaz.local
VDI-CMA-029,PoweredOn,phxesxsvt01.healthchoiceaz.local
VDI-FT-001,PoweredOn,phxesxsvt01.healthchoiceaz.local
VDI-FT-003,PoweredOn,phxesxsvt01.healthchoiceaz.local
VDI-FT-006,PoweredOn,phxesxsvt01.healthchoiceaz.local
VDI-FT-013,PoweredOn,phxesxsvt01.healthchoiceaz.local
VDI-FT-015,PoweredOn,phxesxsvt01.healthchoiceaz.local
VDI-FT-018,PoweredOn,phxesxsvt01.healthchoiceaz.local
VDI-FT-021,PoweredOn,phxesxsvt01.healthchoiceaz.local
VDI-IS-004,PoweredOn,phxesxsvt01.healthchoiceaz.local
VDI-IS-007,PoweredOn,phxesxsvt01.healthchoiceaz.local
VDI-IS-009,PoweredOn,phxesxsvt01.healthchoiceaz.local
VDI-IS-050,PoweredOn,phxesxsvt01.healthchoiceaz.local
VDI-IS-062,PoweredOn,phxesxsvt01.healthchoiceaz.local
VDI-MBS-043,PoweredOn,phxesxsvt01.healthchoiceaz.local
VDI-MBS-061,PoweredOn,phxesxsvt01.healthchoiceaz.local
VDI-MBS-113,PoweredOn,phxesxsvt01.healthchoiceaz.local
VDI-MBS-138,PoweredOn,phxesxsvt01.healthchoiceaz.local
VDI-MBS-140,PoweredOn,phxesxsvt01.healthchoiceaz.local
VDI-MBS-145,PoweredOn,phxesxsvt01.healthchoiceaz.local
VDI-MBS-181,PoweredOn,phxesxsvt01.healthchoiceaz.local
VDI-PDM2-009,PoweredOn,phxesxsvt01.healthchoiceaz.local
OmniStackVC-10-154-25-102,PoweredOn,phxesxsvt02.healthchoiceaz.local
VDI-CLA-002,PoweredOn,phxesxsvt02.healthchoiceaz.local
VDI-CLA-024,PoweredOn,phxesxsvt02.healthchoiceaz.local
VDI-CLA-053,PoweredOn,phxesxsvt02.healthchoiceaz.local
VDI-CLA-063,PoweredOn,phxesxsvt02.healthchoiceaz.local
VDI-CLA-071,PoweredOn,phxesxsvt02.healthchoiceaz.local
VDI-CLA-094,PoweredOn,phxesxsvt02.healthchoiceaz.local
VDI-FIN-011,PoweredOn,phxesxsvt02.healthchoiceaz.local
VDI-HSM-002,PoweredOn,phxesxsvt02.healthchoiceaz.local
VDI-MBS-024,PoweredOn,phxesxsvt02.healthchoiceaz.local
VDI-MBS-039,PoweredOn,phxesxsvt02.healthchoiceaz.local
VDI-MBS-045,PoweredOn,phxesxsvt02.healthchoiceaz.local
VDI-MBS-047,PoweredOn,phxesxsvt02.healthchoiceaz.local
VDI-MBS-055,PoweredOn,phxesxsvt02.healthchoiceaz.local
VDI-MBS-057,PoweredOn,phxesxsvt02.healthchoiceaz.local
VDI-MBS-088,PoweredOn,phxesxsvt02.healthchoiceaz.local
VDI-MBS-102,PoweredOn,phxesxsvt02.healthchoiceaz.local
VDI-MBS-129,PoweredOn,phxesxsvt02.healthchoiceaz.local
VDI-MBS-151,PoweredOn,phxesxsvt02.healthchoiceaz.local
VDI-MBS-161,PoweredOn,phxesxsvt02.healthchoiceaz.local
VDI-MBS-169,PoweredOn,phxesxsvt02.healthchoiceaz.local
VDI-MBS-177,PoweredOn,phxesxsvt02.healthchoiceaz.local
VDI-MBS-180,PoweredOn,phxesxsvt02.healthchoiceaz.local
VDI-NS-002,PoweredOn,phxesxsvt02.healthchoiceaz.local
VDI-QM-007,PoweredOn,phxesxsvt02.healthchoiceaz.local
VDI-QM-020,PoweredOn,phxesxsvt02.healthchoiceaz.local
OmniStackVC-10-154-25-103,PoweredOn,phxesxsvt03.healthchoiceaz.local
VDI-BLUE2-004,PoweredOn,phxesxsvt03.healthchoiceaz.local
VDI-BLUE2-072,PoweredOn,phxesxsvt03.healthchoiceaz.local
VDI-BLUE2-111,PoweredOn,phxesxsvt03.healthchoiceaz.local
VDI-BLUE2-116,PoweredOn,phxesxsvt03.healthchoiceaz.local
VDI-BLUE2-176,PoweredOn,phxesxsvt03.healthchoiceaz.local
VDI-CLA-004,PoweredOn,phxesxsvt03.healthchoiceaz.local
VDI-CLA-011,PoweredOn,phxesxsvt03.healthchoiceaz.local
VDI-CLA-103,PoweredOn,phxesxsvt03.healthchoiceaz.local
VDI-FT-022,PoweredOn,phxesxsvt03.healthchoiceaz.local
VDI-FT-024,PoweredOn,phxesxsvt03.healthchoiceaz.local
VDI-IS-039,PoweredOn,phxesxsvt03.healthchoiceaz.local
VDI-IS-055,PoweredOn,phxesxsvt03.healthchoiceaz.local
VDI-IS-078,PoweredOn,phxesxsvt03.healthchoiceaz.local
VDI-MBS-019,PoweredOn,phxesxsvt03.healthchoiceaz.local
VDI-MBS-139,PoweredOn,phxesxsvt03.healthchoiceaz.local
VDI-MBS-204,PoweredOn,phxesxsvt03.healthchoiceaz.local
VDI-MBS-208,PoweredOn,phxesxsvt03.healthchoiceaz.local
VDI-PDM2-005,PoweredOn,phxesxsvt03.healthchoiceaz.local
OmniStackVC-10-154-25-104,PoweredOn,phxesxsvt04.healthchoiceaz.local
VDI-BEH-003,PoweredOn,phxesxsvt04.healthchoiceaz.local
VDI-BLUE2-045,PoweredOn,phxesxsvt04.healthchoiceaz.local
VDI-CLA-003,PoweredOn,phxesxsvt04.healthchoiceaz.local
VDI-CLA-016,PoweredOn,phxesxsvt04.healthchoiceaz.local
VDI-CLA-020,PoweredOn,phxesxsvt04.healthchoiceaz.local
VDI-CLA-064,PoweredOn,phxesxsvt04.healthchoiceaz.local
VDI-CLA-077,PoweredOn,phxesxsvt04.healthchoiceaz.local
VDI-CLA-098,PoweredOn,phxesxsvt04.healthchoiceaz.local
VDI-DR-MCC-011,PoweredOn,phxesxsvt04.healthchoiceaz.local
VDI-DR-MCC-019,PoweredOn,phxesxsvt04.healthchoiceaz.local
VDI-EPSDT-005,PoweredOn,phxesxsvt04.healthchoiceaz.local
VDI-FIN-018,PoweredOn,phxesxsvt04.healthchoiceaz.local
VDI-IS-013,PoweredOn,phxesxsvt04.healthchoiceaz.local
VDI-IS-048,PoweredOn,phxesxsvt04.healthchoiceaz.local
VDI-MBS-003,PoweredOn,phxesxsvt04.healthchoiceaz.local
VDI-MBS-020,PoweredOn,phxesxsvt04.healthchoiceaz.local
VDI-MBS-023,PoweredOn,phxesxsvt04.healthchoiceaz.local
VDI-MBS-030,PoweredOn,phxesxsvt04.healthchoiceaz.local
VDI-MBS-051,PoweredOn,phxesxsvt04.healthchoiceaz.local
VDI-MBS-056,PoweredOn,phxesxsvt04.healthchoiceaz.local
VDI-MBS-064,PoweredOn,phxesxsvt04.healthchoiceaz.local
VDI-MBS-068,PoweredOn,phxesxsvt04.healthchoiceaz.local
VDI-MBS-074,PoweredOn,phxesxsvt04.healthchoiceaz.local
VDI-MBS-093,PoweredOn,phxesxsvt04.healthchoiceaz.local
VDI-MBS-097,PoweredOn,phxesxsvt04.healthchoiceaz.local
VDI-MBS-103,PoweredOn,phxesxsvt04.healthchoiceaz.local
VDI-MBS-107,PoweredOn,phxesxsvt04.healthchoiceaz.local
VDI-MBS-112,PoweredOn,phxesxsvt04.healthchoiceaz.local
VDI-MBS-117,PoweredOn,phxesxsvt04.healthchoiceaz.local
VDI-PPALKO,PoweredOn,phxesxsvt04.healthchoiceaz.local
VDI-PRA-001,PoweredOn,phxesxsvt04.healthchoiceaz.local
VDI-PRA-004,PoweredOn,phxesxsvt04.healthchoiceaz.local
VDI-PRA-005,PoweredOn,phxesxsvt04.healthchoiceaz.local
VDI-PRA-022,PoweredOn,phxesxsvt04.healthchoiceaz.local
VDI-PRA-028,PoweredOn,phxesxsvt04.healthchoiceaz.local
VDI-PRA-032,PoweredOn,phxesxsvt04.healthchoiceaz.local
VDI-PRA-049,PoweredOn,phxesxsvt04.healthchoiceaz.local
VDI-QM-001,PoweredOn,phxesxsvt04.healthchoiceaz.local
VDI-QM-016,PoweredOn,phxesxsvt04.healthchoiceaz.local
VDI-RE-002,PoweredOn,phxesxsvt04.healthchoiceaz.local
VDI-RX011,PoweredOn,phxesxsvt04.healthchoiceaz.local
VDI-RX015,PoweredOn,phxesxsvt04.healthchoiceaz.local
VDI-UR-011,PoweredOn,phxesxsvt04.healthchoiceaz.local
OmniStackVC-10-154-25-105,PoweredOn,phxesxsvt05.healthchoiceaz.local
VDI-BLUE2-335,PoweredOn,phxesxsvt05.healthchoiceaz.local
VDI-CGR-003,PoweredOn,phxesxsvt05.healthchoiceaz.local
VDI-CLA-005,PoweredOn,phxesxsvt05.healthchoiceaz.local
VDI-CLA-007,PoweredOn,phxesxsvt05.healthchoiceaz.local
VDI-CLA-008,PoweredOn,phxesxsvt05.healthchoiceaz.local
VDI-CLA-033,PoweredOn,phxesxsvt05.healthchoiceaz.local
VDI-CLA-034,PoweredOn,phxesxsvt05.healthchoiceaz.local
VDI-CLA-036,PoweredOn,phxesxsvt05.healthchoiceaz.local
VDI-CLA-049,PoweredOn,phxesxsvt05.healthchoiceaz.local
VDI-CLA-052,PoweredOn,phxesxsvt05.healthchoiceaz.local
VDI-CLA-070,PoweredOn,phxesxsvt05.healthchoiceaz.local
VDI-CLA-075,PoweredOn,phxesxsvt05.healthchoiceaz.local
VDI-CLA-087,PoweredOn,phxesxsvt05.healthchoiceaz.local
VDI-CLA-127,PoweredOn,phxesxsvt05.healthchoiceaz.local
VDI-EPSDT-006,PoweredOn,phxesxsvt05.healthchoiceaz.local
VDI-FT-010,PoweredOn,phxesxsvt05.healthchoiceaz.local
VDI-FT-017,PoweredOn,phxesxsvt05.healthchoiceaz.local
VDI-FT-HUB,PoweredOn,phxesxsvt05.healthchoiceaz.local
VDI-MBS-014,PoweredOn,phxesxsvt05.healthchoiceaz.local
VDI-MBS-015,PoweredOn,phxesxsvt05.healthchoiceaz.local
VDI-MBS-031,PoweredOn,phxesxsvt05.healthchoiceaz.local
VDI-MBS-038,PoweredOn,phxesxsvt05.healthchoiceaz.local
VDI-MBS-040,PoweredOn,phxesxsvt05.healthchoiceaz.local
VDI-MBS-044,PoweredOn,phxesxsvt05.healthchoiceaz.local
VDI-MBS-048,PoweredOn,phxesxsvt05.healthchoiceaz.local
VDI-MBS-052,PoweredOn,phxesxsvt05.healthchoiceaz.local
VDI-MBS-085,PoweredOn,phxesxsvt05.healthchoiceaz.local
VDI-MBS-096,PoweredOn,phxesxsvt05.healthchoiceaz.local
VDI-MBS-100,PoweredOn,phxesxsvt05.healthchoiceaz.local
VDI-PDM2-006,PoweredOn,phxesxsvt05.healthchoiceaz.local
VDI-PRA-015,PoweredOn,phxesxsvt05.healthchoiceaz.local
VDI-PRA-046,PoweredOn,phxesxsvt05.healthchoiceaz.local
VDI-PRA-048,PoweredOn,phxesxsvt05.healthchoiceaz.local
VDI-PRA-050,PoweredOn,phxesxsvt05.healthchoiceaz.local
VDI-PRA-052,PoweredOn,phxesxsvt05.healthchoiceaz.local
VDI-PRA-054,PoweredOn,phxesxsvt05.healthchoiceaz.local
VDI-QM-005,PoweredOn,phxesxsvt05.healthchoiceaz.local
VDI-QM-009,PoweredOn,phxesxsvt05.healthchoiceaz.local
VDI-RX005,PoweredOn,phxesxsvt05.healthchoiceaz.local
VDI-RX010,PoweredOn,phxesxsvt05.healthchoiceaz.local
VDI-RX012,PoweredOn,phxesxsvt05.healthchoiceaz.local
VDI-RX018,PoweredOn,phxesxsvt05.healthchoiceaz.local
VDI-RX025,PoweredOn,phxesxsvt05.healthchoiceaz.local
VDI-UR-003,PoweredOn,phxesxsvt05.healthchoiceaz.local
VDI-UR-023,PoweredOn,phxesxsvt05.healthchoiceaz.local
VDI-BLUE2-010,PoweredOn,phxesxsvt06.healthchoiceaz.local
VDI-BLUE2-023,PoweredOn,phxesxsvt06.healthchoiceaz.local
VDI-BLUE2-034,PoweredOn,phxesxsvt06.healthchoiceaz.local
VDI-BLUE2-055,PoweredOn,phxesxsvt06.healthchoiceaz.local
VDI-BLUE2-082,PoweredOn,phxesxsvt06.healthchoiceaz.local
VDI-BLUE2-105,PoweredOn,phxesxsvt06.healthchoiceaz.local
VDI-BLUE2-136,PoweredOn,phxesxsvt06.healthchoiceaz.local
VDI-BLUE2-140,PoweredOn,phxesxsvt06.healthchoiceaz.local
VDI-BLUE2-147,PoweredOn,phxesxsvt06.healthchoiceaz.local
VDI-BLUE2-154,PoweredOn,phxesxsvt06.healthchoiceaz.local
VDI-BLUE2-165,PoweredOn,phxesxsvt06.healthchoiceaz.local
VDI-BLUE2-187,PoweredOn,phxesxsvt06.healthchoiceaz.local
VDI-BLUE2-341,PoweredOn,phxesxsvt06.healthchoiceaz.local
VDI-BLUE2-355,PoweredOn,phxesxsvt06.healthchoiceaz.local
VDI-EPSDT-010,PoweredOn,phxesxsvt06.healthchoiceaz.local
VDI-FIN-008,PoweredOn,phxesxsvt06.healthchoiceaz.local
VDI-FIN-012,PoweredOn,phxesxsvt06.healthchoiceaz.local
VDI-FIN-023,PoweredOn,phxesxsvt06.healthchoiceaz.local
VDI-FT-008,PoweredOn,phxesxsvt06.healthchoiceaz.local
VDI-FT-011,PoweredOn,phxesxsvt06.healthchoiceaz.local
VDI-FT-014,PoweredOn,phxesxsvt06.healthchoiceaz.local
VDI-IS-002,PoweredOn,phxesxsvt06.healthchoiceaz.local
VDI-IS-003,PoweredOn,phxesxsvt06.healthchoiceaz.local
VDI-IS-037,PoweredOn,phxesxsvt06.healthchoiceaz.local
VDI-IS-047,PoweredOn,phxesxsvt06.healthchoiceaz.local
VDI-IS-054,PoweredOn,phxesxsvt06.healthchoiceaz.local
VDI-IS-066,PoweredOn,phxesxsvt06.healthchoiceaz.local
VDI-IS-068,PoweredOn,phxesxsvt06.healthchoiceaz.local
VDI-MBS-032,PoweredOn,phxesxsvt06.healthchoiceaz.local
VDI-MBS-037,PoweredOn,phxesxsvt06.healthchoiceaz.local
VDI-MBS-120,PoweredOn,phxesxsvt06.healthchoiceaz.local
VDI-MBS-167,PoweredOn,phxesxsvt06.healthchoiceaz.local
VDI-NS-003,PoweredOn,phxesxsvt06.healthchoiceaz.local
VDI-UT003,PoweredOn,phxesxsvt06.healthchoiceaz.local
VDI-BLUE2-009,PoweredOn,phxesxsvt07.healthchoiceaz.local
VDI-BLUE2-021,PoweredOn,phxesxsvt07.healthchoiceaz.local
VDI-BLUE2-030,PoweredOn,phxesxsvt07.healthchoiceaz.local
VDI-BLUE2-032,PoweredOn,phxesxsvt07.healthchoiceaz.local
VDI-BLUE2-035,PoweredOn,phxesxsvt07.healthchoiceaz.local
VDI-BLUE2-041,PoweredOn,phxesxsvt07.healthchoiceaz.local
VDI-BLUE2-047,PoweredOn,phxesxsvt07.healthchoiceaz.local
VDI-BLUE2-059,PoweredOn,phxesxsvt07.healthchoiceaz.local
VDI-BLUE2-064,PoweredOn,phxesxsvt07.healthchoiceaz.local
VDI-BLUE2-083,PoweredOn,phxesxsvt07.healthchoiceaz.local
VDI-BLUE2-090,PoweredOn,phxesxsvt07.healthchoiceaz.local
VDI-BLUE2-095,PoweredOn,phxesxsvt07.healthchoiceaz.local
VDI-BLUE2-096,PoweredOn,phxesxsvt07.healthchoiceaz.local
VDI-BLUE2-103,PoweredOn,phxesxsvt07.healthchoiceaz.local
VDI-BLUE2-130,PoweredOn,phxesxsvt07.healthchoiceaz.local
VDI-BLUE2-133,PoweredOn,phxesxsvt07.healthchoiceaz.local
VDI-BLUE2-160,PoweredOn,phxesxsvt07.healthchoiceaz.local
VDI-BLUE2-173,PoweredOn,phxesxsvt07.healthchoiceaz.local
VDI-BLUE2-178,PoweredOn,phxesxsvt07.healthchoiceaz.local
VDI-BLUE2-183,PoweredOn,phxesxsvt07.healthchoiceaz.local
VDI-BLUE2-189,PoweredOn,phxesxsvt07.healthchoiceaz.local
VDI-BLUE2-197,PoweredOn,phxesxsvt07.healthchoiceaz.local
VDI-BLUE2-215,PoweredOn,phxesxsvt07.healthchoiceaz.local
VDI-BLUE2-221,PoweredOn,phxesxsvt07.healthchoiceaz.local
VDI-BLUE2-223,PoweredOn,phxesxsvt07.healthchoiceaz.local
VDI-BLUE2-239,PoweredOn,phxesxsvt07.healthchoiceaz.local
VDI-BLUE2-245,PoweredOn,phxesxsvt07.healthchoiceaz.local
VDI-BLUE2-260,PoweredOn,phxesxsvt07.healthchoiceaz.local
VDI-BLUE2-277,PoweredOn,phxesxsvt07.healthchoiceaz.local
VDI-BLUE2-308,PoweredOn,phxesxsvt07.healthchoiceaz.local
VDI-BLUE2-332,PoweredOn,phxesxsvt07.healthchoiceaz.local
VDI-BLUE2-354,PoweredOn,phxesxsvt07.healthchoiceaz.local
VDI-CLA-101,PoweredOn,phxesxsvt07.healthchoiceaz.local
VDI-CLA-119,PoweredOn,phxesxsvt07.healthchoiceaz.local
VDI-CLA-122,PoweredOn,phxesxsvt07.healthchoiceaz.local
VDI-CLA-129,PoweredOn,phxesxsvt07.healthchoiceaz.local
VDI-CMA-003,PoweredOn,phxesxsvt07.healthchoiceaz.local
VDI-FIN-002,PoweredOn,phxesxsvt07.healthchoiceaz.local
VDI-FIN-015,PoweredOn,phxesxsvt07.healthchoiceaz.local
VDI-FIN-021,PoweredOn,phxesxsvt07.healthchoiceaz.local
VDI-FT-002,PoweredOn,phxesxsvt07.healthchoiceaz.local
VDI-FT-005,PoweredOn,phxesxsvt07.healthchoiceaz.local
VDI-FT-007,PoweredOn,phxesxsvt07.healthchoiceaz.local
VDI-FT-019,PoweredOn,phxesxsvt07.healthchoiceaz.local
VDI-FT-023,PoweredOn,phxesxsvt07.healthchoiceaz.local
VDI-FT-026,PoweredOn,phxesxsvt07.healthchoiceaz.local
VDI-MBS-005,PoweredOn,phxesxsvt07.healthchoiceaz.local
VDI-MBS-095,PoweredOn,phxesxsvt07.healthchoiceaz.local
VDI-MBS-106,PoweredOn,phxesxsvt07.healthchoiceaz.local
VDI-MBS-109,PoweredOn,phxesxsvt07.healthchoiceaz.local
VDI-MBS-110,PoweredOn,phxesxsvt07.healthchoiceaz.local
VDI-MBS-160,PoweredOn,phxesxsvt07.healthchoiceaz.local
VDI-MBS-195,PoweredOn,phxesxsvt07.healthchoiceaz.local
VDI-MBS-201,PoweredOn,phxesxsvt07.healthchoiceaz.local
VDI-MBS-202,PoweredOn,phxesxsvt07.healthchoiceaz.local
VDI-PRA-002,PoweredOn,phxesxsvt07.healthchoiceaz.local
VDI-QM-024,PoweredOn,phxesxsvt07.healthchoiceaz.local
VDI-RE-001,PoweredOn,phxesxsvt07.healthchoiceaz.local
VDI-BLUE-012,PoweredOn,phxesxsvt08.healthchoiceaz.local
VDI-BLUE2-049,PoweredOn,phxesxsvt08.healthchoiceaz.local
VDI-BLUE2-050,PoweredOn,phxesxsvt08.healthchoiceaz.local
VDI-BLUE2-053,PoweredOn,phxesxsvt08.healthchoiceaz.local
VDI-BLUE2-056,PoweredOn,phxesxsvt08.healthchoiceaz.local
VDI-BLUE2-062,PoweredOn,phxesxsvt08.healthchoiceaz.local
VDI-BLUE2-068,PoweredOn,phxesxsvt08.healthchoiceaz.local
VDI-BLUE2-084,PoweredOn,phxesxsvt08.healthchoiceaz.local
VDI-BLUE2-100,PoweredOn,phxesxsvt08.healthchoiceaz.local
VDI-BLUE2-102,PoweredOn,phxesxsvt08.healthchoiceaz.local
VDI-BLUE2-107,PoweredOn,phxesxsvt08.healthchoiceaz.local
VDI-BLUE2-115,PoweredOn,phxesxsvt08.healthchoiceaz.local
VDI-BLUE2-126,PoweredOn,phxesxsvt08.healthchoiceaz.local
VDI-BLUE2-131,PoweredOn,phxesxsvt08.healthchoiceaz.local
VDI-BLUE2-153,PoweredOn,phxesxsvt08.healthchoiceaz.local
VDI-BLUE2-169,PoweredOn,phxesxsvt08.healthchoiceaz.local
VDI-BLUE2-171,PoweredOn,phxesxsvt08.healthchoiceaz.local
VDI-BLUE2-181,PoweredOn,phxesxsvt08.healthchoiceaz.local
VDI-BLUE2-194,PoweredOn,phxesxsvt08.healthchoiceaz.local
VDI-BLUE2-250,PoweredOn,phxesxsvt08.healthchoiceaz.local
VDI-BLUE2-259,PoweredOn,phxesxsvt08.healthchoiceaz.local
VDI-BLUE2-278,PoweredOn,phxesxsvt08.healthchoiceaz.local
VDI-BLUE2-334,PoweredOn,phxesxsvt08.healthchoiceaz.local
VDI-BLUE2-342,PoweredOn,phxesxsvt08.healthchoiceaz.local
VDI-CLA-014,PoweredOn,phxesxsvt08.healthchoiceaz.local
VDI-CLA-050,PoweredOn,phxesxsvt08.healthchoiceaz.local
VDI-CLA-100,PoweredOn,phxesxsvt08.healthchoiceaz.local
VDI-CLA-123,PoweredOn,phxesxsvt08.healthchoiceaz.local
VDI-FIN-001,PoweredOn,phxesxsvt08.healthchoiceaz.local
VDI-FIN-007,PoweredOn,phxesxsvt08.healthchoiceaz.local
VDI-FIN-014,PoweredOn,phxesxsvt08.healthchoiceaz.local
VDI-FIN-022,PoweredOn,phxesxsvt08.healthchoiceaz.local
VDI-FT-004,PoweredOn,phxesxsvt08.healthchoiceaz.local
VDI-FT-016,PoweredOn,phxesxsvt08.healthchoiceaz.local
VDI-FT-025,PoweredOn,phxesxsvt08.healthchoiceaz.local
VDI-IS-077,PoweredOn,phxesxsvt08.healthchoiceaz.local
VDI-MBS-004,PoweredOn,phxesxsvt08.healthchoiceaz.local
VDI-MBS-007,PoweredOn,phxesxsvt08.healthchoiceaz.local
VDI-MBS-010,PoweredOn,phxesxsvt08.healthchoiceaz.local
VDI-MBS-011,PoweredOn,phxesxsvt08.healthchoiceaz.local
VDI-MBS-029,PoweredOn,phxesxsvt08.healthchoiceaz.local
VDI-MBS-189,PoweredOn,phxesxsvt08.healthchoiceaz.local
VDI-MBS-203,PoweredOn,phxesxsvt08.healthchoiceaz.local
VDI-MBS-207,PoweredOn,phxesxsvt08.healthchoiceaz.local
VDI-MBS-210,PoweredOn,phxesxsvt08.healthchoiceaz.local
VDI-MBS-211,PoweredOn,phxesxsvt08.healthchoiceaz.local
VDI-MBS-212,PoweredOn,phxesxsvt08.healthchoiceaz.local
VDI-MBS-219,PoweredOn,phxesxsvt08.healthchoiceaz.local
VDI-PRA-070,PoweredOn,phxesxsvt08.healthchoiceaz.local
VDI-RX006,PoweredOn,phxesxsvt08.healthchoiceaz.local
OmniStackVC-10-154-25-106,PoweredOn,phxesxsvt09.healthchoiceaz.local
VDI-BLUE-014,PoweredOn,phxesxsvt09.healthchoiceaz.local
VDI-BLUE2-003,PoweredOn,phxesxsvt09.healthchoiceaz.local
VDI-BLUE2-006,PoweredOn,phxesxsvt09.healthchoiceaz.local
VDI-BLUE2-029,PoweredOn,phxesxsvt09.healthchoiceaz.local
VDI-BLUE2-031,PoweredOn,phxesxsvt09.healthchoiceaz.local
VDI-BLUE2-038,PoweredOn,phxesxsvt09.healthchoiceaz.local
VDI-BLUE2-043,PoweredOn,phxesxsvt09.healthchoiceaz.local
VDI-BLUE2-048,PoweredOn,phxesxsvt09.healthchoiceaz.local
VDI-BLUE2-070,PoweredOn,phxesxsvt09.healthchoiceaz.local
VDI-BLUE2-109,PoweredOn,phxesxsvt09.healthchoiceaz.local
VDI-BLUE2-113,PoweredOn,phxesxsvt09.healthchoiceaz.local
VDI-BLUE2-123,PoweredOn,phxesxsvt09.healthchoiceaz.local
VDI-BLUE2-139,PoweredOn,phxesxsvt09.healthchoiceaz.local
VDI-BLUE2-143,PoweredOn,phxesxsvt09.healthchoiceaz.local
VDI-BLUE2-145,PoweredOn,phxesxsvt09.healthchoiceaz.local
VDI-BLUE2-148,PoweredOn,phxesxsvt09.healthchoiceaz.local
VDI-BLUE2-155,PoweredOn,phxesxsvt09.healthchoiceaz.local
VDI-BLUE2-163,PoweredOn,phxesxsvt09.healthchoiceaz.local
VDI-BLUE2-164,PoweredOn,phxesxsvt09.healthchoiceaz.local
VDI-BLUE2-167,PoweredOn,phxesxsvt09.healthchoiceaz.local
VDI-BLUE2-168,PoweredOn,phxesxsvt09.healthchoiceaz.local
VDI-BLUE2-179,PoweredOn,phxesxsvt09.healthchoiceaz.local
VDI-BLUE2-219,PoweredOn,phxesxsvt09.healthchoiceaz.local
VDI-BLUE2-220,PoweredOn,phxesxsvt09.healthchoiceaz.local
VDI-BLUE2-228,PoweredOn,phxesxsvt09.healthchoiceaz.local
VDI-BLUE2-229,PoweredOn,phxesxsvt09.healthchoiceaz.local
VDI-BLUE2-243,PoweredOn,phxesxsvt09.healthchoiceaz.local
VDI-BLUE2-246,PoweredOn,phxesxsvt09.healthchoiceaz.local
VDI-BLUE2-256,PoweredOn,phxesxsvt09.healthchoiceaz.local
VDI-BLUE2-267,PoweredOn,phxesxsvt09.healthchoiceaz.local
VDI-BLUE2-280,PoweredOn,phxesxsvt09.healthchoiceaz.local
VDI-BLUE2-283,PoweredOn,phxesxsvt09.healthchoiceaz.local
VDI-BLUE2-285,PoweredOn,phxesxsvt09.healthchoiceaz.local
VDI-BLUE2-287,PoweredOn,phxesxsvt09.healthchoiceaz.local
VDI-BLUE2-288,PoweredOn,phxesxsvt09.healthchoiceaz.local
VDI-BLUE2-292,PoweredOn,phxesxsvt09.healthchoiceaz.local
VDI-BLUE2-296,PoweredOn,phxesxsvt09.healthchoiceaz.local
VDI-BLUE2-298,PoweredOn,phxesxsvt09.healthchoiceaz.local
VDI-BLUE2-326,PoweredOn,phxesxsvt09.healthchoiceaz.local
VDI-BLUE2-340,PoweredOn,phxesxsvt09.healthchoiceaz.local
VDI-BLUE2-345,PoweredOn,phxesxsvt09.healthchoiceaz.local
VDI-BLUE2-353,PoweredOn,phxesxsvt09.healthchoiceaz.local
VDI-CLA-001,PoweredOn,phxesxsvt09.healthchoiceaz.local
VDI-CLA-079,PoweredOn,phxesxsvt09.healthchoiceaz.local
VDI-CLA-106,PoweredOn,phxesxsvt09.healthchoiceaz.local
VDI-CLA-110,PoweredOn,phxesxsvt09.healthchoiceaz.local
VDI-CLA-115,PoweredOn,phxesxsvt09.healthchoiceaz.local
VDI-CLA-124,PoweredOn,phxesxsvt09.healthchoiceaz.local
VDI-DR-MCC-003,PoweredOn,phxesxsvt09.healthchoiceaz.local
VDI-IS-001,PoweredOn,phxesxsvt09.healthchoiceaz.local
VDI-IS-016,PoweredOn,phxesxsvt09.healthchoiceaz.local
VDI-MBS-191,PoweredOn,phxesxsvt09.healthchoiceaz.local
VDI-MBS-198,PoweredOn,phxesxsvt09.healthchoiceaz.local
VDI-MBS-200,PoweredOn,phxesxsvt09.healthchoiceaz.local
VDI-MBS-205,PoweredOn,phxesxsvt09.healthchoiceaz.local
VDI-MBS-213,PoweredOn,phxesxsvt09.healthchoiceaz.local
VDI-MBS-215,PoweredOn,phxesxsvt09.healthchoiceaz.local
VDI-MBS-216,PoweredOn,phxesxsvt09.healthchoiceaz.local
VDI-MBS-217,PoweredOn,phxesxsvt09.healthchoiceaz.local
VDI-MBS-218,PoweredOn,phxesxsvt09.healthchoiceaz.local
VDI-BLUE2-042,PoweredOn,phxesxsvt10.healthchoiceaz.local
VDI-BLUE2-046,PoweredOn,phxesxsvt10.healthchoiceaz.local
VDI-BLUE2-350,PoweredOn,phxesxsvt10.healthchoiceaz.local
VDI-CLA-010,PoweredOn,phxesxsvt10.healthchoiceaz.local
VDI-CLA-012,PoweredOn,phxesxsvt10.healthchoiceaz.local
VDI-CLA-013,PoweredOn,phxesxsvt10.healthchoiceaz.local
VDI-CLA-017,PoweredOn,phxesxsvt10.healthchoiceaz.local
VDI-CLA-031,PoweredOn,phxesxsvt10.healthchoiceaz.local
VDI-CLA-038,PoweredOn,phxesxsvt10.healthchoiceaz.local
VDI-CLA-042,PoweredOn,phxesxsvt10.healthchoiceaz.local
VDI-CLA-043,PoweredOn,phxesxsvt10.healthchoiceaz.local
VDI-CLA-046,PoweredOn,phxesxsvt10.healthchoiceaz.local
VDI-CLA-055,PoweredOn,phxesxsvt10.healthchoiceaz.local
VDI-CLA-056,PoweredOn,phxesxsvt10.healthchoiceaz.local
VDI-CLA-057,PoweredOn,phxesxsvt10.healthchoiceaz.local
VDI-CLA-060,PoweredOn,phxesxsvt10.healthchoiceaz.local
VDI-CLA-062,PoweredOn,phxesxsvt10.healthchoiceaz.local
VDI-CLA-065,PoweredOn,phxesxsvt10.healthchoiceaz.local
VDI-CLA-067,PoweredOn,phxesxsvt10.healthchoiceaz.local
VDI-CLA-073,PoweredOn,phxesxsvt10.healthchoiceaz.local
VDI-CLA-074,PoweredOn,phxesxsvt10.healthchoiceaz.local
VDI-CLA-080,PoweredOn,phxesxsvt10.healthchoiceaz.local
VDI-CLA-090,PoweredOn,phxesxsvt10.healthchoiceaz.local
VDI-CLA-091,PoweredOn,phxesxsvt10.healthchoiceaz.local
VDI-CMA-019,PoweredOn,phxesxsvt10.healthchoiceaz.local
VDI-EPSDT-001,PoweredOn,phxesxsvt10.healthchoiceaz.local
VDI-EPSDT-004,PoweredOn,phxesxsvt10.healthchoiceaz.local
VDI-FIN-016,PoweredOn,phxesxsvt10.healthchoiceaz.local
VDI-MBS-001,PoweredOn,phxesxsvt10.healthchoiceaz.local
VDI-MBS-012,PoweredOn,phxesxsvt10.healthchoiceaz.local
VDI-MBS-017,PoweredOn,phxesxsvt10.healthchoiceaz.local
VDI-MBS-050,PoweredOn,phxesxsvt10.healthchoiceaz.local
VDI-MBS-077,PoweredOn,phxesxsvt10.healthchoiceaz.local
VDI-MBS-079,PoweredOn,phxesxsvt10.healthchoiceaz.local
VDI-MBS-089,PoweredOn,phxesxsvt10.healthchoiceaz.local
VDI-MBS-118,PoweredOn,phxesxsvt10.healthchoiceaz.local
VDI-MBS-122,PoweredOn,phxesxsvt10.healthchoiceaz.local
VDI-MBS-163,PoweredOn,phxesxsvt10.healthchoiceaz.local
VDI-MBS-214,PoweredOn,phxesxsvt10.healthchoiceaz.local
VDI-PDM2-002,PoweredOn,phxesxsvt10.healthchoiceaz.local
VDI-PDM2-004,PoweredOn,phxesxsvt10.healthchoiceaz.local
VDI-PRA-033,PoweredOn,phxesxsvt10.healthchoiceaz.local
VDI-QM-002,PoweredOn,phxesxsvt10.healthchoiceaz.local
VDI-RX009,PoweredOn,phxesxsvt10.healthchoiceaz.local
VDI-RX023,PoweredOn,phxesxsvt10.healthchoiceaz.local
VDI-BLUE2-118,PoweredOn,phxesxsvt11.healthchoiceaz.local
VDI-CLA-006,PoweredOn,phxesxsvt11.healthchoiceaz.local
VDI-CLA-022,PoweredOn,phxesxsvt11.healthchoiceaz.local
VDI-CLA-026,PoweredOn,phxesxsvt11.healthchoiceaz.local
VDI-CLA-027,PoweredOn,phxesxsvt11.healthchoiceaz.local
VDI-CLA-039,PoweredOn,phxesxsvt11.healthchoiceaz.local
VDI-CLA-041,PoweredOn,phxesxsvt11.healthchoiceaz.local
VDI-CLA-045,PoweredOn,phxesxsvt11.healthchoiceaz.local
VDI-CLA-051,PoweredOn,phxesxsvt11.healthchoiceaz.local
VDI-CLA-058,PoweredOn,phxesxsvt11.healthchoiceaz.local
VDI-CLA-059,PoweredOn,phxesxsvt11.healthchoiceaz.local
VDI-CLA-061,PoweredOn,phxesxsvt11.healthchoiceaz.local
VDI-CLA-069,PoweredOn,phxesxsvt11.healthchoiceaz.local
VDI-CLA-076,PoweredOn,phxesxsvt11.healthchoiceaz.local
VDI-CLA-082,PoweredOn,phxesxsvt11.healthchoiceaz.local
VDI-CLA-086,PoweredOn,phxesxsvt11.healthchoiceaz.local
VDI-CLA-088,PoweredOn,phxesxsvt11.healthchoiceaz.local
VDI-CLA-095,PoweredOn,phxesxsvt11.healthchoiceaz.local
VDI-CLA-096,PoweredOn,phxesxsvt11.healthchoiceaz.local
VDI-FIN-009,PoweredOn,phxesxsvt11.healthchoiceaz.local
VDI-IS-027,PoweredOn,phxesxsvt11.healthchoiceaz.local
VDI-IS-038,PoweredOn,phxesxsvt11.healthchoiceaz.local
VDI-MBS-002,PoweredOn,phxesxsvt11.healthchoiceaz.local
VDI-MBS-013,PoweredOn,phxesxsvt11.healthchoiceaz.local
VDI-MBS-046,PoweredOn,phxesxsvt11.healthchoiceaz.local
VDI-MBS-049,PoweredOn,phxesxsvt11.healthchoiceaz.local
VDI-MBS-054,PoweredOn,phxesxsvt11.healthchoiceaz.local
VDI-MBS-059,PoweredOn,phxesxsvt11.healthchoiceaz.local
VDI-MBS-063,PoweredOn,phxesxsvt11.healthchoiceaz.local
VDI-MBS-080,PoweredOn,phxesxsvt11.healthchoiceaz.local
VDI-MBS-098,PoweredOn,phxesxsvt11.healthchoiceaz.local
VDI-MBS-104,PoweredOn,phxesxsvt11.healthchoiceaz.local
VDI-MBS-130,PoweredOn,phxesxsvt11.healthchoiceaz.local
VDI-MBS-132,PoweredOn,phxesxsvt11.healthchoiceaz.local
VDI-MBS-144,PoweredOn,phxesxsvt11.healthchoiceaz.local
VDI-MBS-155,PoweredOn,phxesxsvt11.healthchoiceaz.local
VDI-MBS-165,PoweredOn,phxesxsvt11.healthchoiceaz.local
VDI-NS-001,PoweredOn,phxesxsvt11.healthchoiceaz.local
VDI-PDM2-007,PoweredOn,phxesxsvt11.healthchoiceaz.local
VDI-PRA-047,PoweredOn,phxesxsvt11.healthchoiceaz.local
VDI-PRA-060,PoweredOn,phxesxsvt11.healthchoiceaz.local
VDI-RX014,PoweredOn,phxesxsvt11.healthchoiceaz.local
VDI-RX021,PoweredOn,phxesxsvt11.healthchoiceaz.local
VDI-UR-022,PoweredOn,phxesxsvt11.healthchoiceaz.local
VDI-BLUE2-057,PoweredOn,phxesxsvt12.healthchoiceaz.local
VDI-BLUE2-087,PoweredOn,phxesxsvt12.healthchoiceaz.local
VDI-BLUE2-112,PoweredOn,phxesxsvt12.healthchoiceaz.local
VDI-BLUE2-114,PoweredOn,phxesxsvt12.healthchoiceaz.local
VDI-BLUE2-232,PoweredOn,phxesxsvt12.healthchoiceaz.local
VDI-CLA-009,PoweredOn,phxesxsvt12.healthchoiceaz.local
VDI-CLA-035,PoweredOn,phxesxsvt12.healthchoiceaz.local
VDI-CLA-044,PoweredOn,phxesxsvt12.healthchoiceaz.local
VDI-CLA-054,PoweredOn,phxesxsvt12.healthchoiceaz.local
VDI-CLA-112,PoweredOn,phxesxsvt12.healthchoiceaz.local
VDI-CLA-121,PoweredOn,phxesxsvt12.healthchoiceaz.local
VDI-CLA-125,PoweredOn,phxesxsvt12.healthchoiceaz.local
VDI-CLA-128,PoweredOn,phxesxsvt12.healthchoiceaz.local
VDI-FIN-006,PoweredOn,phxesxsvt12.healthchoiceaz.local
VDI-FIN-024,PoweredOn,phxesxsvt12.healthchoiceaz.local
VDI-IS-015,PoweredOn,phxesxsvt12.healthchoiceaz.local
VDI-IS-029,PoweredOn,phxesxsvt12.healthchoiceaz.local
VDI-IS-032,PoweredOn,phxesxsvt12.healthchoiceaz.local
VDI-IS-046,PoweredOn,phxesxsvt12.healthchoiceaz.local
VDI-IS-057,PoweredOn,phxesxsvt12.healthchoiceaz.local
VDI-IS-061,PoweredOn,phxesxsvt12.healthchoiceaz.local
VDI-IS-079,PoweredOn,phxesxsvt12.healthchoiceaz.local
VDI-MBS-009,PoweredOn,phxesxsvt12.healthchoiceaz.local
VDI-MBS-016,PoweredOn,phxesxsvt12.healthchoiceaz.local
VDI-MBS-021,PoweredOn,phxesxsvt12.healthchoiceaz.local
VDI-MBS-026,PoweredOn,phxesxsvt12.healthchoiceaz.local
VDI-MBS-041,PoweredOn,phxesxsvt12.healthchoiceaz.local
VDI-MBS-053,PoweredOn,phxesxsvt12.healthchoiceaz.local
VDI-MBS-065,PoweredOn,phxesxsvt12.healthchoiceaz.local
VDI-MBS-071,PoweredOn,phxesxsvt12.healthchoiceaz.local
VDI-MBS-072,PoweredOn,phxesxsvt12.healthchoiceaz.local
VDI-MBS-076,PoweredOn,phxesxsvt12.healthchoiceaz.local
VDI-MBS-099,PoweredOn,phxesxsvt12.healthchoiceaz.local
VDI-MBS-108,PoweredOn,phxesxsvt12.healthchoiceaz.local
VDI-MBS-128,PoweredOn,phxesxsvt12.healthchoiceaz.local
VDI-MBS-164,PoweredOn,phxesxsvt12.healthchoiceaz.local
VDI-MBS-187,PoweredOn,phxesxsvt12.healthchoiceaz.local
VDI-MBS-192,PoweredOn,phxesxsvt12.healthchoiceaz.local
VDI-MBS-209,PoweredOn,phxesxsvt12.healthchoiceaz.local
VDI-PDM2-001,PoweredOn,phxesxsvt12.healthchoiceaz.local
VDI-PDM2-003,PoweredOn,phxesxsvt12.healthchoiceaz.local
VDI-PRA-061,PoweredOn,phxesxsvt12.healthchoiceaz.local
VDI-BLUE2-027,PoweredOn,phxesxsvt13.healthchoiceaz.local
VDI-BLUE2-052,PoweredOn,phxesxsvt13.healthchoiceaz.local
VDI-BLUE2-066,PoweredOn,phxesxsvt13.healthchoiceaz.local
VDI-BLUE2-077,PoweredOn,phxesxsvt13.healthchoiceaz.local
VDI-BLUE2-078,PoweredOn,phxesxsvt13.healthchoiceaz.local
VDI-BLUE2-079,PoweredOn,phxesxsvt13.healthchoiceaz.local
VDI-BLUE2-089,PoweredOn,phxesxsvt13.healthchoiceaz.local
VDI-BLUE2-135,PoweredOn,phxesxsvt13.healthchoiceaz.local
VDI-BLUE2-188,PoweredOn,phxesxsvt13.healthchoiceaz.local
VDI-BLUE2-226,PoweredOn,phxesxsvt13.healthchoiceaz.local
VDI-BLUE2-293,PoweredOn,phxesxsvt13.healthchoiceaz.local
VDI-CLA-019,PoweredOn,phxesxsvt13.healthchoiceaz.local
VDI-CLA-030,PoweredOn,phxesxsvt13.healthchoiceaz.local
VDI-CLA-089,PoweredOn,phxesxsvt13.healthchoiceaz.local
VDI-CLA-130,PoweredOn,phxesxsvt13.healthchoiceaz.local
VDI-FIN-004,PoweredOn,phxesxsvt13.healthchoiceaz.local
VDI-FIN-013,PoweredOn,phxesxsvt13.healthchoiceaz.local
VDI-FIN-019,PoweredOn,phxesxsvt13.healthchoiceaz.local
VDI-FT-009,PoweredOn,phxesxsvt13.healthchoiceaz.local
VDI-FT-012,PoweredOn,phxesxsvt13.healthchoiceaz.local
VDI-FT-020,PoweredOn,phxesxsvt13.healthchoiceaz.local
VDI-IS-005,PoweredOn,phxesxsvt13.healthchoiceaz.local
VDI-IS-008,PoweredOn,phxesxsvt13.healthchoiceaz.local
VDI-IS-010,PoweredOn,phxesxsvt13.healthchoiceaz.local
VDI-IS-014,PoweredOn,phxesxsvt13.healthchoiceaz.local
VDI-IS-017,PoweredOn,phxesxsvt13.healthchoiceaz.local
VDI-IS-018,PoweredOn,phxesxsvt13.healthchoiceaz.local
VDI-IS-030,PoweredOn,phxesxsvt13.healthchoiceaz.local
VDI-IS-033,PoweredOn,phxesxsvt13.healthchoiceaz.local
VDI-IS-064,PoweredOn,phxesxsvt13.healthchoiceaz.local
VDI-IS-069,PoweredOn,phxesxsvt13.healthchoiceaz.local
VDI-MBS-006,PoweredOn,phxesxsvt13.healthchoiceaz.local
VDI-MBS-008,PoweredOn,phxesxsvt13.healthchoiceaz.local
VDI-MBS-022,PoweredOn,phxesxsvt13.healthchoiceaz.local
VDI-MBS-028,PoweredOn,phxesxsvt13.healthchoiceaz.local
VDI-MBS-033,PoweredOn,phxesxsvt13.healthchoiceaz.local
VDI-MBS-036,PoweredOn,phxesxsvt13.healthchoiceaz.local
VDI-MBS-060,PoweredOn,phxesxsvt13.healthchoiceaz.local
VDI-MBS-062,PoweredOn,phxesxsvt13.healthchoiceaz.local
VDI-MBS-073,PoweredOn,phxesxsvt13.healthchoiceaz.local
VDI-MBS-091,PoweredOn,phxesxsvt13.healthchoiceaz.local
VDI-MBS-111,PoweredOn,phxesxsvt13.healthchoiceaz.local
VDI-MBS-143,PoweredOn,phxesxsvt13.healthchoiceaz.local
VDI-MBS-194,PoweredOn,phxesxsvt13.healthchoiceaz.local
VDI-MBS-196,PoweredOn,phxesxsvt13.healthchoiceaz.local
VDI-MBS-197,PoweredOn,phxesxsvt13.healthchoiceaz.local
DMZAD02,PoweredOn,vm-phx-dmz01.healthchoiceaz.local
DMZCHAT01,PoweredOn,vm-phx-dmz01.healthchoiceaz.local
PHXHVSEC01,PoweredOn,vm-phx-dmz01.healthchoiceaz.local
