am-dmz-gvm101,PoweredOn,tdc-d07-ch101.bcbsaz.com
baz-mqweb4v,PoweredOn,tdc-d07-ch101.bcbsaz.com
eaz-mqweb2v,PoweredOn,tdc-d07-ch101.bcbsaz.com
md-was-fw01n01,PoweredOn,tdc-d07-ch101.bcbsaz.com
Mt-wap-a01,PoweredOn,tdc-d07-ch101.bcbsaz.com
mt-wap-a02,PoweredOn,tdc-d07-ch101.bcbsaz.com
mt-was-fw02n01,PoweredOn,tdc-d07-ch101.bcbsaz.com
mt-was-fw02n02,PoweredOn,tdc-d07-ch101.bcbsaz.com
vCLS-ca8960f5-330a-45a3-8880-a6455aeead90,PoweredOn,tdc-d07-ch101.bcbsaz.com
am-dmz-gvm102,PoweredOn,tdc-d07-ch102.bcbsaz.com
md-was-w02,PoweredOn,tdc-d07-ch102.bcbsaz.com
mt-was-fw01n01,PoweredOn,tdc-d07-ch102.bcbsaz.com
mu-was-w01,PoweredOn,tdc-d07-ch102.bcbsaz.com
Test-Tealeaf-10-1,PoweredOn,tdc-d07-ch102.bcbsaz.com
vCLS-6737bdae-1dd9-42f1-8abb-474a17014c95,PoweredOn,tdc-d07-ch102.bcbsaz.com
am-dmz-gvm103,PoweredOn,tdc-d07-ch103.bcbsaz.com
D1PA,PoweredOn,tdc-d07-ch103.bcbsaz.com
dc-wdf-ad01,PoweredOn,tdc-d07-ch103.bcbsaz.com
lf-mbp-w02,PoweredOn,tdc-d07-ch103.bcbsaz.com
MP-ALR-FW01,PoweredOn,tdc-d07-ch103.bcbsaz.com
mp-mgw-w02,PoweredOn,tdc-d07-ch103.bcbsaz.com
mp-sfg-a04,PoweredOn,tdc-d07-ch103.bcbsaz.com
mp-was-w02,PoweredOn,tdc-d07-ch103.bcbsaz.com
mq-was-w01,PoweredOn,tdc-d07-ch103.bcbsaz.com
ms-scr-fw01n02,PoweredOn,tdc-d07-ch103.bcbsaz.com
ms-sfg-a04,PoweredOn,tdc-d07-ch103.bcbsaz.com
ms-SI0-w01,PoweredOn,tdc-d07-ch103.bcbsaz.com
Z-VRA-tdc-d07-ch103.bcbsaz.com,PoweredOn,tdc-d07-ch103.bcbsaz.com
al-nes-a01,PoweredOn,tdc-d07-ch104.bcbsaz.com
al-tnm-a01,PoweredOn,tdc-d07-ch104.bcbsaz.com
am-dmz-gvm104,PoweredOn,tdc-d07-ch104.bcbsaz.com
D1PP,PoweredOn,tdc-d07-ch104.bcbsaz.com
FLGWEB01,PoweredOn,tdc-d07-ch104.bcbsaz.com
lf-mbp-w01,PoweredOn,tdc-d07-ch104.bcbsaz.com
LP-HCR-SA01,PoweredOn,tdc-d07-ch104.bcbsaz.com
lp-mbp-w02,PoweredOn,tdc-d07-ch104.bcbsaz.com
lp-nes-a12,PoweredOn,tdc-d07-ch104.bcbsaz.com
mf-was-w03,PoweredOn,tdc-d07-ch104.bcbsaz.com
mp-doc-sd01,PoweredOn,tdc-d07-ch104.bcbsaz.com
mp-mgw-w01,PoweredOn,tdc-d07-ch104.bcbsaz.com
mp-was-w01,PoweredOn,tdc-d07-ch104.bcbsaz.com
ms-sfg-a03,PoweredOn,tdc-d07-ch104.bcbsaz.com
ms-was-w02,PoweredOn,tdc-d07-ch104.bcbsaz.com
mt-prx-w01,PoweredOn,tdc-d07-ch104.bcbsaz.com
vCLS-68bfd10e-bd1d-49ab-acb4-f7e820a3097b,PoweredOn,tdc-d07-ch104.bcbsaz.com
Z-VRA-tdc-d07-ch104.bcbsaz.com,PoweredOn,tdc-d07-ch104.bcbsaz.com
am-dmz-gvm111,PoweredOn,tdc-d07-ch111.bcbsaz.com
D1MOD,PoweredOn,tdc-d07-ch111.bcbsaz.com
D1MOD2,PoweredOn,tdc-d07-ch111.bcbsaz.com
MD-ALR-SW01,PoweredOn,tdc-d07-ch111.bcbsaz.com
MD-VLT-SA01,PoweredOn,tdc-d07-ch111.bcbsaz.com
MD-WAS-SW04,PoweredOn,tdc-d07-ch111.bcbsaz.com
vCLS-c27f8013-3cef-41c9-bebe-91adce40057c,PoweredOn,tdc-d07-ch111.bcbsaz.com
am-dmz-gvm112,PoweredOn,tdc-d07-ch112.bcbsaz.com
baz-mqweb3v,PoweredOn,tdc-d07-ch112.bcbsaz.com
eaz-mqweb1v,PoweredOn,tdc-d07-ch112.bcbsaz.com
md-was-fw01n02,PoweredOn,tdc-d07-ch112.bcbsaz.com
MT-VLT-SA01,PoweredOn,tdc-d07-ch112.bcbsaz.com
mt-was-fw01n02,PoweredOn,tdc-d07-ch112.bcbsaz.com
mu-idn-a04,PoweredOn,tdc-d07-ch112.bcbsaz.com
am-dmz-gvm113,PoweredOn,tdc-d07-ch113.bcbsaz.com
AM-WSA-A03,PoweredOn,tdc-d07-ch113.bcbsaz.com
baz-mpa06,PoweredOn,tdc-d07-ch113.bcbsaz.com
D1PD4,PoweredOn,tdc-d07-ch113.bcbsaz.com
dc-wdf-ad02,PoweredOn,tdc-d07-ch113.bcbsaz.com
lf-mbp-w03,PoweredOn,tdc-d07-ch113.bcbsaz.com
lp-mbp-w03,PoweredOn,tdc-d07-ch113.bcbsaz.com
lp-nes-a11,PoweredOn,tdc-d07-ch113.bcbsaz.com
lp-nes-sa01,PoweredOn,tdc-d07-ch113.bcbsaz.com
ls-mbp-w01,PoweredOn,tdc-d07-ch113.bcbsaz.com
ls-mbp-w03,PoweredOn,tdc-d07-ch113.bcbsaz.com
mf-was-w01,PoweredOn,tdc-d07-ch113.bcbsaz.com
mm-web-sw04,PoweredOn,tdc-d07-ch113.bcbsaz.com
MP-FSR-A01,PoweredOn,tdc-d07-ch113.bcbsaz.com
mp-idn-a04,PoweredOn,tdc-d07-ch113.bcbsaz.com
mp-sfg-a03,PoweredOn,tdc-d07-ch113.bcbsaz.com
mp-SI0-w02,PoweredOn,tdc-d07-ch113.bcbsaz.com
mp-SSB-a02,PoweredOn,tdc-d07-ch113.bcbsaz.com
mp-was-w03,PoweredOn,tdc-d07-ch113.bcbsaz.com
ms-was-w01,PoweredOn,tdc-d07-ch113.bcbsaz.com
NAPP13,PoweredOn,tdc-d07-ch113.bcbsaz.com
vCLS-d4ea0f16-1f3f-4847-b0a8-e05f25cd2535,PoweredOn,tdc-d07-ch113.bcbsaz.com
Z-VRA-tdc-d07-ch113.bcbsaz.com,PoweredOn,tdc-d07-ch113.bcbsaz.com
al-nes-a02,PoweredOn,tdc-d07-ch114.bcbsaz.com
am-dmz-gvm114,PoweredOn,tdc-d07-ch114.bcbsaz.com
am-idr-a01,PoweredOn,tdc-d07-ch114.bcbsaz.com
D1PP2,PoweredOn,tdc-d07-ch114.bcbsaz.com
dc-doc-ad01,PoweredOn,tdc-d07-ch114.bcbsaz.com
dc-doc-ad02,PoweredOn,tdc-d07-ch114.bcbsaz.com
eaz-msvc1,PoweredOn,tdc-d07-ch114.bcbsaz.com
lp-mbp-w01,PoweredOn,tdc-d07-ch114.bcbsaz.com
lp-nes-a10,PoweredOn,tdc-d07-ch114.bcbsaz.com
lp-nes-sa02,PoweredOn,tdc-d07-ch114.bcbsaz.com
lp-nes-sa03,PoweredOn,tdc-d07-ch114.bcbsaz.com
ls-mbp-w02,PoweredOn,tdc-d07-ch114.bcbsaz.com
mf-was-w02,PoweredOn,tdc-d07-ch114.bcbsaz.com
MM-DOC-SF01,PoweredOn,tdc-d07-ch114.bcbsaz.com
MP-ALR-FW02,PoweredOn,tdc-d07-ch114.bcbsaz.com
mp-prx-w01,PoweredOn,tdc-d07-ch114.bcbsaz.com
mp-SI0-w01,PoweredOn,tdc-d07-ch114.bcbsaz.com
ms-scr-fw01n01_OLD,PoweredOn,tdc-d07-ch114.bcbsaz.com
ms-scr-sw01,PoweredOn,tdc-d07-ch114.bcbsaz.com
vCLS-6cb9c4ff-fdf9-4083-8209-1163df468ee7,PoweredOn,tdc-d07-ch114.bcbsaz.com
Z-VRA-tdc-d07-ch114.bcbsaz.com,PoweredOn,tdc-d07-ch114.bcbsaz.com
