am-c11-gvm101,PoweredOn,tdc-c11-ch101.bcbsaz.com
FLGDC01-ISO,PoweredOn,tdc-c11-ch101.bcbsaz.com
FLGEXECUTE01,PoweredOn,tdc-c11-ch101.bcbsaz.com
FLGSCCMDP01_Restore-do not delete,PoweredOn,tdc-c11-ch101.bcbsaz.com
FLGSPVAP01,PoweredOn,tdc-c11-ch101.bcbsaz.com
MP-OKT-FLG02,PoweredOn,tdc-c11-ch101.bcbsaz.com
NSQL03,PoweredOn,tdc-c11-ch101.bcbsaz.com
NWEB02,PoweredOn,tdc-c11-ch101.bcbsaz.com
QAPPD01,PoweredOn,tdc-c11-ch101.bcbsaz.com
QAPPD02,PoweredOn,tdc-c11-ch101.bcbsaz.com
QBTSP02,PoweredOn,tdc-c11-ch101.bcbsaz.com
QHUBD01,PoweredOn,tdc-c11-ch101.bcbsaz.com
QSQLD03,PoweredOn,tdc-c11-ch101.bcbsaz.com
QSQLP01,PoweredOn,tdc-c11-ch101.bcbsaz.com
QSQLP02,PoweredOn,tdc-c11-ch101.bcbsaz.com
QSQLP03-New,PoweredOn,tdc-c11-ch101.bcbsaz.com
QSQLP05,PoweredOn,tdc-c11-ch101.bcbsaz.com
vCLS-e8982497-894b-4308-b087-55e1b744321b,PoweredOn,tdc-c11-ch101.bcbsaz.com
Z-VRA-tdc-c11-ch101.bcbsaz.com,PoweredOn,tdc-c11-ch101.bcbsaz.com
Z-VRAH-tdc-c11-ch101.bcbsaz.com-65005,PoweredOn,tdc-c11-ch101.bcbsaz.com
am-c11-gvm102,PoweredOn,tdc-c11-ch102.bcbsaz.com
FLGIQSVC01,PoweredOn,tdc-c11-ch102.bcbsaz.com
FLGIQSVCP01,PoweredOn,tdc-c11-ch102.bcbsaz.com
lp-tsd-a02,PoweredOn,tdc-c11-ch102.bcbsaz.com
lp-tsd-a03,PoweredOn,tdc-c11-ch102.bcbsaz.com
lp-tsd-a05,PoweredOn,tdc-c11-ch102.bcbsaz.com
NAPP08,PoweredOn,tdc-c11-ch102.bcbsaz.com
NFS03,PoweredOn,tdc-c11-ch102.bcbsaz.com
NFS04,PoweredOn,tdc-c11-ch102.bcbsaz.com
NSQL04,PoweredOn,tdc-c11-ch102.bcbsaz.com
QBTSD02,PoweredOn,tdc-c11-ch102.bcbsaz.com
Z-VRA-tdc-c11-ch102.bcbsaz.com,PoweredOn,tdc-c11-ch102.bcbsaz.com
Z-VRAH-tdc-c11-ch102.bcbsaz.com-634017,PoweredOn,tdc-c11-ch102.bcbsaz.com
am-vrn-a01,PoweredOn,tdc-c11-ch103.bcbsaz.com
baz-mPinsx1,PoweredOn,tdc-c11-ch103.bcbsaz.com
baz-mpir52,PoweredOn,tdc-c11-ch103.bcbsaz.com
baz-mpir56,PoweredOn,tdc-c11-ch103.bcbsaz.com
LP-GRD-SA04,PoweredOn,tdc-c11-ch103.bcbsaz.com
LS-IVR-W01,PoweredOn,tdc-c11-ch103.bcbsaz.com
md-DMO-a01,PoweredOn,tdc-c11-ch103.bcbsaz.com
md-edi-w01,PoweredOn,tdc-c11-ch103.bcbsaz.com
md-ONE-a01,PoweredOn,tdc-c11-ch103.bcbsaz.com
md-sql-d74,PoweredOn,tdc-c11-ch103.bcbsaz.com
md-swa-d01,PoweredOn,tdc-c11-ch103.bcbsaz.com
mp-apv-sa01,PoweredOn,tdc-c11-ch103.bcbsaz.com
mp-btl-sa07,PoweredOn,tdc-c11-ch103.bcbsaz.com
mp-cck-a01,PoweredOn,tdc-c11-ch103.bcbsaz.com
mp-cda-a08,PoweredOn,tdc-c11-ch103.bcbsaz.com
mp-CMS-a01,PoweredOn,tdc-c11-ch103.bcbsaz.com
mp-cxc-a01,PoweredOn,tdc-c11-ch103.bcbsaz.com
mp-fam-a01,PoweredOn,tdc-c11-ch103.bcbsaz.com
mp-jen-a02,PoweredOn,tdc-c11-ch103.bcbsaz.com
mp-KWS-a01,PoweredOn,tdc-c11-ch103.bcbsaz.com
mp-snw-a02,PoweredOn,tdc-c11-ch103.bcbsaz.com
mp-sym-a01,PoweredOn,tdc-c11-ch103.bcbsaz.com
mp-tca-a01,PoweredOn,tdc-c11-ch103.bcbsaz.com
mp-tip-a02,PoweredOn,tdc-c11-ch103.bcbsaz.com
mp-wsp-a01,PoweredOn,tdc-c11-ch103.bcbsaz.com
MS-DYN-FW02N01,PoweredOn,tdc-c11-ch103.bcbsaz.com
MS-DYN-FW02N04,PoweredOn,tdc-c11-ch103.bcbsaz.com
ms-int-w03,PoweredOn,tdc-c11-ch103.bcbsaz.com
ms-jer-a46,PoweredOn,tdc-c11-ch103.bcbsaz.com
ms-spt-w01,PoweredOn,tdc-c11-ch103.bcbsaz.com
ms-wss-fw02n03,PoweredOn,tdc-c11-ch103.bcbsaz.com
mt-tst-a01,PoweredOn,tdc-c11-ch103.bcbsaz.com
mu-FOX-a02,PoweredOn,tdc-c11-ch103.bcbsaz.com
mu-sir-a01,PoweredOn,tdc-c11-ch103.bcbsaz.com
Z-VRA-tdc-c11-ch103.bcbsaz.com,PoweredOn,tdc-c11-ch103.bcbsaz.com
al-adm-a05,PoweredOn,tdc-c11-ch106.bcbsaz.com
am-c11-gvm106,PoweredOn,tdc-c11-ch106.bcbsaz.com
ap-idn-a02,PoweredOn,tdc-c11-ch106.bcbsaz.com
lp-acm-a01,PoweredOn,tdc-c11-ch106.bcbsaz.com
LP-IVR-A01,PoweredOn,tdc-c11-ch106.bcbsaz.com
LP-TMO-SA02,PoweredOn,tdc-c11-ch106.bcbsaz.com
md-btk-a01,PoweredOn,tdc-c11-ch106.bcbsaz.com
md-edw-d01,PoweredOn,tdc-c11-ch106.bcbsaz.com
md-IWB-w01,PoweredOn,tdc-c11-ch106.bcbsaz.com
md-sfg-a01,PoweredOn,tdc-c11-ch106.bcbsaz.com
md-SFG-d03,PoweredOn,tdc-c11-ch106.bcbsaz.com
md-tst-a04,PoweredOn,tdc-c11-ch106.bcbsaz.com
mp-abs-a12,PoweredOn,tdc-c11-ch106.bcbsaz.com
MP-APV-SA02,PoweredOn,tdc-c11-ch106.bcbsaz.com
mp-cda-a03,PoweredOn,tdc-c11-ch106.bcbsaz.com
mp-cyb-a03,PoweredOn,tdc-c11-ch106.bcbsaz.com
mp-frs-a03,PoweredOn,tdc-c11-ch106.bcbsaz.com
mp-HVR-a01,PoweredOn,tdc-c11-ch106.bcbsaz.com
mp-idn-a03,PoweredOn,tdc-c11-ch106.bcbsaz.com
mp-ISM-a02,PoweredOn,tdc-c11-ch106.bcbsaz.com
mp-npm-a02,PoweredOn,tdc-c11-ch106.bcbsaz.com
mp-scm-a01,PoweredOn,tdc-c11-ch106.bcbsaz.com
MP-SSR-FA01,PoweredOn,tdc-c11-ch106.bcbsaz.com
mp-zto-a03,PoweredOn,tdc-c11-ch106.bcbsaz.com
mq-was-d02,PoweredOn,tdc-c11-ch106.bcbsaz.com
ms-bts-ca01n02,PoweredOn,tdc-c11-ch106.bcbsaz.com
ms-bts-sa01,PoweredOn,tdc-c11-ch106.bcbsaz.com
ms-tfs-a01,PoweredOn,tdc-c11-ch106.bcbsaz.com
mt-doc-w02,PoweredOn,tdc-c11-ch106.bcbsaz.com
mu-shc-d01,PoweredOn,tdc-c11-ch106.bcbsaz.com
mu-uip-a01,PoweredOn,tdc-c11-ch106.bcbsaz.com
VPCWIN10Base03,PoweredOn,tdc-c11-ch106.bcbsaz.com
Z-VRA-tdc-c11-ch106.bcbsaz.com,PoweredOn,tdc-c11-ch106.bcbsaz.com
ap-pfp-a01,PoweredOn,tdc-c11-ch107.bcbsaz.com
baz-mpniq,PoweredOn,tdc-c11-ch107.bcbsaz.com
ld-elc-d03,PoweredOn,tdc-c11-ch107.bcbsaz.com
ld-tas-a01,PoweredOn,tdc-c11-ch107.bcbsaz.com
lp-acm-a02,PoweredOn,tdc-c11-ch107.bcbsaz.com
lp-api-w05,PoweredOn,tdc-c11-ch107.bcbsaz.com
lp-epm-a04,PoweredOn,tdc-c11-ch107.bcbsaz.com
LP-GRD-SA05,PoweredOn,tdc-c11-ch107.bcbsaz.com
lp-jen-a05,PoweredOn,tdc-c11-ch107.bcbsaz.com
lp-nex-a01,PoweredOn,tdc-c11-ch107.bcbsaz.com
LP-PBX-SA02,PoweredOn,tdc-c11-ch107.bcbsaz.com
lp-ses-a01,PoweredOn,tdc-c11-ch107.bcbsaz.com
ls-api-w07,PoweredOn,tdc-c11-ch107.bcbsaz.com
md-abs-a02,PoweredOn,tdc-c11-ch107.bcbsaz.com
md-bif-d01,PoweredOn,tdc-c11-ch107.bcbsaz.com
md-dmo-d01,PoweredOn,tdc-c11-ch107.bcbsaz.com
md-mtc-d01,PoweredOn,tdc-c11-ch107.bcbsaz.com
md-poc-d02,PoweredOn,tdc-c11-ch107.bcbsaz.com
md-SFG-d02,PoweredOn,tdc-c11-ch107.bcbsaz.com
md-sql-d68,PoweredOn,tdc-c11-ch107.bcbsaz.com
md-tln-d01,PoweredOn,tdc-c11-ch107.bcbsaz.com
mm-CMV-a31,PoweredOn,tdc-c11-ch107.bcbsaz.com
mm-mso-a02,PoweredOn,tdc-c11-ch107.bcbsaz.com
mp-360-a01,PoweredOn,tdc-c11-ch107.bcbsaz.com
mp-ads-a01,PoweredOn,tdc-c11-ch107.bcbsaz.com
MP-ALR-SA01,PoweredOn,tdc-c11-ch107.bcbsaz.com
mp-bts-ca01n01,PoweredOn,tdc-c11-ch107.bcbsaz.com
mp-bts-sa02,PoweredOn,tdc-c11-ch107.bcbsaz.com
mp-dss-a01,PoweredOn,tdc-c11-ch107.bcbsaz.com
mp-enc-a01,PoweredOn,tdc-c11-ch107.bcbsaz.com
mp-etl-fs02,PoweredOn,tdc-c11-ch107.bcbsaz.com
mp-frs-a06,PoweredOn,tdc-c11-ch107.bcbsaz.com
mp-int-w02,PoweredOn,tdc-c11-ch107.bcbsaz.com
mp-MOD-a01,PoweredOn,tdc-c11-ch107.bcbsaz.com
mp-mqs-a02,PoweredOn,tdc-c11-ch107.bcbsaz.com
mp-OKT-a02,PoweredOn,tdc-c11-ch107.bcbsaz.com
mp-OKT-a03,PoweredOn,tdc-c11-ch107.bcbsaz.com
mp-pin-sa01,PoweredOn,tdc-c11-ch107.bcbsaz.com
mp-spt-a09,PoweredOn,tdc-c11-ch107.bcbsaz.com
mp-tlf-a04,PoweredOn,tdc-c11-ch107.bcbsaz.com
mp-wde-a01,PoweredOn,tdc-c11-ch107.bcbsaz.com
mp-wss-fw01n02,PoweredOn,tdc-c11-ch107.bcbsaz.com
MS-ICD-SA01,PoweredOn,tdc-c11-ch107.bcbsaz.com
ms-OKT-a01,PoweredOn,tdc-c11-ch107.bcbsaz.com
ms-spt-a01,PoweredOn,tdc-c11-ch107.bcbsaz.com
ms-viz-a02,PoweredOn,tdc-c11-ch107.bcbsaz.com
mu-cmp-w01,PoweredOn,tdc-c11-ch107.bcbsaz.com
mu-was-d02,PoweredOn,tdc-c11-ch107.bcbsaz.com
Z-VRA-tdc-c11-ch107.bcbsaz.com,PoweredOn,tdc-c11-ch107.bcbsaz.com
au-idn-a02,PoweredOn,tdc-c11-ch108.bcbsaz.com
baz-mabdh1,PoweredOn,tdc-c11-ch108.bcbsaz.com
LP-IVR-A02,PoweredOn,tdc-c11-ch108.bcbsaz.com
lp-lvs-a01,PoweredOn,tdc-c11-ch108.bcbsaz.com
lu-idn-a04,PoweredOn,tdc-c11-ch108.bcbsaz.com
md-rmd-d01,PoweredOn,tdc-c11-ch108.bcbsaz.com
md-tas-a01,PoweredOn,tdc-c11-ch108.bcbsaz.com
md-tst-a03,PoweredOn,tdc-c11-ch108.bcbsaz.com
mf-HVR-a01,PoweredOn,tdc-c11-ch108.bcbsaz.com
mm-CMV-a39,PoweredOn,tdc-c11-ch108.bcbsaz.com
mm-mso-a01,PoweredOn,tdc-c11-ch108.bcbsaz.com
mp-360-a03,PoweredOn,tdc-c11-ch108.bcbsaz.com
mp-abs-a16,PoweredOn,tdc-c11-ch108.bcbsaz.com
mp-ARC-w06,PoweredOn,tdc-c11-ch108.bcbsaz.com
MP-BTS-SS01,PoweredOn,tdc-c11-ch108.bcbsaz.com
mp-cdr-sa01,PoweredOn,tdc-c11-ch108.bcbsaz.com
mp-cxw-w01,PoweredOn,tdc-c11-ch108.bcbsaz.com
mp-cyb-w02,PoweredOn,tdc-c11-ch108.bcbsaz.com
MP-DYN-FW02N02,PoweredOn,tdc-c11-ch108.bcbsaz.com
mp-frs-a01,PoweredOn,tdc-c11-ch108.bcbsaz.com
mp-fxc-a06,PoweredOn,tdc-c11-ch108.bcbsaz.com
mp-gpm-a01,PoweredOn,tdc-c11-ch108.bcbsaz.com
mp-ICC-a01,PoweredOn,tdc-c11-ch108.bcbsaz.com
mp-oid-a01,PoweredOn,tdc-c11-ch108.bcbsaz.com
MP-SSA-FA01,PoweredOn,tdc-c11-ch108.bcbsaz.com
mp-tfs-a06,PoweredOn,tdc-c11-ch108.bcbsaz.com
mp-wss-fw01n06,PoweredOn,tdc-c11-ch108.bcbsaz.com
ms-ARC-w03,PoweredOn,tdc-c11-ch108.bcbsaz.com
ms-bts-sa02,PoweredOn,tdc-c11-ch108.bcbsaz.com
ms-spt-a05,PoweredOn,tdc-c11-ch108.bcbsaz.com
mt-SAS-a01,PoweredOn,tdc-c11-ch108.bcbsaz.com
mu-aip-d01,PoweredOn,tdc-c11-ch108.bcbsaz.com
mu-sec-d01,PoweredOn,tdc-c11-ch108.bcbsaz.com
mu-tlf-a01,PoweredOn,tdc-c11-ch108.bcbsaz.com
mu-tst-a03,PoweredOn,tdc-c11-ch108.bcbsaz.com
Z-VRA-tdc-c11-ch108.bcbsaz.com,PoweredOn,tdc-c11-ch108.bcbsaz.com
Z-VRAH-tdc-c11-ch108.bcbsaz.com-201114,PoweredOn,tdc-c11-ch108.bcbsaz.com
am-c11-gvm111,PoweredOn,tdc-c11-ch111.bcbsaz.com
FLGWORKDAY01,PoweredOn,tdc-c11-ch111.bcbsaz.com
MP-OKT-FLG01,PoweredOn,tdc-c11-ch111.bcbsaz.com
NFS05,PoweredOn,tdc-c11-ch111.bcbsaz.com
QRPTP01,PoweredOn,tdc-c11-ch111.bcbsaz.com
vCLS-86767a74-da7e-42c8-b8c1-99439a89ee51,PoweredOn,tdc-c11-ch111.bcbsaz.com
Z-VRA-tdc-c11-ch111.bcbsaz.com,PoweredOn,tdc-c11-ch111.bcbsaz.com
Z-VRAH-tdc-c11-ch111.bcbsaz.com-381827,PoweredOn,tdc-c11-ch111.bcbsaz.com
am-c11-gvm112,PoweredOn,tdc-c11-ch112.bcbsaz.com
FLGDC02,PoweredOn,tdc-c11-ch112.bcbsaz.com
FLGSPVA01,PoweredOn,tdc-c11-ch112.bcbsaz.com
FLGUMBSYNC01,PoweredOn,tdc-c11-ch112.bcbsaz.com
FLGUMBVA01,PoweredOn,tdc-c11-ch112.bcbsaz.com
FLGUMBVA02,PoweredOn,tdc-c11-ch112.bcbsaz.com
ld-tsd-w01,PoweredOn,tdc-c11-ch112.bcbsaz.com
NAPP10,PoweredOn,tdc-c11-ch112.bcbsaz.com
NAPP12,PoweredOn,tdc-c11-ch112.bcbsaz.com
NAPP14,PoweredOn,tdc-c11-ch112.bcbsaz.com
NSQL01,PoweredOn,tdc-c11-ch112.bcbsaz.com
NSQL06-New,PoweredOn,tdc-c11-ch112.bcbsaz.com
NTFS01,PoweredOn,tdc-c11-ch112.bcbsaz.com
QAPPP01,PoweredOn,tdc-c11-ch112.bcbsaz.com
QAPPP02,PoweredOn,tdc-c11-ch112.bcbsaz.com
QAPPP03,PoweredOn,tdc-c11-ch112.bcbsaz.com
QAPPP04,PoweredOn,tdc-c11-ch112.bcbsaz.com
QHUBP01,PoweredOn,tdc-c11-ch112.bcbsaz.com
QSQLD01,PoweredOn,tdc-c11-ch112.bcbsaz.com
vCLS-0835c8e1-207d-4294-9e61-fe9ad6b46411,PoweredOn,tdc-c11-ch112.bcbsaz.com
Z-VRA-tdc-c11-ch112.bcbsaz.com,PoweredOn,tdc-c11-ch112.bcbsaz.com
Z-VRAH-tdc-c11-ch112.bcbsaz.com-34506,PoweredOn,tdc-c11-ch112.bcbsaz.com
ap-pfp-a02,PoweredOn,tdc-c11-ch113.bcbsaz.com
au-idn-a01,PoweredOn,tdc-c11-ch113.bcbsaz.com
baz-mpir51,PoweredOn,tdc-c11-ch113.bcbsaz.com
DC-TAZ-AD02,PoweredOn,tdc-c11-ch113.bcbsaz.com
ld-api-w04,PoweredOn,tdc-c11-ch113.bcbsaz.com
ld-spl-a01,PoweredOn,tdc-c11-ch113.bcbsaz.com
lp-aes-a04,PoweredOn,tdc-c11-ch113.bcbsaz.com
lp-epm-a02,PoweredOn,tdc-c11-ch113.bcbsaz.com
LP-GRD-SA03,PoweredOn,tdc-c11-ch113.bcbsaz.com
lp-ivr-w03,PoweredOn,tdc-c11-ch113.bcbsaz.com
lp-rsa-fa01,PoweredOn,tdc-c11-ch113.bcbsaz.com
md-crm-a01,PoweredOn,tdc-c11-ch113.bcbsaz.com
md-FXC-a03,PoweredOn,tdc-c11-ch113.bcbsaz.com
md-vlc-a01,PoweredOn,tdc-c11-ch113.bcbsaz.com
md-vlc-d01,PoweredOn,tdc-c11-ch113.bcbsaz.com
mf-ldr-a15,PoweredOn,tdc-c11-ch113.bcbsaz.com
mf-ldr-a18,PoweredOn,tdc-c11-ch113.bcbsaz.com
mf-ldr-a19,PoweredOn,tdc-c11-ch113.bcbsaz.com
mm-mso-a03,PoweredOn,tdc-c11-ch113.bcbsaz.com
mp-360-a02,PoweredOn,tdc-c11-ch113.bcbsaz.com
mp-bii-w01,PoweredOn,tdc-c11-ch113.bcbsaz.com
mp-cda-a04,PoweredOn,tdc-c11-ch113.bcbsaz.com
mp-DAP-a01,PoweredOn,tdc-c11-ch113.bcbsaz.com
mp-ftw-w02,PoweredOn,tdc-c11-ch113.bcbsaz.com
mp-ftw-w05,PoweredOn,tdc-c11-ch113.bcbsaz.com
mp-pcm-w01,PoweredOn,tdc-c11-ch113.bcbsaz.com
mp-pki-sw05,PoweredOn,tdc-c11-ch113.bcbsaz.com
mp-si0-a01,PoweredOn,tdc-c11-ch113.bcbsaz.com
mp-web-sa01,PoweredOn,tdc-c11-ch113.bcbsaz.com
ms-ARC-a02,PoweredOn,tdc-c11-ch113.bcbsaz.com
ms-OKT-a02,PoweredOn,tdc-c11-ch113.bcbsaz.com
mu-gcd-d01,PoweredOn,tdc-c11-ch113.bcbsaz.com
mu-wsp-a01,PoweredOn,tdc-c11-ch113.bcbsaz.com
Z-VRA-tdc-c11-ch113.bcbsaz.com,PoweredOn,tdc-c11-ch113.bcbsaz.com
baz-lpkeys1,PoweredOn,tdc-c11-ch116.bcbsaz.com
baz-mpir62,PoweredOn,tdc-c11-ch116.bcbsaz.com
lp-chf-a06,PoweredOn,tdc-c11-ch116.bcbsaz.com
lp-pbx-sa01,PoweredOn,tdc-c11-ch116.bcbsaz.com
md-edw-d03,PoweredOn,tdc-c11-ch116.bcbsaz.com
md-STP-a03,PoweredOn,tdc-c11-ch116.bcbsaz.com
mp-act-a01,PoweredOn,tdc-c11-ch116.bcbsaz.com
MP-ADF-FW01N01,PoweredOn,tdc-c11-ch116.bcbsaz.com
mp-bii-a01,PoweredOn,tdc-c11-ch116.bcbsaz.com
MP-BTL-SA02,PoweredOn,tdc-c11-ch116.bcbsaz.com
mp-cyb-a02,PoweredOn,tdc-c11-ch116.bcbsaz.com
mp-emc-a01,PoweredOn,tdc-c11-ch116.bcbsaz.com
mp-fam-a15,PoweredOn,tdc-c11-ch116.bcbsaz.com
mp-frs-a05,PoweredOn,tdc-c11-ch116.bcbsaz.com
mp-idr-a01,PoweredOn,tdc-c11-ch116.bcbsaz.com
mp-mqs-a01,PoweredOn,tdc-c11-ch116.bcbsaz.com
mp-SFG-a05,PoweredOn,tdc-c11-ch116.bcbsaz.com
mp-spt-a06,PoweredOn,tdc-c11-ch116.bcbsaz.com
mp-spt-a07,PoweredOn,tdc-c11-ch116.bcbsaz.com
mp-tfs-a05,PoweredOn,tdc-c11-ch116.bcbsaz.com
mp-wss-fw01n01,PoweredOn,tdc-c11-ch116.bcbsaz.com
ms-bts-sa03,PoweredOn,tdc-c11-ch116.bcbsaz.com
MS-MDM-SA01,PoweredOn,tdc-c11-ch116.bcbsaz.com
ms-pir-fw01n01,PoweredOn,tdc-c11-ch116.bcbsaz.com
ms-pir-fw01n03,PoweredOn,tdc-c11-ch116.bcbsaz.com
ms-SI0-a06,PoweredOn,tdc-c11-ch116.bcbsaz.com
ms-tip-a01,PoweredOn,tdc-c11-ch116.bcbsaz.com
mu-abs-a03,PoweredOn,tdc-c11-ch116.bcbsaz.com
mu-abs-d02,PoweredOn,tdc-c11-ch116.bcbsaz.com
mu-ETL-d03,PoweredOn,tdc-c11-ch116.bcbsaz.com
Z-VRA-tdc-c11-ch116.bcbsaz.com,PoweredOn,tdc-c11-ch116.bcbsaz.com
1-RHEnt7-Base90,PoweredOn,tdc-c11-ch117.bcbsaz.com
am-gfm-a02,PoweredOn,tdc-c11-ch117.bcbsaz.com
baz-mpir09v,PoweredOn,tdc-c11-ch117.bcbsaz.com
dc-taz-ad03,PoweredOn,tdc-c11-ch117.bcbsaz.com
ld-elc-d02,PoweredOn,tdc-c11-ch117.bcbsaz.com
lp-epm-sa01,PoweredOn,tdc-c11-ch117.bcbsaz.com
lp-xlr-a03,PoweredOn,tdc-c11-ch117.bcbsaz.com
LS-EPM-A01,PoweredOn,tdc-c11-ch117.bcbsaz.com
lu-FOX-a02,PoweredOn,tdc-c11-ch117.bcbsaz.com
lu-mbp-w01,PoweredOn,tdc-c11-ch117.bcbsaz.com
md-oet-d01,PoweredOn,tdc-c11-ch117.bcbsaz.com
md-pxs-w01,PoweredOn,tdc-c11-ch117.bcbsaz.com
mf-ldr-a16,PoweredOn,tdc-c11-ch117.bcbsaz.com
mm-iss-a01,PoweredOn,tdc-c11-ch117.bcbsaz.com
mp-abs-a14,PoweredOn,tdc-c11-ch117.bcbsaz.com
mp-abs-a17,PoweredOn,tdc-c11-ch117.bcbsaz.com
MP-ADT-SA02,PoweredOn,tdc-c11-ch117.bcbsaz.com
mp-cda-a07,PoweredOn,tdc-c11-ch117.bcbsaz.com
mp-cxs-a01,PoweredOn,tdc-c11-ch117.bcbsaz.com
MP-ETL-FS01,PoweredOn,tdc-c11-ch117.bcbsaz.com
mp-fam-a04,PoweredOn,tdc-c11-ch117.bcbsaz.com
MP-ICD-SA02,PoweredOn,tdc-c11-ch117.bcbsaz.com
mp-IWB-w01,PoweredOn,tdc-c11-ch117.bcbsaz.com
mp-npm-a01,PoweredOn,tdc-c11-ch117.bcbsaz.com
mp-scm-a03,PoweredOn,tdc-c11-ch117.bcbsaz.com
mp-spt-a08,PoweredOn,tdc-c11-ch117.bcbsaz.com
mp-spt-w03,PoweredOn,tdc-c11-ch117.bcbsaz.com
mp-spt-w04,PoweredOn,tdc-c11-ch117.bcbsaz.com
mp-tlf-a01,PoweredOn,tdc-c11-ch117.bcbsaz.com
mp-viz-a04,PoweredOn,tdc-c11-ch117.bcbsaz.com
ms-apv-w01,PoweredOn,tdc-c11-ch117.bcbsaz.com
ms-ARC-w04,PoweredOn,tdc-c11-ch117.bcbsaz.com
ms-frs-a01,PoweredOn,tdc-c11-ch117.bcbsaz.com
ms-LDR-a01,PoweredOn,tdc-c11-ch117.bcbsaz.com
vCLS-23279b6c-0130-49c9-8263-852ff0dbbf35,PoweredOn,tdc-c11-ch117.bcbsaz.com
VPCWIN764SEQ02,PoweredOn,tdc-c11-ch117.bcbsaz.com
Z-VRA-tdc-c11-ch117.bcbsaz.com,PoweredOn,tdc-c11-ch117.bcbsaz.com
ld-mea-a01,PoweredOn,tdc-c11-ch118.bcbsaz.com
lp-jen-a01,PoweredOn,tdc-c11-ch118.bcbsaz.com
md-abs-d05,PoweredOn,tdc-c11-ch118.bcbsaz.com
md-ads-a01,PoweredOn,tdc-c11-ch118.bcbsaz.com
md-ads-d01,PoweredOn,tdc-c11-ch118.bcbsaz.com
md-DYN-a01,PoweredOn,tdc-c11-ch118.bcbsaz.com
md-mqs-a02,PoweredOn,tdc-c11-ch118.bcbsaz.com
md-shc-d01,PoweredOn,tdc-c11-ch118.bcbsaz.com
mm-cmv-a05,PoweredOn,tdc-c11-ch118.bcbsaz.com
mp-abs-a01,PoweredOn,tdc-c11-ch118.bcbsaz.com
mp-abs-a15,PoweredOn,tdc-c11-ch118.bcbsaz.com
mp-ADG-a01,PoweredOn,tdc-c11-ch118.bcbsaz.com
mp-ARC-a03,PoweredOn,tdc-c11-ch118.bcbsaz.com
mp-cda-a09,PoweredOn,tdc-c11-ch118.bcbsaz.com
mp-fam-a06,PoweredOn,tdc-c11-ch118.bcbsaz.com
mp-fam-a17,PoweredOn,tdc-c11-ch118.bcbsaz.com
mp-fam-a18,PoweredOn,tdc-c11-ch118.bcbsaz.com
mp-frs-a07,PoweredOn,tdc-c11-ch118.bcbsaz.com
mp-osa-a01,PoweredOn,tdc-c11-ch118.bcbsaz.com
mp-pki-sa02,PoweredOn,tdc-c11-ch118.bcbsaz.com
mp-viz-a05,PoweredOn,tdc-c11-ch118.bcbsaz.com
ms-ldr-a05,PoweredOn,tdc-c11-ch118.bcbsaz.com
ms-spt-a07,PoweredOn,tdc-c11-ch118.bcbsaz.com
ms-spt-w04,PoweredOn,tdc-c11-ch118.bcbsaz.com
mu-idn-a02,PoweredOn,tdc-c11-ch118.bcbsaz.com
mu-pxs-w01,PoweredOn,tdc-c11-ch118.bcbsaz.com
mu-tlf-d01,PoweredOn,tdc-c11-ch118.bcbsaz.com
mu-uip-d01,PoweredOn,tdc-c11-ch118.bcbsaz.com
VPCWIN764SEQ07,PoweredOn,tdc-c11-ch118.bcbsaz.com
Z-VRA-tdc-c11-ch118.bcbsaz.com,PoweredOn,tdc-c11-ch118.bcbsaz.com
al-orc-w01,PoweredOn,tdc-c11-ch121.bcbsaz.com
baz-lpkeys2,PoweredOn,tdc-c11-ch121.bcbsaz.com
lp-cbr-a01,PoweredOn,tdc-c11-ch121.bcbsaz.com
lp-idn-a04,PoweredOn,tdc-c11-ch121.bcbsaz.com
lp-jen-a02,PoweredOn,tdc-c11-ch121.bcbsaz.com
lp-jen-a06,PoweredOn,tdc-c11-ch121.bcbsaz.com
lp-mea-w01,PoweredOn,tdc-c11-ch121.bcbsaz.com
lp-swa-w01,PoweredOn,tdc-c11-ch121.bcbsaz.com
lp-wlm-a01,PoweredOn,tdc-c11-ch121.bcbsaz.com
lu-ans-a01,PoweredOn,tdc-c11-ch121.bcbsaz.com
lu-FOX-a03,PoweredOn,tdc-c11-ch121.bcbsaz.com
mm-fwa-a03,PoweredOn,tdc-c11-ch121.bcbsaz.com
mp-cda-a06,PoweredOn,tdc-c11-ch121.bcbsaz.com
mp-fam-a02,PoweredOn,tdc-c11-ch121.bcbsaz.com
mp-fam-a03,PoweredOn,tdc-c11-ch121.bcbsaz.com
mp-frs-a02,PoweredOn,tdc-c11-ch121.bcbsaz.com
mp-fxc-a02,PoweredOn,tdc-c11-ch121.bcbsaz.com
mp-FXC-a07,PoweredOn,tdc-c11-ch121.bcbsaz.com
mp-mda-w01,PoweredOn,tdc-c11-ch121.bcbsaz.com
mp-pki-sa01_DND,PoweredOn,tdc-c11-ch121.bcbsaz.com
mp-SAS-a01,PoweredOn,tdc-c11-ch121.bcbsaz.com
mp-tlf-a03,PoweredOn,tdc-c11-ch121.bcbsaz.com
mp-tlf-w01,PoweredOn,tdc-c11-ch121.bcbsaz.com
MS-DYN-FW02N02,PoweredOn,tdc-c11-ch121.bcbsaz.com
ms-frs-a02,PoweredOn,tdc-c11-ch121.bcbsaz.com
ms-int-w01,PoweredOn,tdc-c11-ch121.bcbsaz.com
ms-wsp-a01,PoweredOn,tdc-c11-ch121.bcbsaz.com
mt-hrp-d01,PoweredOn,tdc-c11-ch121.bcbsaz.com
mu-edi-w01,PoweredOn,tdc-c11-ch121.bcbsaz.com
mu-etl-d02,PoweredOn,tdc-c11-ch121.bcbsaz.com
mu-sql-d10,PoweredOn,tdc-c11-ch121.bcbsaz.com
VPCW10ESX002,PoweredOn,tdc-c11-ch121.bcbsaz.com
VPCWIN1064TESTVN,PoweredOn,tdc-c11-ch121.bcbsaz.com
VPCWIN764SEQ03,PoweredOn,tdc-c11-ch121.bcbsaz.com
VPCWIN764SEQ04,PoweredOn,tdc-c11-ch121.bcbsaz.com
Z-VRA-tdc-c11-ch121.bcbsaz.com,PoweredOn,tdc-c11-ch121.bcbsaz.com
BAS-SQL01,PoweredOn,tdc-c11-ch122.bcbsaz.com
baz-mpd1app02,PoweredOn,tdc-c11-ch122.bcbsaz.com
baz-mpir54,PoweredOn,tdc-c11-ch122.bcbsaz.com
baz-mpir60,PoweredOn,tdc-c11-ch122.bcbsaz.com
baz-mqir03,PoweredOn,tdc-c11-ch122.bcbsaz.com
ld-tst-a14,PoweredOn,tdc-c11-ch122.bcbsaz.com
lp-aes-a06,PoweredOn,tdc-c11-ch122.bcbsaz.com
lp-cba-sa01,PoweredOn,tdc-c11-ch122.bcbsaz.com
lp-cba-sa02,PoweredOn,tdc-c11-ch122.bcbsaz.com
LP-EPM-A01,PoweredOn,tdc-c11-ch122.bcbsaz.com
lp-epm-a03,PoweredOn,tdc-c11-ch122.bcbsaz.com
LP-GRD-A07,PoweredOn,tdc-c11-ch122.bcbsaz.com
lp-jen-a03,PoweredOn,tdc-c11-ch122.bcbsaz.com
lp-zto-a01,PoweredOn,tdc-c11-ch122.bcbsaz.com
lu-idn-a03,PoweredOn,tdc-c11-ch122.bcbsaz.com
md-FXC-a01,PoweredOn,tdc-c11-ch122.bcbsaz.com
md-SJL-a08,PoweredOn,tdc-c11-ch122.bcbsaz.com
md-was-d02,PoweredOn,tdc-c11-ch122.bcbsaz.com
mp-abs-a09,PoweredOn,tdc-c11-ch122.bcbsaz.com
mp-abs-sf01,PoweredOn,tdc-c11-ch122.bcbsaz.com
mp-apv-w02,PoweredOn,tdc-c11-ch122.bcbsaz.com
mp-btl-sa06,PoweredOn,tdc-c11-ch122.bcbsaz.com
mp-btl-sa08,PoweredOn,tdc-c11-ch122.bcbsaz.com
mp-btl-sa09,PoweredOn,tdc-c11-ch122.bcbsaz.com
mp-btl-sa10,PoweredOn,tdc-c11-ch122.bcbsaz.com
mp-fam-a13,PoweredOn,tdc-c11-ch122.bcbsaz.com
mp-fam-a16,PoweredOn,tdc-c11-ch122.bcbsaz.com
mp-iss-w02,PoweredOn,tdc-c11-ch122.bcbsaz.com
mp-KMS-a02,PoweredOn,tdc-c11-ch122.bcbsaz.com
mp-TMP-a02,PoweredOn,tdc-c11-ch122.bcbsaz.com
ms-mqs-a02,PoweredOn,tdc-c11-ch122.bcbsaz.com
mu-sql-d18,PoweredOn,tdc-c11-ch122.bcbsaz.com
mu-tst-a02,PoweredOn,tdc-c11-ch122.bcbsaz.com
VPCW10ESX003,PoweredOn,tdc-c11-ch122.bcbsaz.com
Z-VRA-tdc-c11-ch122.bcbsaz.com,PoweredOn,tdc-c11-ch122.bcbsaz.com
baz-mpir08v,PoweredOn,tdc-c11-ch123.bcbsaz.com
dss-appprd02,PoweredOn,tdc-c11-ch123.bcbsaz.com
ld-api-w05,PoweredOn,tdc-c11-ch123.bcbsaz.com
ld-tst-a12,PoweredOn,tdc-c11-ch123.bcbsaz.com
ld-tst-a13,PoweredOn,tdc-c11-ch123.bcbsaz.com
lp-api-w04,PoweredOn,tdc-c11-ch123.bcbsaz.com
lp-cyb-a01,PoweredOn,tdc-c11-ch123.bcbsaz.com
LP-IVR-W01,PoweredOn,tdc-c11-ch123.bcbsaz.com
lp-lax-a02,PoweredOn,tdc-c11-ch123.bcbsaz.com
LP-MPP-A01,PoweredOn,tdc-c11-ch123.bcbsaz.com
lp-mpp-a05,PoweredOn,tdc-c11-ch123.bcbsaz.com
lp-mpp-a06,PoweredOn,tdc-c11-ch123.bcbsaz.com
lp-mpp-sa01,PoweredOn,tdc-c11-ch123.bcbsaz.com
lp-sys-a06,PoweredOn,tdc-c11-ch123.bcbsaz.com
ls-mea-w01,PoweredOn,tdc-c11-ch123.bcbsaz.com
md-bif-w01,PoweredOn,tdc-c11-ch123.bcbsaz.com
md-IMG-w01,PoweredOn,tdc-c11-ch123.bcbsaz.com
md-sql-d27,PoweredOn,tdc-c11-ch123.bcbsaz.com
md-SRS-d02,PoweredOn,tdc-c11-ch123.bcbsaz.com
mp-bii-a02,PoweredOn,tdc-c11-ch123.bcbsaz.com
mp-cft-a01,PoweredOn,tdc-c11-ch123.bcbsaz.com
mp-frs-sa02,PoweredOn,tdc-c11-ch123.bcbsaz.com
mp-idn-a01,PoweredOn,tdc-c11-ch123.bcbsaz.com
mp-idn-a02,PoweredOn,tdc-c11-ch123.bcbsaz.com
mp-jen-a01,PoweredOn,tdc-c11-ch123.bcbsaz.com
mp-mdo-a01,PoweredOn,tdc-c11-ch123.bcbsaz.com
mp-ONE-a01,PoweredOn,tdc-c11-ch123.bcbsaz.com
mp-SAS-a03,PoweredOn,tdc-c11-ch123.bcbsaz.com
MP-SAS-SD03,PoweredOn,tdc-c11-ch123.bcbsaz.com
mp-spt-a03,PoweredOn,tdc-c11-ch123.bcbsaz.com
mp-tip-a04,PoweredOn,tdc-c11-ch123.bcbsaz.com
mp-vault-tdc,PoweredOn,tdc-c11-ch123.bcbsaz.com
MQ-HQC-SA03,PoweredOn,tdc-c11-ch123.bcbsaz.com
mq-MBC-d01,PoweredOn,tdc-c11-ch123.bcbsaz.com
MS-EXP-SA01,PoweredOn,tdc-c11-ch123.bcbsaz.com
ms-spt-a02,PoweredOn,tdc-c11-ch123.bcbsaz.com
Z-VRA-tdc-c11-ch123.bcbsaz.com,PoweredOn,tdc-c11-ch123.bcbsaz.com
baz-mpir06v,PoweredOn,tdc-c11-ch126.bcbsaz.com
baz-mpir50,PoweredOn,tdc-c11-ch126.bcbsaz.com
baz-mpir57,PoweredOn,tdc-c11-ch126.bcbsaz.com
baz-mpir58,PoweredOn,tdc-c11-ch126.bcbsaz.com
baz-mpir59,PoweredOn,tdc-c11-ch126.bcbsaz.com
baz-mpir63,PoweredOn,tdc-c11-ch126.bcbsaz.com
baz-mpir66,PoweredOn,tdc-c11-ch126.bcbsaz.com
baz-mpir67,PoweredOn,tdc-c11-ch126.bcbsaz.com
baz-mpofac1,PoweredOn,tdc-c11-ch126.bcbsaz.com
baz-mpweb1v,PoweredOn,tdc-c11-ch126.bcbsaz.com
baz-mqir05,PoweredOn,tdc-c11-ch126.bcbsaz.com
ld-tas-a02,PoweredOn,tdc-c11-ch126.bcbsaz.com
lf-mea-w01,PoweredOn,tdc-c11-ch126.bcbsaz.com
lp-epm-sa02,PoweredOn,tdc-c11-ch126.bcbsaz.com
LP-GRD-SA02,PoweredOn,tdc-c11-ch126.bcbsaz.com
ls-dvo-a03,PoweredOn,tdc-c11-ch126.bcbsaz.com
ls-epm-a02,PoweredOn,tdc-c11-ch126.bcbsaz.com
md-CMS-d01,PoweredOn,tdc-c11-ch126.bcbsaz.com
mm-CMV-a40,PoweredOn,tdc-c11-ch126.bcbsaz.com
mm-mso-w01,PoweredOn,tdc-c11-ch126.bcbsaz.com
mp-abs-a05,PoweredOn,tdc-c11-ch126.bcbsaz.com
mp-abs-a06,PoweredOn,tdc-c11-ch126.bcbsaz.com
mp-abs-a08,PoweredOn,tdc-c11-ch126.bcbsaz.com
mp-abs-sa05,PoweredOn,tdc-c11-ch126.bcbsaz.com
mp-abs-sf03,PoweredOn,tdc-c11-ch126.bcbsaz.com
mp-apv-w01,PoweredOn,tdc-c11-ch126.bcbsaz.com
mp-bim-a01,PoweredOn,tdc-c11-ch126.bcbsaz.com
mp-bom-a01,PoweredOn,tdc-c11-ch126.bcbsaz.com
MP-BTL-SA05,PoweredOn,tdc-c11-ch126.bcbsaz.com
mp-cdr-sa02,PoweredOn,tdc-c11-ch126.bcbsaz.com
mp-dss-sf01,PoweredOn,tdc-c11-ch126.bcbsaz.com
mp-fam-a11,PoweredOn,tdc-c11-ch126.bcbsaz.com
mp-ftw-w01,PoweredOn,tdc-c11-ch126.bcbsaz.com
mp-ftw-w03,PoweredOn,tdc-c11-ch126.bcbsaz.com
mp-ftw-w04,PoweredOn,tdc-c11-ch126.bcbsaz.com
mp-int-w01,PoweredOn,tdc-c11-ch126.bcbsaz.com
mp-int-w03,PoweredOn,tdc-c11-ch126.bcbsaz.com
mp-ism-a01,PoweredOn,tdc-c11-ch126.bcbsaz.com
mp-mpc-a01,PoweredOn,tdc-c11-ch126.bcbsaz.com
mp-oit-a01,PoweredOn,tdc-c11-ch126.bcbsaz.com
mp-rds-a03,PoweredOn,tdc-c11-ch126.bcbsaz.com
mp-sql-a01,PoweredOn,tdc-c11-ch126.bcbsaz.com
mp-sql-a03,PoweredOn,tdc-c11-ch126.bcbsaz.com
mp-viz-a03,PoweredOn,tdc-c11-ch126.bcbsaz.com
MP-WEB-SA02,PoweredOn,tdc-c11-ch126.bcbsaz.com
ms-bpo-sa01,PoweredOn,tdc-c11-ch126.bcbsaz.com
ms-int-w04,PoweredOn,tdc-c11-ch126.bcbsaz.com
ms-pir-fw01n02,PoweredOn,tdc-c11-ch126.bcbsaz.com
ms-pxs-w01,PoweredOn,tdc-c11-ch126.bcbsaz.com
ms-SFG-a05,PoweredOn,tdc-c11-ch126.bcbsaz.com
ms-SI0-a03,PoweredOn,tdc-c11-ch126.bcbsaz.com
ms-tip-a02,PoweredOn,tdc-c11-ch126.bcbsaz.com
ms-viz-a01,PoweredOn,tdc-c11-ch126.bcbsaz.com
mu-FOX-a01,PoweredOn,tdc-c11-ch126.bcbsaz.com
mu-ftw-w01,PoweredOn,tdc-c11-ch126.bcbsaz.com
mu-idn-a03,PoweredOn,tdc-c11-ch126.bcbsaz.com
mu-tln-d01,PoweredOn,tdc-c11-ch126.bcbsaz.com
VPCW10ESX004,PoweredOn,tdc-c11-ch126.bcbsaz.com
VPCWIN7SEQ01,PoweredOn,tdc-c11-ch126.bcbsaz.com
Z-VRA-tdc-c11-ch126.bcbsaz.com,PoweredOn,tdc-c11-ch126.bcbsaz.com
ld-mbp-w01,PoweredOn,tdc-c11-ch127.bcbsaz.com
lp-jen-a04,PoweredOn,tdc-c11-ch127.bcbsaz.com
lp-SAT-a01,PoweredOn,tdc-c11-ch127.bcbsaz.com
lu-mbp-w02,PoweredOn,tdc-c11-ch127.bcbsaz.com
md-ARC-d02,PoweredOn,tdc-c11-ch127.bcbsaz.com
md-MBC-d01,PoweredOn,tdc-c11-ch127.bcbsaz.com
md-SFG-d04,PoweredOn,tdc-c11-ch127.bcbsaz.com
md-snw-a01,PoweredOn,tdc-c11-ch127.bcbsaz.com
md-sql-d69,PoweredOn,tdc-c11-ch127.bcbsaz.com
mf-ldr-a14,PoweredOn,tdc-c11-ch127.bcbsaz.com
mm-CMV-a32,PoweredOn,tdc-c11-ch127.bcbsaz.com
mp-acm-a01,PoweredOn,tdc-c11-ch127.bcbsaz.com
mp-cyb-a01,PoweredOn,tdc-c11-ch127.bcbsaz.com
MP-DYN-FW02N04,PoweredOn,tdc-c11-ch127.bcbsaz.com
mp-fam-a19,PoweredOn,tdc-c11-ch127.bcbsaz.com
mp-frs-a04,PoweredOn,tdc-c11-ch127.bcbsaz.com
mp-fxc-a05,PoweredOn,tdc-c11-ch127.bcbsaz.com
mp-mtc-a01,PoweredOn,tdc-c11-ch127.bcbsaz.com
mp-spt-w05,PoweredOn,tdc-c11-ch127.bcbsaz.com
mp-stp-a01,PoweredOn,tdc-c11-ch127.bcbsaz.com
mp-stp-a03,PoweredOn,tdc-c11-ch127.bcbsaz.com
mp-tip-a01,PoweredOn,tdc-c11-ch127.bcbsaz.com
mp-ver-sa01,PoweredOn,tdc-c11-ch127.bcbsaz.com
mp-zto-a02,PoweredOn,tdc-c11-ch127.bcbsaz.com
ms-frs-a04,PoweredOn,tdc-c11-ch127.bcbsaz.com
ms-ldr-a04,PoweredOn,tdc-c11-ch127.bcbsaz.com
ms-spt-a06,PoweredOn,tdc-c11-ch127.bcbsaz.com
ms-spt-w03,PoweredOn,tdc-c11-ch127.bcbsaz.com
ms-stp-a01,PoweredOn,tdc-c11-ch127.bcbsaz.com
ms-wss-fw02n02,PoweredOn,tdc-c11-ch127.bcbsaz.com
mu-HRP-d02,PoweredOn,tdc-c11-ch127.bcbsaz.com
mu-IWB-w01,PoweredOn,tdc-c11-ch127.bcbsaz.com
mu-mqs-a02,PoweredOn,tdc-c11-ch127.bcbsaz.com
mu-sql-d16,PoweredOn,tdc-c11-ch127.bcbsaz.com
VPCWIN764SEQ05,PoweredOn,tdc-c11-ch127.bcbsaz.com
Z-VRA-tdc-c11-ch127.bcbsaz.com,PoweredOn,tdc-c11-ch127.bcbsaz.com
Z-VRAH-tdc-c11-ch127.bcbsaz.com-271716,PoweredOn,tdc-c11-ch127.bcbsaz.com
am-c11-gvm128,PoweredOn,tdc-c11-ch128.bcbsaz.com
dc-cor-ad01,PoweredOn,tdc-c11-ch128.bcbsaz.com
lp-chf-a02,PoweredOn,tdc-c11-ch128.bcbsaz.com
lp-pro-a01,PoweredOn,tdc-c11-ch128.bcbsaz.com
lp-smg-a03,PoweredOn,tdc-c11-ch128.bcbsaz.com
md-abs-a03,PoweredOn,tdc-c11-ch128.bcbsaz.com
md-ARC-w03,PoweredOn,tdc-c11-ch128.bcbsaz.com
md-sql-d72,PoweredOn,tdc-c11-ch128.bcbsaz.com
md-sql-d75,PoweredOn,tdc-c11-ch128.bcbsaz.com
md-tst-a06,PoweredOn,tdc-c11-ch128.bcbsaz.com
md-uip-a01,PoweredOn,tdc-c11-ch128.bcbsaz.com
md-wsp-a01,PoweredOn,tdc-c11-ch128.bcbsaz.com
mf-ldr-a17,PoweredOn,tdc-c11-ch128.bcbsaz.com
mp-abs-a10,PoweredOn,tdc-c11-ch128.bcbsaz.com
mp-bts-a02,PoweredOn,tdc-c11-ch128.bcbsaz.com
mp-dmo-a01,PoweredOn,tdc-c11-ch128.bcbsaz.com
mp-fam-a05,PoweredOn,tdc-c11-ch128.bcbsaz.com
mp-fam-a12,PoweredOn,tdc-c11-ch128.bcbsaz.com
MP-FRS-SA08,PoweredOn,tdc-c11-ch128.bcbsaz.com
mp-fxc-a03,PoweredOn,tdc-c11-ch128.bcbsaz.com
mp-iss-w01,PoweredOn,tdc-c11-ch128.bcbsaz.com
mp-oit-a02,PoweredOn,tdc-c11-ch128.bcbsaz.com
mp-okt-a04,PoweredOn,tdc-c11-ch128.bcbsaz.com
mp-oms-a01,PoweredOn,tdc-c11-ch128.bcbsaz.com
mp-pxs-w01,PoweredOn,tdc-c11-ch128.bcbsaz.com
mp-snw-a01,PoweredOn,tdc-c11-ch128.bcbsaz.com
mp-spt-w07,PoweredOn,tdc-c11-ch128.bcbsaz.com
mp-wss-fw01n04,PoweredOn,tdc-c11-ch128.bcbsaz.com
mq-sql-d05,PoweredOn,tdc-c11-ch128.bcbsaz.com
MS-ICD-SA02,PoweredOn,tdc-c11-ch128.bcbsaz.com
ms-tfs-a02,PoweredOn,tdc-c11-ch128.bcbsaz.com
mt-SAS-a03,PoweredOn,tdc-c11-ch128.bcbsaz.com
mu-idn-a01,PoweredOn,tdc-c11-ch128.bcbsaz.com
mu-sql-d11,PoweredOn,tdc-c11-ch128.bcbsaz.com
VPCWIN7SEQ10,PoweredOn,tdc-c11-ch128.bcbsaz.com
Z-VRA-tdc-c11-ch128.bcbsaz.com,PoweredOn,tdc-c11-ch128.bcbsaz.com
am-vrn-a02,PoweredOn,tdc-c11-ch131.bcbsaz.com
baz-mpa01,PoweredOn,tdc-c11-ch131.bcbsaz.com
baz-mpir05v,PoweredOn,tdc-c11-ch131.bcbsaz.com
baz-mpir53,PoweredOn,tdc-c11-ch131.bcbsaz.com
baz-mpir64,PoweredOn,tdc-c11-ch131.bcbsaz.com
baz-mpir68,PoweredOn,tdc-c11-ch131.bcbsaz.com
lp-chf-a04,PoweredOn,tdc-c11-ch131.bcbsaz.com
lp-ndi-sa01,PoweredOn,tdc-c11-ch131.bcbsaz.com
lp-ppm-a01,PoweredOn,tdc-c11-ch131.bcbsaz.com
lp-wlm-a02,PoweredOn,tdc-c11-ch131.bcbsaz.com
lp-zto-a02,PoweredOn,tdc-c11-ch131.bcbsaz.com
ls-api-w06,PoweredOn,tdc-c11-ch131.bcbsaz.com
lu-dsm-a01,PoweredOn,tdc-c11-ch131.bcbsaz.com
md-tas-a02,PoweredOn,tdc-c11-ch131.bcbsaz.com
md-vlt-sa01_new,PoweredOn,tdc-c11-ch131.bcbsaz.com
mf-ldr-a13,PoweredOn,tdc-c11-ch131.bcbsaz.com
mp-abs-a02,PoweredOn,tdc-c11-ch131.bcbsaz.com
mp-abs-a03,PoweredOn,tdc-c11-ch131.bcbsaz.com
mp-abs-a13,PoweredOn,tdc-c11-ch131.bcbsaz.com
mp-ARC-w08,PoweredOn,tdc-c11-ch131.bcbsaz.com
mp-cda-a05,PoweredOn,tdc-c11-ch131.bcbsaz.com
MP-DYN-FW02N03,PoweredOn,tdc-c11-ch131.bcbsaz.com
mp-edi-w01,PoweredOn,tdc-c11-ch131.bcbsaz.com
mp-exc-a02,PoweredOn,tdc-c11-ch131.bcbsaz.com
mp-ftw-w06,PoweredOn,tdc-c11-ch131.bcbsaz.com
mp-int-w04,PoweredOn,tdc-c11-ch131.bcbsaz.com
mp-KMS-a01,PoweredOn,tdc-c11-ch131.bcbsaz.com
mp-PKI-a01,PoweredOn,tdc-c11-ch131.bcbsaz.com
mp-rms-a01,PoweredOn,tdc-c11-ch131.bcbsaz.com
mp-scr-sw01,PoweredOn,tdc-c11-ch131.bcbsaz.com
mp-sfg-a01,PoweredOn,tdc-c11-ch131.bcbsaz.com
mp-zto-a01,PoweredOn,tdc-c11-ch131.bcbsaz.com
ms-int-w02,PoweredOn,tdc-c11-ch131.bcbsaz.com
ms-okt-a04,PoweredOn,tdc-c11-ch131.bcbsaz.com
mu-DMO-a01,PoweredOn,tdc-c11-ch131.bcbsaz.com
mu-MBC-d01,PoweredOn,tdc-c11-ch131.bcbsaz.com
vCLS-a5f760c2-8e7c-4892-986e-8bfc35a6bcc3,PoweredOn,tdc-c11-ch131.bcbsaz.com
Z-VRA-tdc-c11-ch131.bcbsaz.com,PoweredOn,tdc-c11-ch131.bcbsaz.com
ap-idn-a01,PoweredOn,tdc-c11-ch132.bcbsaz.com
baz-mQinsx1,PoweredOn,tdc-c11-ch132.bcbsaz.com
baz-mqir02,PoweredOn,tdc-c11-ch132.bcbsaz.com
DC-TAZ-AD01,PoweredOn,tdc-c11-ch132.bcbsaz.com
lp-git-a01,PoweredOn,tdc-c11-ch132.bcbsaz.com
lp-idn-a03,PoweredOn,tdc-c11-ch132.bcbsaz.com
lp-lvs-a02,PoweredOn,tdc-c11-ch132.bcbsaz.com
lp-mpp-a04,PoweredOn,tdc-c11-ch132.bcbsaz.com
lp-mpp-a07,PoweredOn,tdc-c11-ch132.bcbsaz.com
lp-rsa-a03,PoweredOn,tdc-c11-ch132.bcbsaz.com
md-ARC-w04,PoweredOn,tdc-c11-ch132.bcbsaz.com
md-btk-d01,PoweredOn,tdc-c11-ch132.bcbsaz.com
md-ETL-d06,PoweredOn,tdc-c11-ch132.bcbsaz.com
md-uip-a02,PoweredOn,tdc-c11-ch132.bcbsaz.com
mm-CMV-a34,PoweredOn,tdc-c11-ch132.bcbsaz.com
mp-abs-sa06,PoweredOn,tdc-c11-ch132.bcbsaz.com
mp-abs-sf02,PoweredOn,tdc-c11-ch132.bcbsaz.com
mp-ARC-w04,PoweredOn,tdc-c11-ch132.bcbsaz.com
MP-BTL-SA01,PoweredOn,tdc-c11-ch132.bcbsaz.com
mp-cyb-w01,PoweredOn,tdc-c11-ch132.bcbsaz.com
mp-fam-a09,PoweredOn,tdc-c11-ch132.bcbsaz.com
mp-kms-a03,PoweredOn,tdc-c11-ch132.bcbsaz.com
mp-pin-sw01,PoweredOn,tdc-c11-ch132.bcbsaz.com
mp-pki-sa04_DND,PoweredOn,tdc-c11-ch132.bcbsaz.com
MP-SAS-SA01,PoweredOn,tdc-c11-ch132.bcbsaz.com
mp-sfg-a02,PoweredOn,tdc-c11-ch132.bcbsaz.com
mp-si0-a03,PoweredOn,tdc-c11-ch132.bcbsaz.com
mp-tlf-a02,PoweredOn,tdc-c11-ch132.bcbsaz.com
mp-wss-fw01n05,PoweredOn,tdc-c11-ch132.bcbsaz.com
mq-hqc-d01,PoweredOn,tdc-c11-ch132.bcbsaz.com
ms-cms-sw01,PoweredOn,tdc-c11-ch132.bcbsaz.com
MS-DYN-FW01N02,PoweredOn,tdc-c11-ch132.bcbsaz.com
ms-frs-a03,PoweredOn,tdc-c11-ch132.bcbsaz.com
ms-wss-fw01n01,PoweredOn,tdc-c11-ch132.bcbsaz.com
mu-HRP-d03,PoweredOn,tdc-c11-ch132.bcbsaz.com
mu-tlf-a02,PoweredOn,tdc-c11-ch132.bcbsaz.com
Z-VRA-tdc-c11-ch132.bcbsaz.com,PoweredOn,tdc-c11-ch132.bcbsaz.com
al-tnm-a04,PoweredOn,tdc-c11-ch133.bcbsaz.com
baz-mpir04v,PoweredOn,tdc-c11-ch133.bcbsaz.com
baz-mpir55,PoweredOn,tdc-c11-ch133.bcbsaz.com
baz-mpweb6v,PoweredOn,tdc-c11-ch133.bcbsaz.com
dc-net-ad01,PoweredOn,tdc-c11-ch133.bcbsaz.com
ld-chw-a01,PoweredOn,tdc-c11-ch133.bcbsaz.com
ld-cli-a01,PoweredOn,tdc-c11-ch133.bcbsaz.com
ld-tas-a03,PoweredOn,tdc-c11-ch133.bcbsaz.com
lp-acl-a01,PoweredOn,tdc-c11-ch133.bcbsaz.com
lp-TFS-a01,PoweredOn,tdc-c11-ch133.bcbsaz.com
lq-mea-w01,PoweredOn,tdc-c11-ch133.bcbsaz.com
ls-api-w05,PoweredOn,tdc-c11-ch133.bcbsaz.com
md-mtc-a01,PoweredOn,tdc-c11-ch133.bcbsaz.com
md-SQL-d76,PoweredOn,tdc-c11-ch133.bcbsaz.com
md-viz-a02,PoweredOn,tdc-c11-ch133.bcbsaz.com
mm-CMV-a38,PoweredOn,tdc-c11-ch133.bcbsaz.com
mp-abs-a04,PoweredOn,tdc-c11-ch133.bcbsaz.com
mp-apc-a01,PoweredOn,tdc-c11-ch133.bcbsaz.com
mp-apc-a02,PoweredOn,tdc-c11-ch133.bcbsaz.com
mp-ARC-a04,PoweredOn,tdc-c11-ch133.bcbsaz.com
mp-bpo-sa01,PoweredOn,tdc-c11-ch133.bcbsaz.com
MP-BTL-SA03,PoweredOn,tdc-c11-ch133.bcbsaz.com
mp-fnt-a01,PoweredOn,tdc-c11-ch133.bcbsaz.com
mp-pki-sa03,PoweredOn,tdc-c11-ch133.bcbsaz.com
mp-RCT-a01,PoweredOn,tdc-c11-ch133.bcbsaz.com
mp-scm-a02,PoweredOn,tdc-c11-ch133.bcbsaz.com
mp-uip-a01,PoweredOn,tdc-c11-ch133.bcbsaz.com
MS-DYN-FW01N01,PoweredOn,tdc-c11-ch133.bcbsaz.com
ms-okt-a03,PoweredOn,tdc-c11-ch133.bcbsaz.com
mu-BLU-a03,PoweredOn,tdc-c11-ch133.bcbsaz.com
mu-dmo-d01,PoweredOn,tdc-c11-ch133.bcbsaz.com
mu-hds-d01,PoweredOn,tdc-c11-ch133.bcbsaz.com
vCLS-44f93462-50c5-453c-8811-1856feb648f0,PoweredOn,tdc-c11-ch133.bcbsaz.com
VPCW10ESX005,PoweredOn,tdc-c11-ch133.bcbsaz.com
VPCWIN764SEQ01,PoweredOn,tdc-c11-ch133.bcbsaz.com
VPCWIN764SEQ06,PoweredOn,tdc-c11-ch133.bcbsaz.com
Z-VRA-tdc-c11-ch133.bcbsaz.com,PoweredOn,tdc-c11-ch133.bcbsaz.com
baz-mpeob1v,PoweredOn,tdc-c11-ch136.bcbsaz.com
baz-mpir07v,PoweredOn,tdc-c11-ch136.bcbsaz.com
lp-api-w06,PoweredOn,tdc-c11-ch136.bcbsaz.com
lp-chf-a01,PoweredOn,tdc-c11-ch136.bcbsaz.com
lp-chf-a05,PoweredOn,tdc-c11-ch136.bcbsaz.com
LP-IVR-W02,PoweredOn,tdc-c11-ch136.bcbsaz.com
lp-sal-sa01,PoweredOn,tdc-c11-ch136.bcbsaz.com
lp-sys-a05,PoweredOn,tdc-c11-ch136.bcbsaz.com
lu-mea-w01,PoweredOn,tdc-c11-ch136.bcbsaz.com
md-crm-d01,PoweredOn,tdc-c11-ch136.bcbsaz.com
md-FXC-a02,PoweredOn,tdc-c11-ch136.bcbsaz.com
mf-ldr-a11,PoweredOn,tdc-c11-ch136.bcbsaz.com
mm-cmv-a04,PoweredOn,tdc-c11-ch136.bcbsaz.com
mp-abs-a11,PoweredOn,tdc-c11-ch136.bcbsaz.com
MP-ADF-FW01N02,PoweredOn,tdc-c11-ch136.bcbsaz.com
MP-BTL-SA04,PoweredOn,tdc-c11-ch136.bcbsaz.com
mp-cda-w01,PoweredOn,tdc-c11-ch136.bcbsaz.com
MP-EXP-SA01,PoweredOn,tdc-c11-ch136.bcbsaz.com
mp-fam-a10,PoweredOn,tdc-c11-ch136.bcbsaz.com
mp-ndi-sa02,PoweredOn,tdc-c11-ch136.bcbsaz.com
mp-nvd-w01,PoweredOn,tdc-c11-ch136.bcbsaz.com
mp-okt-a05,PoweredOn,tdc-c11-ch136.bcbsaz.com
mp-SI0-a06,PoweredOn,tdc-c11-ch136.bcbsaz.com
mp-spt-w06,PoweredOn,tdc-c11-ch136.bcbsaz.com
mp-stp-a02,PoweredOn,tdc-c11-ch136.bcbsaz.com
mp-stp-a04_new,PoweredOn,tdc-c11-ch136.bcbsaz.com
mp-tip-a03,PoweredOn,tdc-c11-ch136.bcbsaz.com
MS-DYN-FW02N03,PoweredOn,tdc-c11-ch136.bcbsaz.com
ms-ldr-a03,PoweredOn,tdc-c11-ch136.bcbsaz.com
ms-wss-fw02n01,PoweredOn,tdc-c11-ch136.bcbsaz.com
mu-aip-a01,PoweredOn,tdc-c11-ch136.bcbsaz.com
mu-hbr-a01,PoweredOn,tdc-c11-ch136.bcbsaz.com
mu-sql-d09,PoweredOn,tdc-c11-ch136.bcbsaz.com
Z-VRA-tdc-c11-ch136.bcbsaz.com,PoweredOn,tdc-c11-ch136.bcbsaz.com
baz-mpir61,PoweredOn,tdc-c11-ch137.bcbsaz.com
baz-mpir65,PoweredOn,tdc-c11-ch137.bcbsaz.com
baz-mqir04,PoweredOn,tdc-c11-ch137.bcbsaz.com
ld-swa-w01,PoweredOn,tdc-c11-ch137.bcbsaz.com
lp-utl-a01,PoweredOn,tdc-c11-ch137.bcbsaz.com
lp-xlr-a02,PoweredOn,tdc-c11-ch137.bcbsaz.com
lu-tlf-a01,PoweredOn,tdc-c11-ch137.bcbsaz.com
lu-tlf-a02,PoweredOn,tdc-c11-ch137.bcbsaz.com
md-ARC-a02,PoweredOn,tdc-c11-ch137.bcbsaz.com
md-HVR-a01,PoweredOn,tdc-c11-ch137.bcbsaz.com
md-mid-a01,PoweredOn,tdc-c11-ch137.bcbsaz.com
md-vds-d01,PoweredOn,tdc-c11-ch137.bcbsaz.com
mm-CMV-a33,PoweredOn,tdc-c11-ch137.bcbsaz.com
mp-ARC-w07,PoweredOn,tdc-c11-ch137.bcbsaz.com
mp-bpo-sa02,PoweredOn,tdc-c11-ch137.bcbsaz.com
mp-bts-sa01,PoweredOn,tdc-c11-ch137.bcbsaz.com
mp-bts-ss02,PoweredOn,tdc-c11-ch137.bcbsaz.com
mp-frs-a08,PoweredOn,tdc-c11-ch137.bcbsaz.com
mp-fxc-a01,PoweredOn,tdc-c11-ch137.bcbsaz.com
MP-HQC-SA03,PoweredOn,tdc-c11-ch137.bcbsaz.com
mp-ndi-sa01,PoweredOn,tdc-c11-ch137.bcbsaz.com
mp-ngt-w01,PoweredOn,tdc-c11-ch137.bcbsaz.com
mp-si0-a02,PoweredOn,tdc-c11-ch137.bcbsaz.com
mp-spt-w02,PoweredOn,tdc-c11-ch137.bcbsaz.com
mp-sql-a02,PoweredOn,tdc-c11-ch137.bcbsaz.com
mp-SSB-a01,PoweredOn,tdc-c11-ch137.bcbsaz.com
mp-tip-a05,PoweredOn,tdc-c11-ch137.bcbsaz.com
mp-wss-fw01n03,PoweredOn,tdc-c11-ch137.bcbsaz.com
mq-sql-d08,PoweredOn,tdc-c11-ch137.bcbsaz.com
ms-stp-a02,PoweredOn,tdc-c11-ch137.bcbsaz.com
ms-viz-a03,PoweredOn,tdc-c11-ch137.bcbsaz.com
ms-wss-fw01n02,PoweredOn,tdc-c11-ch137.bcbsaz.com
mu-abs-a02,PoweredOn,tdc-c11-ch137.bcbsaz.com
mu-ftw-w02,PoweredOn,tdc-c11-ch137.bcbsaz.com
VPCW10ESX001,PoweredOn,tdc-c11-ch137.bcbsaz.com
Z-VRA-tdc-c11-ch137.bcbsaz.com,PoweredOn,tdc-c11-ch137.bcbsaz.com
ld-mbp-w02,PoweredOn,tdc-c11-ch138.bcbsaz.com
lp-crm-a01,PoweredOn,tdc-c11-ch138.bcbsaz.com
LP-GRD-SA01,PoweredOn,tdc-c11-ch138.bcbsaz.com
LP-GRD-SA06,PoweredOn,tdc-c11-ch138.bcbsaz.com
lp-jen-a07,PoweredOn,tdc-c11-ch138.bcbsaz.com
lp-smg-a01,PoweredOn,tdc-c11-ch138.bcbsaz.com
LS-IVR-A01,PoweredOn,tdc-c11-ch138.bcbsaz.com
lt-mbp-w02,PoweredOn,tdc-c11-ch138.bcbsaz.com
md-ADG-a01,PoweredOn,tdc-c11-ch138.bcbsaz.com
md-etl-d01,PoweredOn,tdc-c11-ch138.bcbsaz.com
md-mda-d01,PoweredOn,tdc-c11-ch138.bcbsaz.com
MP-APV-SA03,PoweredOn,tdc-c11-ch138.bcbsaz.com
MP-BTS-SA03,PoweredOn,tdc-c11-ch138.bcbsaz.com
MP-DYN-FW02N01,PoweredOn,tdc-c11-ch138.bcbsaz.com
mp-esc-a01,PoweredOn,tdc-c11-ch138.bcbsaz.com
mp-exc-a03,PoweredOn,tdc-c11-ch138.bcbsaz.com
mp-fam-a14,PoweredOn,tdc-c11-ch138.bcbsaz.com
MP-FIN-SA01,PoweredOn,tdc-c11-ch138.bcbsaz.com
MP-FRS-SA13,PoweredOn,tdc-c11-ch138.bcbsaz.com
mp-fxc-a04,PoweredOn,tdc-c11-ch138.bcbsaz.com
MP-ICD-SA01,PoweredOn,tdc-c11-ch138.bcbsaz.com
MP-ICD-SA03,PoweredOn,tdc-c11-ch138.bcbsaz.com
mp-MID-a01,PoweredOn,tdc-c11-ch138.bcbsaz.com
mp-mvt-a01,PoweredOn,tdc-c11-ch138.bcbsaz.com
mp-nvd-w02,PoweredOn,tdc-c11-ch138.bcbsaz.com
mp-sle-a01,PoweredOn,tdc-c11-ch138.bcbsaz.com
mp-spt-a01,PoweredOn,tdc-c11-ch138.bcbsaz.com
mp-spt-a02,PoweredOn,tdc-c11-ch138.bcbsaz.com
ms-ldr-a02,PoweredOn,tdc-c11-ch138.bcbsaz.com
ms-mqs-a01,PoweredOn,tdc-c11-ch138.bcbsaz.com
mu-SQL-d08,PoweredOn,tdc-c11-ch138.bcbsaz.com
Z-VRA-tdc-c11-ch138.bcbsaz.com,PoweredOn,tdc-c11-ch138.bcbsaz.com
