lm-cmv-a03,PoweredOn,tdc-j06-ch116.bcbsaz.com
lm-cmv-a05,PoweredOn,tdc-j06-ch116.bcbsaz.com
lm-cmv-a06,PoweredOn,tdc-j06-ch116.bcbsaz.com
lm-cmv-a07,PoweredOn,tdc-j06-ch116.bcbsaz.com
lm-cmv-a08,PoweredOn,tdc-j06-ch116.bcbsaz.com
lm-cmv-a10,PoweredOn,tdc-j06-ch116.bcbsaz.com
lm-cmv-a11,PoweredOn,tdc-j06-ch116.bcbsaz.com
lm-cmv-a12,PoweredOn,tdc-j06-ch116.bcbsaz.com
lm-cmv-a13,PoweredOn,tdc-j06-ch116.bcbsaz.com
lm-cmv-a14,PoweredOn,tdc-j06-ch116.bcbsaz.com
vCLS-1c473ab6-a37b-45ba-89ec-0c924a41ef08,PoweredOn,tdc-j06-ch116.bcbsaz.com
lm-cmv-a02,PoweredOn,tdc-j06-ch117.bcbsaz.com
lm-cmv-a04,PoweredOn,tdc-j06-ch117.bcbsaz.com
lm-cmv-a09,PoweredOn,tdc-j06-ch117.bcbsaz.com
lp-cmv-a01,PoweredOn,tdc-j06-ch117.bcbsaz.com
vCLS-85b18144-0e8e-4e31-82fa-f1015980a169,PoweredOn,tdc-j06-ch117.bcbsaz.com
Z-VRA-tdc-j06-ch117.bcbsaz.com,PoweredOn,tdc-j06-ch117.bcbsaz.com
am-dnm-a01,PoweredOn,tdc-j06-ch218.bcbsaz.com
Z-VRA-tdc-j06-ch218.bcbsaz.com,PoweredOn,tdc-j06-ch218.bcbsaz.com
