baz-mdd01,PoweredOn,tdc-f09-ch111.bcbsaz.com
MD-ALR-SD01,PoweredOn,tdc-f09-ch111.bcbsaz.com
md-exp-sd01,PoweredOn,tdc-f09-ch111.bcbsaz.com
MD-SER-SD01,PoweredOn,tdc-f09-ch111.bcbsaz.com
md-spt-d07,PoweredOn,tdc-f09-ch111.bcbsaz.com
md-sql-d03,PoweredOn,tdc-f09-ch111.bcbsaz.com
md-sql-d13,PoweredOn,tdc-f09-ch111.bcbsaz.com
md-sql-d23,PoweredOn,tdc-f09-ch111.bcbsaz.com
md-sql-fr04n01,PoweredOn,tdc-f09-ch111.bcbsaz.com
md-srs-d01,PoweredOn,tdc-f09-ch111.bcbsaz.com
md-tia-d01,PoweredOn,tdc-f09-ch111.bcbsaz.com
mm-cmv-a16,PoweredOn,tdc-f09-ch111.bcbsaz.com
mt-360-d01,PoweredOn,tdc-f09-ch111.bcbsaz.com
mt-sql-d05,PoweredOn,tdc-f09-ch111.bcbsaz.com
mt-SQL-d07,PoweredOn,tdc-f09-ch111.bcbsaz.com
mt-was-sd02,PoweredOn,tdc-f09-ch111.bcbsaz.com
mu-sql-d07,PoweredOn,tdc-f09-ch111.bcbsaz.com
mu-tia-d02,PoweredOn,tdc-f09-ch111.bcbsaz.com
Z-VRA-tdc-f09-ch111.bcbsaz.com,PoweredOn,tdc-f09-ch111.bcbsaz.com
md-abs-d01,PoweredOn,tdc-f09-ch112.bcbsaz.com
md-bcr-d01,PoweredOn,tdc-f09-ch112.bcbsaz.com
MD-DYN-SD01,PoweredOn,tdc-f09-ch112.bcbsaz.com
md-dyn-sd05,PoweredOn,tdc-f09-ch112.bcbsaz.com
md-etl-fs03,PoweredOn,tdc-f09-ch112.bcbsaz.com
md-fpm-d01,PoweredOn,tdc-f09-ch112.bcbsaz.com
md-glo-d02,PoweredOn,tdc-f09-ch112.bcbsaz.com
md-mdm-sd02,PoweredOn,tdc-f09-ch112.bcbsaz.com
md-peg-d02,PoweredOn,tdc-f09-ch112.bcbsaz.com
md-scr-sd01,PoweredOn,tdc-f09-ch112.bcbsaz.com
md-sql-d14,PoweredOn,tdc-f09-ch112.bcbsaz.com
md-sql-sd01,PoweredOn,tdc-f09-ch112.bcbsaz.com
mt-bcr-d01,PoweredOn,tdc-f09-ch112.bcbsaz.com
MT-NSX-SD01,PoweredOn,tdc-f09-ch112.bcbsaz.com
mt-sas-sd03,PoweredOn,tdc-f09-ch112.bcbsaz.com
mt-sql-d02,PoweredOn,tdc-f09-ch112.bcbsaz.com
mu-dyn-d01,PoweredOn,tdc-f09-ch112.bcbsaz.com
mu-sql-d04,PoweredOn,tdc-f09-ch112.bcbsaz.com
mu-sql-d06,PoweredOn,tdc-f09-ch112.bcbsaz.com
Z-VRA-tdc-f09-ch112.bcbsaz.com,PoweredOn,tdc-f09-ch112.bcbsaz.com
md-bts-sa03,PoweredOn,tdc-f09-ch113.bcbsaz.com
md-dyn-d01,PoweredOn,tdc-f09-ch113.bcbsaz.com
md-mdm-d03,PoweredOn,tdc-f09-ch113.bcbsaz.com
md-plz-d01,PoweredOn,tdc-f09-ch113.bcbsaz.com
md-sql-d06,PoweredOn,tdc-f09-ch113.bcbsaz.com
md-sql-d09,PoweredOn,tdc-f09-ch113.bcbsaz.com
md-sql-d12,PoweredOn,tdc-f09-ch113.bcbsaz.com
md-sql-d24,PoweredOn,tdc-f09-ch113.bcbsaz.com
md-sql-d25,PoweredOn,tdc-f09-ch113.bcbsaz.com
md-sql-sd88,PoweredOn,tdc-f09-ch113.bcbsaz.com
mm-cmv-a18,PoweredOn,tdc-f09-ch113.bcbsaz.com
MT-ETL-FS03,PoweredOn,tdc-f09-ch113.bcbsaz.com
MT-EXP-SD01,PoweredOn,tdc-f09-ch113.bcbsaz.com
MT-ICD-SD01,PoweredOn,tdc-f09-ch113.bcbsaz.com
mt-stp-d01,PoweredOn,tdc-f09-ch113.bcbsaz.com
mu-bcr-d01,PoweredOn,tdc-f09-ch113.bcbsaz.com
mu-ivr-d03,PoweredOn,tdc-f09-ch113.bcbsaz.com
mu-tip-d02,PoweredOn,tdc-f09-ch113.bcbsaz.com
vCLS-5d26e948-a9b8-4a63-8b2d-a1b1fcc50d2c,PoweredOn,tdc-f09-ch113.bcbsaz.com
Z-VRA-tdc-f09-ch113.bcbsaz.com,PoweredOn,tdc-f09-ch113.bcbsaz.com
md-dba-d03,PoweredOn,tdc-f09-ch114.bcbsaz.com
MD-ESC-D01,PoweredOn,tdc-f09-ch114.bcbsaz.com
md-sql-d15,PoweredOn,tdc-f09-ch114.bcbsaz.com
md-sql-d16,PoweredOn,tdc-f09-ch114.bcbsaz.com
md-stp-d01,PoweredOn,tdc-f09-ch114.bcbsaz.com
md-uip-d01,PoweredOn,tdc-f09-ch114.bcbsaz.com
MD-WAS-SD04,PoweredOn,tdc-f09-ch114.bcbsaz.com
MQ-IVR-D01,PoweredOn,tdc-f09-ch114.bcbsaz.com
mt-bii-d01,PoweredOn,tdc-f09-ch114.bcbsaz.com
MT-DYN-SD01,PoweredOn,tdc-f09-ch114.bcbsaz.com
MT-ICD-SD02,PoweredOn,tdc-f09-ch114.bcbsaz.com
mt-sql-d09,PoweredOn,tdc-f09-ch114.bcbsaz.com
mt-sql-sd02,PoweredOn,tdc-f09-ch114.bcbsaz.com
mu-abs-d01,PoweredOn,tdc-f09-ch114.bcbsaz.com
mu-sql-d01,PoweredOn,tdc-f09-ch114.bcbsaz.com
mu-sql-d05,PoweredOn,tdc-f09-ch114.bcbsaz.com
Z-VRA-tdc-f09-ch114.bcbsaz.com,PoweredOn,tdc-f09-ch114.bcbsaz.com
md-bii-d01,PoweredOn,tdc-f09-ch115.bcbsaz.com
md-bii-d02,PoweredOn,tdc-f09-ch115.bcbsaz.com
md-peg-d01,PoweredOn,tdc-f09-ch115.bcbsaz.com
md-sql-d01,PoweredOn,tdc-f09-ch115.bcbsaz.com
md-sql-sd04,PoweredOn,tdc-f09-ch115.bcbsaz.com
MD-SQL-SD07,PoweredOn,tdc-f09-ch115.bcbsaz.com
MD-SSA-FA01,PoweredOn,tdc-f09-ch115.bcbsaz.com
mm-cmv-a17,PoweredOn,tdc-f09-ch115.bcbsaz.com
mt-bii-d02,PoweredOn,tdc-f09-ch115.bcbsaz.com
mt-peg-d01,PoweredOn,tdc-f09-ch115.bcbsaz.com
mt-sql-d01,PoweredOn,tdc-f09-ch115.bcbsaz.com
mt-sql-d04,PoweredOn,tdc-f09-ch115.bcbsaz.com
mt-sql-sd01,PoweredOn,tdc-f09-ch115.bcbsaz.com
mu-plz-d01,PoweredOn,tdc-f09-ch115.bcbsaz.com
mu-sql-d02,PoweredOn,tdc-f09-ch115.bcbsaz.com
mu-tia-d01,PoweredOn,tdc-f09-ch115.bcbsaz.com
mu-tip-d01,PoweredOn,tdc-f09-ch115.bcbsaz.com
MX-ECT-SD01,PoweredOn,tdc-f09-ch115.bcbsaz.com
vCLS-3420172a-fd1a-4207-9368-13343aa9cdb7,PoweredOn,tdc-f09-ch115.bcbsaz.com
Z-VRA-tdc-f09-ch115.bcbsaz.com,PoweredOn,tdc-f09-ch115.bcbsaz.com
md-cms-sd01,PoweredOn,tdc-f09-ch116.bcbsaz.com
md-dyn-sd06,PoweredOn,tdc-f09-ch116.bcbsaz.com
md-dyn-sr05,PoweredOn,tdc-f09-ch116.bcbsaz.com
md-spt-d08,PoweredOn,tdc-f09-ch116.bcbsaz.com
md-sql-d02,PoweredOn,tdc-f09-ch116.bcbsaz.com
md-sql-d10,PoweredOn,tdc-f09-ch116.bcbsaz.com
MD-SQL-SD06,PoweredOn,tdc-f09-ch116.bcbsaz.com
md-sql-sd99,PoweredOn,tdc-f09-ch116.bcbsaz.com
md-tip-d01,PoweredOn,tdc-f09-ch116.bcbsaz.com
md-was-sd01,PoweredOn,tdc-f09-ch116.bcbsaz.com
mm-vra-d01,PoweredOn,tdc-f09-ch116.bcbsaz.com
mt-asn-d01,PoweredOn,tdc-f09-ch116.bcbsaz.com
mt-sql-d03,PoweredOn,tdc-f09-ch116.bcbsaz.com
mt-was-sd01,PoweredOn,tdc-f09-ch116.bcbsaz.com
mu-peg-d01,PoweredOn,tdc-f09-ch116.bcbsaz.com
mu-srs-d01,PoweredOn,tdc-f09-ch116.bcbsaz.com
vCLS-7961320a-2c7a-4ba8-8f23-3a90b26602f0,PoweredOn,tdc-f09-ch116.bcbsaz.com
Z-VRA-tdc-f09-ch116.bcbsaz.com,PoweredOn,tdc-f09-ch116.bcbsaz.com
al-exp-a02,PoweredOn,tdc-f09-ch117.bcbsaz.com
al-exp-a04,PoweredOn,tdc-f09-ch117.bcbsaz.com
al-exp-a05,PoweredOn,tdc-f09-ch117.bcbsaz.com
al-exp-a06,PoweredOn,tdc-f09-ch117.bcbsaz.com
vCLS-5644def3-1059-4706-8038-1e2fb6988e33,PoweredOn,tdc-f09-ch117.bcbsaz.com
al-exp-a01,PoweredOn,tdc-f09-ch118.bcbsaz.com
al-exp-a03,PoweredOn,tdc-f09-ch118.bcbsaz.com
am-cph-a01,PoweredOn,tdc-f09-ch118.bcbsaz.com
am-vrl-a02,PoweredOn,tdc-f09-ch118.bcbsaz.com
am-vrl-a03,PoweredOn,tdc-f09-ch118.bcbsaz.com
am-vrl-a04,PoweredOn,tdc-f09-ch118.bcbsaz.com
vCLS-d3765736-f660-4d22-ba9d-5d3563c1279f,PoweredOn,tdc-f09-ch118.bcbsaz.com
MM-SCS-SS11,PoweredOn,tdc-f09-ch126.bcbsaz.com
vCLS-1f5001ef-cddd-4a32-b321-96c913fba4c8,PoweredOn,tdc-f09-ch126.bcbsaz.com
