MP-CTX-PVS32,PoweredOn,tdc-e11-ch201.bcbsaz.com
VPCW10PRD0001,PoweredOn,tdc-e11-ch201.bcbsaz.com
VPCW10PRD0010,PoweredOn,tdc-e11-ch201.bcbsaz.com
VPCW10PRD0059,PoweredOn,tdc-e11-ch201.bcbsaz.com
VPCW10PRD0103,PoweredOn,tdc-e11-ch201.bcbsaz.com
VPCW10PRD0242,PoweredOn,tdc-e11-ch201.bcbsaz.com
VPCW10PRD0303,PoweredOn,tdc-e11-ch201.bcbsaz.com
VPCW10PRD0319,PoweredOn,tdc-e11-ch201.bcbsaz.com
VPCW10PRD0349,PoweredOn,tdc-e11-ch201.bcbsaz.com
VPCW10PRD0370,PoweredOn,tdc-e11-ch201.bcbsaz.com
VPCW10PRD0381,PoweredOn,tdc-e11-ch201.bcbsaz.com
VPCW10PRD0396,PoweredOn,tdc-e11-ch201.bcbsaz.com
VPCW10PRD0446,PoweredOn,tdc-e11-ch201.bcbsaz.com
VPCW10PRD0447,PoweredOn,tdc-e11-ch201.bcbsaz.com
VPCW10PRD0461,PoweredOn,tdc-e11-ch201.bcbsaz.com
VPCW10PRD0525,PoweredOn,tdc-e11-ch201.bcbsaz.com
VPCW10PRD0530,PoweredOn,tdc-e11-ch201.bcbsaz.com
VPCW10PRD0531,PoweredOn,tdc-e11-ch201.bcbsaz.com
VPCW10PRD0543,PoweredOn,tdc-e11-ch201.bcbsaz.com
VPCW10PRD0551,PoweredOn,tdc-e11-ch201.bcbsaz.com
VPCW10PRD0645,PoweredOn,tdc-e11-ch201.bcbsaz.com
VPCW10PRD0646,PoweredOn,tdc-e11-ch201.bcbsaz.com
VPCW10PRD0672,PoweredOn,tdc-e11-ch201.bcbsaz.com
VPCW10PRD0695,PoweredOn,tdc-e11-ch201.bcbsaz.com
VPCW10PRD0703,PoweredOn,tdc-e11-ch201.bcbsaz.com
VPCW10PRD0717,PoweredOn,tdc-e11-ch201.bcbsaz.com
VPCW10PRD0734,PoweredOn,tdc-e11-ch201.bcbsaz.com
VPCW10PRD0763,PoweredOn,tdc-e11-ch201.bcbsaz.com
VPCW10PRD0814,PoweredOn,tdc-e11-ch201.bcbsaz.com
VPCW10PRD0818,PoweredOn,tdc-e11-ch201.bcbsaz.com
VPCW10PRD0824,PoweredOn,tdc-e11-ch201.bcbsaz.com
VPCW10PRD0839,PoweredOn,tdc-e11-ch201.bcbsaz.com
VPCW10PRD0862,PoweredOn,tdc-e11-ch201.bcbsaz.com
VPCW10PRD0870,PoweredOn,tdc-e11-ch201.bcbsaz.com
VPCW10PRD0903,PoweredOn,tdc-e11-ch201.bcbsaz.com
VPCW10PRD0950,PoweredOn,tdc-e11-ch201.bcbsaz.com
VPCW10PRD0955,PoweredOn,tdc-e11-ch201.bcbsaz.com
VPCW10PRD0958,PoweredOn,tdc-e11-ch201.bcbsaz.com
VPCW10PRD0959,PoweredOn,tdc-e11-ch201.bcbsaz.com
VPCW10PRD1011,PoweredOn,tdc-e11-ch201.bcbsaz.com
VPCW10PRD1012,PoweredOn,tdc-e11-ch201.bcbsaz.com
VPCW10PRD1015,PoweredOn,tdc-e11-ch201.bcbsaz.com
VPCW10PRD1030,PoweredOn,tdc-e11-ch201.bcbsaz.com
VPCW10PRD1042,PoweredOn,tdc-e11-ch201.bcbsaz.com
VPCW10PRD1098,PoweredOn,tdc-e11-ch201.bcbsaz.com
VPCW10PRD1166,PoweredOn,tdc-e11-ch201.bcbsaz.com
VPCW10PRDA046,PoweredOn,tdc-e11-ch201.bcbsaz.com
VPCW10PRDA102,PoweredOn,tdc-e11-ch201.bcbsaz.com
VPCW10PRDA109,PoweredOn,tdc-e11-ch201.bcbsaz.com
VPCW10PRDA121,PoweredOn,tdc-e11-ch201.bcbsaz.com
VPCW10PRDA177,PoweredOn,tdc-e11-ch201.bcbsaz.com
VPCW10PRDA212,PoweredOn,tdc-e11-ch201.bcbsaz.com
VPCW10PRDA213,PoweredOn,tdc-e11-ch201.bcbsaz.com
Z-VRA-tdc-e11-ch201.bcbsaz.com,PoweredOn,tdc-e11-ch201.bcbsaz.com
MP-CTX-IMG03,PoweredOn,tdc-e11-ch202.bcbsaz.com
VPCW10PRD0012,PoweredOn,tdc-e11-ch202.bcbsaz.com
VPCW10PRD0063,PoweredOn,tdc-e11-ch202.bcbsaz.com
VPCW10PRD0143,PoweredOn,tdc-e11-ch202.bcbsaz.com
VPCW10PRD0147,PoweredOn,tdc-e11-ch202.bcbsaz.com
VPCW10PRD0152,PoweredOn,tdc-e11-ch202.bcbsaz.com
VPCW10PRD0159,PoweredOn,tdc-e11-ch202.bcbsaz.com
VPCW10PRD0163,PoweredOn,tdc-e11-ch202.bcbsaz.com
VPCW10PRD0216,PoweredOn,tdc-e11-ch202.bcbsaz.com
VPCW10PRD0233,PoweredOn,tdc-e11-ch202.bcbsaz.com
VPCW10PRD0259,PoweredOn,tdc-e11-ch202.bcbsaz.com
VPCW10PRD0266,PoweredOn,tdc-e11-ch202.bcbsaz.com
VPCW10PRD0267,PoweredOn,tdc-e11-ch202.bcbsaz.com
VPCW10PRD0278,PoweredOn,tdc-e11-ch202.bcbsaz.com
VPCW10PRD0325,PoweredOn,tdc-e11-ch202.bcbsaz.com
VPCW10PRD0404,PoweredOn,tdc-e11-ch202.bcbsaz.com
VPCW10PRD0431,PoweredOn,tdc-e11-ch202.bcbsaz.com
VPCW10PRD0474,PoweredOn,tdc-e11-ch202.bcbsaz.com
VPCW10PRD0563,PoweredOn,tdc-e11-ch202.bcbsaz.com
VPCW10PRD0586,PoweredOn,tdc-e11-ch202.bcbsaz.com
VPCW10PRD0600,PoweredOn,tdc-e11-ch202.bcbsaz.com
VPCW10PRD0618,PoweredOn,tdc-e11-ch202.bcbsaz.com
VPCW10PRD0635,PoweredOn,tdc-e11-ch202.bcbsaz.com
VPCW10PRD0668,PoweredOn,tdc-e11-ch202.bcbsaz.com
VPCW10PRD0678,PoweredOn,tdc-e11-ch202.bcbsaz.com
VPCW10PRD0720,PoweredOn,tdc-e11-ch202.bcbsaz.com
VPCW10PRD0782,PoweredOn,tdc-e11-ch202.bcbsaz.com
VPCW10PRD0828,PoweredOn,tdc-e11-ch202.bcbsaz.com
VPCW10PRD0830,PoweredOn,tdc-e11-ch202.bcbsaz.com
VPCW10PRD0846,PoweredOn,tdc-e11-ch202.bcbsaz.com
VPCW10PRD0935,PoweredOn,tdc-e11-ch202.bcbsaz.com
VPCW10PRD0940,PoweredOn,tdc-e11-ch202.bcbsaz.com
VPCW10PRD0973,PoweredOn,tdc-e11-ch202.bcbsaz.com
VPCW10PRD1066,PoweredOn,tdc-e11-ch202.bcbsaz.com
VPCW10PRD1083,PoweredOn,tdc-e11-ch202.bcbsaz.com
VPCW10PRD1085,PoweredOn,tdc-e11-ch202.bcbsaz.com
VPCW10PRD2007,PoweredOn,tdc-e11-ch202.bcbsaz.com
VPCW10PRD2019,PoweredOn,tdc-e11-ch202.bcbsaz.com
VPCW10PRDA006,PoweredOn,tdc-e11-ch202.bcbsaz.com
VPCW10PRDA048,PoweredOn,tdc-e11-ch202.bcbsaz.com
VPCW10PRDA085,PoweredOn,tdc-e11-ch202.bcbsaz.com
VPCW10PRDA095,PoweredOn,tdc-e11-ch202.bcbsaz.com
VPCW10PRDA162,PoweredOn,tdc-e11-ch202.bcbsaz.com
VPCW10PRDA168,PoweredOn,tdc-e11-ch202.bcbsaz.com
VPCW10PRDA185,PoweredOn,tdc-e11-ch202.bcbsaz.com
VPCW10PRDA186,PoweredOn,tdc-e11-ch202.bcbsaz.com
VPCW10PRDA196,PoweredOn,tdc-e11-ch202.bcbsaz.com
VPCW10PRDA236,PoweredOn,tdc-e11-ch202.bcbsaz.com
VPCW10PRDA238,PoweredOn,tdc-e11-ch202.bcbsaz.com
VPCXD715IMG01,PoweredOn,tdc-e11-ch202.bcbsaz.com
Z-VRA-tdc-e11-ch202.bcbsaz.com,PoweredOn,tdc-e11-ch202.bcbsaz.com
VPCW10IMG07,PoweredOn,tdc-e11-ch203.bcbsaz.com
VPCW10PRD0019,PoweredOn,tdc-e11-ch203.bcbsaz.com
VPCW10PRD0071,PoweredOn,tdc-e11-ch203.bcbsaz.com
VPCW10PRD0085,PoweredOn,tdc-e11-ch203.bcbsaz.com
VPCW10PRD0145,PoweredOn,tdc-e11-ch203.bcbsaz.com
VPCW10PRD0162,PoweredOn,tdc-e11-ch203.bcbsaz.com
VPCW10PRD0207,PoweredOn,tdc-e11-ch203.bcbsaz.com
VPCW10PRD0218,PoweredOn,tdc-e11-ch203.bcbsaz.com
VPCW10PRD0223,PoweredOn,tdc-e11-ch203.bcbsaz.com
VPCW10PRD0235,PoweredOn,tdc-e11-ch203.bcbsaz.com
VPCW10PRD0295,PoweredOn,tdc-e11-ch203.bcbsaz.com
VPCW10PRD0304,PoweredOn,tdc-e11-ch203.bcbsaz.com
VPCW10PRD0310,PoweredOn,tdc-e11-ch203.bcbsaz.com
VPCW10PRD0334,PoweredOn,tdc-e11-ch203.bcbsaz.com
VPCW10PRD0351,PoweredOn,tdc-e11-ch203.bcbsaz.com
VPCW10PRD0436,PoweredOn,tdc-e11-ch203.bcbsaz.com
VPCW10PRD0443,PoweredOn,tdc-e11-ch203.bcbsaz.com
VPCW10PRD0445,PoweredOn,tdc-e11-ch203.bcbsaz.com
VPCW10PRD0475,PoweredOn,tdc-e11-ch203.bcbsaz.com
VPCW10PRD0503,PoweredOn,tdc-e11-ch203.bcbsaz.com
VPCW10PRD0536,PoweredOn,tdc-e11-ch203.bcbsaz.com
VPCW10PRD0598,PoweredOn,tdc-e11-ch203.bcbsaz.com
VPCW10PRD0647,PoweredOn,tdc-e11-ch203.bcbsaz.com
VPCW10PRD0654,PoweredOn,tdc-e11-ch203.bcbsaz.com
VPCW10PRD0680,PoweredOn,tdc-e11-ch203.bcbsaz.com
VPCW10PRD0696,PoweredOn,tdc-e11-ch203.bcbsaz.com
VPCW10PRD0710,PoweredOn,tdc-e11-ch203.bcbsaz.com
VPCW10PRD0737,PoweredOn,tdc-e11-ch203.bcbsaz.com
VPCW10PRD0751,PoweredOn,tdc-e11-ch203.bcbsaz.com
VPCW10PRD0768,PoweredOn,tdc-e11-ch203.bcbsaz.com
VPCW10PRD0777,PoweredOn,tdc-e11-ch203.bcbsaz.com
VPCW10PRD0853,PoweredOn,tdc-e11-ch203.bcbsaz.com
VPCW10PRD0869,PoweredOn,tdc-e11-ch203.bcbsaz.com
VPCW10PRD0877,PoweredOn,tdc-e11-ch203.bcbsaz.com
VPCW10PRD0896,PoweredOn,tdc-e11-ch203.bcbsaz.com
VPCW10PRD0897,PoweredOn,tdc-e11-ch203.bcbsaz.com
VPCW10PRD0917,PoweredOn,tdc-e11-ch203.bcbsaz.com
VPCW10PRD0921,PoweredOn,tdc-e11-ch203.bcbsaz.com
VPCW10PRD1062,PoweredOn,tdc-e11-ch203.bcbsaz.com
VPCW10PRD1072,PoweredOn,tdc-e11-ch203.bcbsaz.com
VPCW10PRD1079,PoweredOn,tdc-e11-ch203.bcbsaz.com
VPCW10PRD1118,PoweredOn,tdc-e11-ch203.bcbsaz.com
VPCW10PRD1143,PoweredOn,tdc-e11-ch203.bcbsaz.com
VPCW10PRD1158,PoweredOn,tdc-e11-ch203.bcbsaz.com
VPCW10PRDA027,PoweredOn,tdc-e11-ch203.bcbsaz.com
VPCW10PRDA039,PoweredOn,tdc-e11-ch203.bcbsaz.com
VPCW10PRDA055,PoweredOn,tdc-e11-ch203.bcbsaz.com
VPCW10PRDA061,PoweredOn,tdc-e11-ch203.bcbsaz.com
VPCW10PRDA069,PoweredOn,tdc-e11-ch203.bcbsaz.com
VPCW10PRDA080,PoweredOn,tdc-e11-ch203.bcbsaz.com
VPCW10PRDA094,PoweredOn,tdc-e11-ch203.bcbsaz.com
VPCW10PRDA112,PoweredOn,tdc-e11-ch203.bcbsaz.com
VPCW10PRDA145,PoweredOn,tdc-e11-ch203.bcbsaz.com
VPCW10PRDA148,PoweredOn,tdc-e11-ch203.bcbsaz.com
VPCW10PRDA247,PoweredOn,tdc-e11-ch203.bcbsaz.com
VPCW10UAT04,PoweredOn,tdc-e11-ch203.bcbsaz.com
Z-VRA-tdc-e11-ch203.bcbsaz.com,PoweredOn,tdc-e11-ch203.bcbsaz.com
MP-CTX-PVS25,PoweredOn,tdc-e11-ch204.bcbsaz.com
VPCW10IMG09,PoweredOn,tdc-e11-ch204.bcbsaz.com
VPCW10PRD0005,PoweredOn,tdc-e11-ch204.bcbsaz.com
VPCW10PRD0045,PoweredOn,tdc-e11-ch204.bcbsaz.com
VPCW10PRD0080,PoweredOn,tdc-e11-ch204.bcbsaz.com
VPCW10PRD0081,PoweredOn,tdc-e11-ch204.bcbsaz.com
VPCW10PRD0097,PoweredOn,tdc-e11-ch204.bcbsaz.com
VPCW10PRD0117,PoweredOn,tdc-e11-ch204.bcbsaz.com
VPCW10PRD0131,PoweredOn,tdc-e11-ch204.bcbsaz.com
VPCW10PRD0196,PoweredOn,tdc-e11-ch204.bcbsaz.com
VPCW10PRD0209,PoweredOn,tdc-e11-ch204.bcbsaz.com
VPCW10PRD0230,PoweredOn,tdc-e11-ch204.bcbsaz.com
VPCW10PRD0231,PoweredOn,tdc-e11-ch204.bcbsaz.com
VPCW10PRD0265,PoweredOn,tdc-e11-ch204.bcbsaz.com
VPCW10PRD0268,PoweredOn,tdc-e11-ch204.bcbsaz.com
VPCW10PRD0291,PoweredOn,tdc-e11-ch204.bcbsaz.com
VPCW10PRD0301,PoweredOn,tdc-e11-ch204.bcbsaz.com
VPCW10PRD0316,PoweredOn,tdc-e11-ch204.bcbsaz.com
VPCW10PRD0343,PoweredOn,tdc-e11-ch204.bcbsaz.com
VPCW10PRD0387,PoweredOn,tdc-e11-ch204.bcbsaz.com
VPCW10PRD0395,PoweredOn,tdc-e11-ch204.bcbsaz.com
VPCW10PRD0420,PoweredOn,tdc-e11-ch204.bcbsaz.com
VPCW10PRD0422,PoweredOn,tdc-e11-ch204.bcbsaz.com
VPCW10PRD0449,PoweredOn,tdc-e11-ch204.bcbsaz.com
VPCW10PRD0485,PoweredOn,tdc-e11-ch204.bcbsaz.com
VPCW10PRD0492,PoweredOn,tdc-e11-ch204.bcbsaz.com
VPCW10PRD0501,PoweredOn,tdc-e11-ch204.bcbsaz.com
VPCW10PRD0562,PoweredOn,tdc-e11-ch204.bcbsaz.com
VPCW10PRD0565,PoweredOn,tdc-e11-ch204.bcbsaz.com
VPCW10PRD0568,PoweredOn,tdc-e11-ch204.bcbsaz.com
VPCW10PRD0571,PoweredOn,tdc-e11-ch204.bcbsaz.com
VPCW10PRD0579,PoweredOn,tdc-e11-ch204.bcbsaz.com
VPCW10PRD0637,PoweredOn,tdc-e11-ch204.bcbsaz.com
VPCW10PRD0651,PoweredOn,tdc-e11-ch204.bcbsaz.com
VPCW10PRD0706,PoweredOn,tdc-e11-ch204.bcbsaz.com
VPCW10PRD0714,PoweredOn,tdc-e11-ch204.bcbsaz.com
VPCW10PRD0722,PoweredOn,tdc-e11-ch204.bcbsaz.com
VPCW10PRD0731,PoweredOn,tdc-e11-ch204.bcbsaz.com
VPCW10PRD0759,PoweredOn,tdc-e11-ch204.bcbsaz.com
VPCW10PRD0765,PoweredOn,tdc-e11-ch204.bcbsaz.com
VPCW10PRD0798,PoweredOn,tdc-e11-ch204.bcbsaz.com
VPCW10PRD0836,PoweredOn,tdc-e11-ch204.bcbsaz.com
VPCW10PRD0851,PoweredOn,tdc-e11-ch204.bcbsaz.com
VPCW10PRD0905,PoweredOn,tdc-e11-ch204.bcbsaz.com
VPCW10PRD0913,PoweredOn,tdc-e11-ch204.bcbsaz.com
VPCW10PRD0914,PoweredOn,tdc-e11-ch204.bcbsaz.com
VPCW10PRD0946,PoweredOn,tdc-e11-ch204.bcbsaz.com
VPCW10PRD0972,PoweredOn,tdc-e11-ch204.bcbsaz.com
VPCW10PRD1028,PoweredOn,tdc-e11-ch204.bcbsaz.com
VPCW10PRD1044,PoweredOn,tdc-e11-ch204.bcbsaz.com
VPCW10PRD1105,PoweredOn,tdc-e11-ch204.bcbsaz.com
VPCW10PRD1112,PoweredOn,tdc-e11-ch204.bcbsaz.com
VPCW10PRD1169,PoweredOn,tdc-e11-ch204.bcbsaz.com
VPCW10PRD1171,PoweredOn,tdc-e11-ch204.bcbsaz.com
VPCW10PRD1175,PoweredOn,tdc-e11-ch204.bcbsaz.com
VPCW10PRD2008,PoweredOn,tdc-e11-ch204.bcbsaz.com
VPCW10PRDA064,PoweredOn,tdc-e11-ch204.bcbsaz.com
VPCW10PRDA120,PoweredOn,tdc-e11-ch204.bcbsaz.com
VPCW10PRDA151,PoweredOn,tdc-e11-ch204.bcbsaz.com
VPCW10PRDA189,PoweredOn,tdc-e11-ch204.bcbsaz.com
VPCW10PRDA195,PoweredOn,tdc-e11-ch204.bcbsaz.com
VPCW10PRDA237,PoweredOn,tdc-e11-ch204.bcbsaz.com
Z-VRA-tdc-e11-ch204.bcbsaz.com,PoweredOn,tdc-e11-ch204.bcbsaz.com
Am-cup-a01,PoweredOn,tdc-e11-ch205.bcbsaz.com
Am-cup-a04,PoweredOn,tdc-e11-ch205.bcbsaz.com
VPCW10PRD0047,PoweredOn,tdc-e11-ch205.bcbsaz.com
VPCW10PRD0053,PoweredOn,tdc-e11-ch205.bcbsaz.com
VPCW10PRD0076,PoweredOn,tdc-e11-ch205.bcbsaz.com
VPCW10PRD0079,PoweredOn,tdc-e11-ch205.bcbsaz.com
VPCW10PRD0082,PoweredOn,tdc-e11-ch205.bcbsaz.com
VPCW10PRD0126,PoweredOn,tdc-e11-ch205.bcbsaz.com
VPCW10PRD0165,PoweredOn,tdc-e11-ch205.bcbsaz.com
VPCW10PRD0185,PoweredOn,tdc-e11-ch205.bcbsaz.com
VPCW10PRD0189,PoweredOn,tdc-e11-ch205.bcbsaz.com
VPCW10PRD0217,PoweredOn,tdc-e11-ch205.bcbsaz.com
VPCW10PRD0247,PoweredOn,tdc-e11-ch205.bcbsaz.com
VPCW10PRD0275,PoweredOn,tdc-e11-ch205.bcbsaz.com
VPCW10PRD0276,PoweredOn,tdc-e11-ch205.bcbsaz.com
VPCW10PRD0290,PoweredOn,tdc-e11-ch205.bcbsaz.com
VPCW10PRD0311,PoweredOn,tdc-e11-ch205.bcbsaz.com
VPCW10PRD0358,PoweredOn,tdc-e11-ch205.bcbsaz.com
VPCW10PRD0371,PoweredOn,tdc-e11-ch205.bcbsaz.com
VPCW10PRD0384,PoweredOn,tdc-e11-ch205.bcbsaz.com
VPCW10PRD0417,PoweredOn,tdc-e11-ch205.bcbsaz.com
VPCW10PRD0465,PoweredOn,tdc-e11-ch205.bcbsaz.com
VPCW10PRD0476,PoweredOn,tdc-e11-ch205.bcbsaz.com
VPCW10PRD0498,PoweredOn,tdc-e11-ch205.bcbsaz.com
VPCW10PRD0516,PoweredOn,tdc-e11-ch205.bcbsaz.com
VPCW10PRD0518,PoweredOn,tdc-e11-ch205.bcbsaz.com
VPCW10PRD0583,PoweredOn,tdc-e11-ch205.bcbsaz.com
VPCW10PRD0601,PoweredOn,tdc-e11-ch205.bcbsaz.com
VPCW10PRD0602,PoweredOn,tdc-e11-ch205.bcbsaz.com
VPCW10PRD0617,PoweredOn,tdc-e11-ch205.bcbsaz.com
VPCW10PRD0644,PoweredOn,tdc-e11-ch205.bcbsaz.com
VPCW10PRD0744,PoweredOn,tdc-e11-ch205.bcbsaz.com
VPCW10PRD0745,PoweredOn,tdc-e11-ch205.bcbsaz.com
VPCW10PRD0802,PoweredOn,tdc-e11-ch205.bcbsaz.com
VPCW10PRD0808,PoweredOn,tdc-e11-ch205.bcbsaz.com
VPCW10PRD0864,PoweredOn,tdc-e11-ch205.bcbsaz.com
VPCW10PRD0907,PoweredOn,tdc-e11-ch205.bcbsaz.com
VPCW10PRD0937,PoweredOn,tdc-e11-ch205.bcbsaz.com
VPCW10PRD0985,PoweredOn,tdc-e11-ch205.bcbsaz.com
VPCW10PRD1092,PoweredOn,tdc-e11-ch205.bcbsaz.com
VPCW10PRD1107,PoweredOn,tdc-e11-ch205.bcbsaz.com
VPCW10PRD1163,PoweredOn,tdc-e11-ch205.bcbsaz.com
VPCW10PRD2014,PoweredOn,tdc-e11-ch205.bcbsaz.com
VPCW10PRDA017,PoweredOn,tdc-e11-ch205.bcbsaz.com
VPCW10PRDA045,PoweredOn,tdc-e11-ch205.bcbsaz.com
VPCW10PRDA068,PoweredOn,tdc-e11-ch205.bcbsaz.com
VPCW10PRDA107,PoweredOn,tdc-e11-ch205.bcbsaz.com
VPCW10PRDA154,PoweredOn,tdc-e11-ch205.bcbsaz.com
VPCW10PRDA235,PoweredOn,tdc-e11-ch205.bcbsaz.com
Z-VRA-tdc-e11-ch205.bcbsaz.com,PoweredOn,tdc-e11-ch205.bcbsaz.com
Am-cup-a03,PoweredOn,tdc-e11-ch206.bcbsaz.com
VPCW10PRD0040,PoweredOn,tdc-e11-ch206.bcbsaz.com
VPCW10PRD0089,PoweredOn,tdc-e11-ch206.bcbsaz.com
VPCW10PRD0093,PoweredOn,tdc-e11-ch206.bcbsaz.com
VPCW10PRD0128,PoweredOn,tdc-e11-ch206.bcbsaz.com
VPCW10PRD0136,PoweredOn,tdc-e11-ch206.bcbsaz.com
VPCW10PRD0146,PoweredOn,tdc-e11-ch206.bcbsaz.com
VPCW10PRD0151,PoweredOn,tdc-e11-ch206.bcbsaz.com
VPCW10PRD0158,PoweredOn,tdc-e11-ch206.bcbsaz.com
VPCW10PRD0168,PoweredOn,tdc-e11-ch206.bcbsaz.com
VPCW10PRD0272,PoweredOn,tdc-e11-ch206.bcbsaz.com
VPCW10PRD0318,PoweredOn,tdc-e11-ch206.bcbsaz.com
VPCW10PRD0367,PoweredOn,tdc-e11-ch206.bcbsaz.com
VPCW10PRD0394,PoweredOn,tdc-e11-ch206.bcbsaz.com
VPCW10PRD0408,PoweredOn,tdc-e11-ch206.bcbsaz.com
VPCW10PRD0430,PoweredOn,tdc-e11-ch206.bcbsaz.com
VPCW10PRD0453,PoweredOn,tdc-e11-ch206.bcbsaz.com
VPCW10PRD0457,PoweredOn,tdc-e11-ch206.bcbsaz.com
VPCW10PRD0466,PoweredOn,tdc-e11-ch206.bcbsaz.com
VPCW10PRD0538,PoweredOn,tdc-e11-ch206.bcbsaz.com
VPCW10PRD0567,PoweredOn,tdc-e11-ch206.bcbsaz.com
VPCW10PRD0592,PoweredOn,tdc-e11-ch206.bcbsaz.com
VPCW10PRD0599,PoweredOn,tdc-e11-ch206.bcbsaz.com
VPCW10PRD0605,PoweredOn,tdc-e11-ch206.bcbsaz.com
VPCW10PRD0608,PoweredOn,tdc-e11-ch206.bcbsaz.com
VPCW10PRD0662,PoweredOn,tdc-e11-ch206.bcbsaz.com
VPCW10PRD0690,PoweredOn,tdc-e11-ch206.bcbsaz.com
VPCW10PRD0707,PoweredOn,tdc-e11-ch206.bcbsaz.com
VPCW10PRD0725,PoweredOn,tdc-e11-ch206.bcbsaz.com
VPCW10PRD0733,PoweredOn,tdc-e11-ch206.bcbsaz.com
VPCW10PRD0771,PoweredOn,tdc-e11-ch206.bcbsaz.com
VPCW10PRD0783,PoweredOn,tdc-e11-ch206.bcbsaz.com
VPCW10PRD0791,PoweredOn,tdc-e11-ch206.bcbsaz.com
VPCW10PRD0805,PoweredOn,tdc-e11-ch206.bcbsaz.com
VPCW10PRD0847,PoweredOn,tdc-e11-ch206.bcbsaz.com
VPCW10PRD0929,PoweredOn,tdc-e11-ch206.bcbsaz.com
VPCW10PRD0945,PoweredOn,tdc-e11-ch206.bcbsaz.com
VPCW10PRD0953,PoweredOn,tdc-e11-ch206.bcbsaz.com
VPCW10PRD0975,PoweredOn,tdc-e11-ch206.bcbsaz.com
VPCW10PRD1009,PoweredOn,tdc-e11-ch206.bcbsaz.com
VPCW10PRD1051,PoweredOn,tdc-e11-ch206.bcbsaz.com
VPCW10PRD1127,PoweredOn,tdc-e11-ch206.bcbsaz.com
VPCW10PRD1130,PoweredOn,tdc-e11-ch206.bcbsaz.com
VPCW10PRD2001,PoweredOn,tdc-e11-ch206.bcbsaz.com
VPCW10PRD2021,PoweredOn,tdc-e11-ch206.bcbsaz.com
VPCW10PRD2022,PoweredOn,tdc-e11-ch206.bcbsaz.com
VPCW10PRDA015,PoweredOn,tdc-e11-ch206.bcbsaz.com
VPCW10PRDA047,PoweredOn,tdc-e11-ch206.bcbsaz.com
VPCW10PRDA114,PoweredOn,tdc-e11-ch206.bcbsaz.com
VPCW10PRDA153,PoweredOn,tdc-e11-ch206.bcbsaz.com
VPCW10PRDA205,PoweredOn,tdc-e11-ch206.bcbsaz.com
VPCW10PRDA245,PoweredOn,tdc-e11-ch206.bcbsaz.com
MP-CTX-PVS31,PoweredOn,tdc-e11-ch207.bcbsaz.com
VPCW10PRD0021,PoweredOn,tdc-e11-ch207.bcbsaz.com
VPCW10PRD0043,PoweredOn,tdc-e11-ch207.bcbsaz.com
VPCW10PRD0072,PoweredOn,tdc-e11-ch207.bcbsaz.com
VPCW10PRD0137,PoweredOn,tdc-e11-ch207.bcbsaz.com
VPCW10PRD0140,PoweredOn,tdc-e11-ch207.bcbsaz.com
VPCW10PRD0142,PoweredOn,tdc-e11-ch207.bcbsaz.com
VPCW10PRD0175,PoweredOn,tdc-e11-ch207.bcbsaz.com
VPCW10PRD0180,PoweredOn,tdc-e11-ch207.bcbsaz.com
VPCW10PRD0199,PoweredOn,tdc-e11-ch207.bcbsaz.com
VPCW10PRD0215,PoweredOn,tdc-e11-ch207.bcbsaz.com
VPCW10PRD0320,PoweredOn,tdc-e11-ch207.bcbsaz.com
VPCW10PRD0330,PoweredOn,tdc-e11-ch207.bcbsaz.com
VPCW10PRD0345,PoweredOn,tdc-e11-ch207.bcbsaz.com
VPCW10PRD0353,PoweredOn,tdc-e11-ch207.bcbsaz.com
VPCW10PRD0355,PoweredOn,tdc-e11-ch207.bcbsaz.com
VPCW10PRD0414,PoweredOn,tdc-e11-ch207.bcbsaz.com
VPCW10PRD0416,PoweredOn,tdc-e11-ch207.bcbsaz.com
VPCW10PRD0442,PoweredOn,tdc-e11-ch207.bcbsaz.com
VPCW10PRD0460,PoweredOn,tdc-e11-ch207.bcbsaz.com
VPCW10PRD0462,PoweredOn,tdc-e11-ch207.bcbsaz.com
VPCW10PRD0489,PoweredOn,tdc-e11-ch207.bcbsaz.com
VPCW10PRD0490,PoweredOn,tdc-e11-ch207.bcbsaz.com
VPCW10PRD0496,PoweredOn,tdc-e11-ch207.bcbsaz.com
VPCW10PRD0509,PoweredOn,tdc-e11-ch207.bcbsaz.com
VPCW10PRD0510,PoweredOn,tdc-e11-ch207.bcbsaz.com
VPCW10PRD0537,PoweredOn,tdc-e11-ch207.bcbsaz.com
VPCW10PRD0541,PoweredOn,tdc-e11-ch207.bcbsaz.com
VPCW10PRD0559,PoweredOn,tdc-e11-ch207.bcbsaz.com
VPCW10PRD0581,PoweredOn,tdc-e11-ch207.bcbsaz.com
VPCW10PRD0604,PoweredOn,tdc-e11-ch207.bcbsaz.com
VPCW10PRD0610,PoweredOn,tdc-e11-ch207.bcbsaz.com
VPCW10PRD0616,PoweredOn,tdc-e11-ch207.bcbsaz.com
VPCW10PRD0621,PoweredOn,tdc-e11-ch207.bcbsaz.com
VPCW10PRD0655,PoweredOn,tdc-e11-ch207.bcbsaz.com
VPCW10PRD0669,PoweredOn,tdc-e11-ch207.bcbsaz.com
VPCW10PRD0684,PoweredOn,tdc-e11-ch207.bcbsaz.com
VPCW10PRD0704,PoweredOn,tdc-e11-ch207.bcbsaz.com
VPCW10PRD0804,PoweredOn,tdc-e11-ch207.bcbsaz.com
VPCW10PRD0823,PoweredOn,tdc-e11-ch207.bcbsaz.com
VPCW10PRD0875,PoweredOn,tdc-e11-ch207.bcbsaz.com
VPCW10PRD0895,PoweredOn,tdc-e11-ch207.bcbsaz.com
VPCW10PRD0948,PoweredOn,tdc-e11-ch207.bcbsaz.com
VPCW10PRD0997,PoweredOn,tdc-e11-ch207.bcbsaz.com
VPCW10PRD1005,PoweredOn,tdc-e11-ch207.bcbsaz.com
VPCW10PRD1041,PoweredOn,tdc-e11-ch207.bcbsaz.com
VPCW10PRD1073,PoweredOn,tdc-e11-ch207.bcbsaz.com
VPCW10PRDA023,PoweredOn,tdc-e11-ch207.bcbsaz.com
VPCW10PRDA031,PoweredOn,tdc-e11-ch207.bcbsaz.com
VPCW10PRDA032,PoweredOn,tdc-e11-ch207.bcbsaz.com
VPCW10PRDA096,PoweredOn,tdc-e11-ch207.bcbsaz.com
VPCW10PRDA098,PoweredOn,tdc-e11-ch207.bcbsaz.com
VPCW10PRDA150,PoweredOn,tdc-e11-ch207.bcbsaz.com
VPCW10PRDA184,PoweredOn,tdc-e11-ch207.bcbsaz.com
VPCW10PRDA203,PoweredOn,tdc-e11-ch207.bcbsaz.com
VPCW10PRDA216,PoweredOn,tdc-e11-ch207.bcbsaz.com
VPCW10PRDA241,PoweredOn,tdc-e11-ch207.bcbsaz.com
VPCW10PRDA250,PoweredOn,tdc-e11-ch207.bcbsaz.com
Am-cup-a02,PoweredOn,tdc-e11-ch208.bcbsaz.com
VPCW10PRD0011,PoweredOn,tdc-e11-ch208.bcbsaz.com
VPCW10PRD0027,PoweredOn,tdc-e11-ch208.bcbsaz.com
VPCW10PRD0030,PoweredOn,tdc-e11-ch208.bcbsaz.com
VPCW10PRD0091,PoweredOn,tdc-e11-ch208.bcbsaz.com
VPCW10PRD0120,PoweredOn,tdc-e11-ch208.bcbsaz.com
VPCW10PRD0133,PoweredOn,tdc-e11-ch208.bcbsaz.com
VPCW10PRD0139,PoweredOn,tdc-e11-ch208.bcbsaz.com
VPCW10PRD0160,PoweredOn,tdc-e11-ch208.bcbsaz.com
VPCW10PRD0166,PoweredOn,tdc-e11-ch208.bcbsaz.com
VPCW10PRD0170,PoweredOn,tdc-e11-ch208.bcbsaz.com
VPCW10PRD0192,PoweredOn,tdc-e11-ch208.bcbsaz.com
VPCW10PRD0234,PoweredOn,tdc-e11-ch208.bcbsaz.com
VPCW10PRD0244,PoweredOn,tdc-e11-ch208.bcbsaz.com
VPCW10PRD0251,PoweredOn,tdc-e11-ch208.bcbsaz.com
VPCW10PRD0253,PoweredOn,tdc-e11-ch208.bcbsaz.com
VPCW10PRD0300,PoweredOn,tdc-e11-ch208.bcbsaz.com
VPCW10PRD0377,PoweredOn,tdc-e11-ch208.bcbsaz.com
VPCW10PRD0378,PoweredOn,tdc-e11-ch208.bcbsaz.com
VPCW10PRD0392,PoweredOn,tdc-e11-ch208.bcbsaz.com
VPCW10PRD0444,PoweredOn,tdc-e11-ch208.bcbsaz.com
VPCW10PRD0477,PoweredOn,tdc-e11-ch208.bcbsaz.com
VPCW10PRD0546,PoweredOn,tdc-e11-ch208.bcbsaz.com
VPCW10PRD0557,PoweredOn,tdc-e11-ch208.bcbsaz.com
VPCW10PRD0578,PoweredOn,tdc-e11-ch208.bcbsaz.com
VPCW10PRD0665,PoweredOn,tdc-e11-ch208.bcbsaz.com
VPCW10PRD0688,PoweredOn,tdc-e11-ch208.bcbsaz.com
VPCW10PRD0718,PoweredOn,tdc-e11-ch208.bcbsaz.com
VPCW10PRD0740,PoweredOn,tdc-e11-ch208.bcbsaz.com
VPCW10PRD0754,PoweredOn,tdc-e11-ch208.bcbsaz.com
VPCW10PRD0780,PoweredOn,tdc-e11-ch208.bcbsaz.com
VPCW10PRD0816,PoweredOn,tdc-e11-ch208.bcbsaz.com
VPCW10PRD0817,PoweredOn,tdc-e11-ch208.bcbsaz.com
VPCW10PRD0849,PoweredOn,tdc-e11-ch208.bcbsaz.com
VPCW10PRD0871,PoweredOn,tdc-e11-ch208.bcbsaz.com
VPCW10PRD0874,PoweredOn,tdc-e11-ch208.bcbsaz.com
VPCW10PRD0889,PoweredOn,tdc-e11-ch208.bcbsaz.com
VPCW10PRD0902,PoweredOn,tdc-e11-ch208.bcbsaz.com
VPCW10PRD0926,PoweredOn,tdc-e11-ch208.bcbsaz.com
VPCW10PRD0936,PoweredOn,tdc-e11-ch208.bcbsaz.com
VPCW10PRD0942,PoweredOn,tdc-e11-ch208.bcbsaz.com
VPCW10PRD1026,PoweredOn,tdc-e11-ch208.bcbsaz.com
VPCW10PRD1060,PoweredOn,tdc-e11-ch208.bcbsaz.com
VPCW10PRD1063,PoweredOn,tdc-e11-ch208.bcbsaz.com
VPCW10PRD1080,PoweredOn,tdc-e11-ch208.bcbsaz.com
VPCW10PRD1100,PoweredOn,tdc-e11-ch208.bcbsaz.com
VPCW10PRD1106,PoweredOn,tdc-e11-ch208.bcbsaz.com
VPCW10PRD1135,PoweredOn,tdc-e11-ch208.bcbsaz.com
VPCW10PRD1139,PoweredOn,tdc-e11-ch208.bcbsaz.com
VPCW10PRD1176,PoweredOn,tdc-e11-ch208.bcbsaz.com
VPCW10PRDA028,PoweredOn,tdc-e11-ch208.bcbsaz.com
VPCW10PRDA051,PoweredOn,tdc-e11-ch208.bcbsaz.com
VPCW10PRDA054,PoweredOn,tdc-e11-ch208.bcbsaz.com
VPCW10PRDA078,PoweredOn,tdc-e11-ch208.bcbsaz.com
VPCW10PRDA087,PoweredOn,tdc-e11-ch208.bcbsaz.com
VPCW10PRDA124,PoweredOn,tdc-e11-ch208.bcbsaz.com
VPCW10PRDA147,PoweredOn,tdc-e11-ch208.bcbsaz.com
VPCW10PRDA164,PoweredOn,tdc-e11-ch208.bcbsaz.com
VPCW10PRDA165,PoweredOn,tdc-e11-ch208.bcbsaz.com
VPCW10PRDA182,PoweredOn,tdc-e11-ch208.bcbsaz.com
VPCW10PRDA198,PoweredOn,tdc-e11-ch208.bcbsaz.com
VPCXD715PRD1268,PoweredOn,tdc-e11-ch208.bcbsaz.com
Z-VRA-tdc-e11-ch208.bcbsaz.com,PoweredOn,tdc-e11-ch208.bcbsaz.com
VPCW10PRD0009,PoweredOn,tdc-e11-ch209.bcbsaz.com
VPCW10PRD0025,PoweredOn,tdc-e11-ch209.bcbsaz.com
VPCW10PRD0037,PoweredOn,tdc-e11-ch209.bcbsaz.com
VPCW10PRD0084,PoweredOn,tdc-e11-ch209.bcbsaz.com
VPCW10PRD0087,PoweredOn,tdc-e11-ch209.bcbsaz.com
VPCW10PRD0149,PoweredOn,tdc-e11-ch209.bcbsaz.com
VPCW10PRD0264,PoweredOn,tdc-e11-ch209.bcbsaz.com
VPCW10PRD0282,PoweredOn,tdc-e11-ch209.bcbsaz.com
VPCW10PRD0329,PoweredOn,tdc-e11-ch209.bcbsaz.com
VPCW10PRD0337,PoweredOn,tdc-e11-ch209.bcbsaz.com
VPCW10PRD0429,PoweredOn,tdc-e11-ch209.bcbsaz.com
VPCW10PRD0434,PoweredOn,tdc-e11-ch209.bcbsaz.com
VPCW10PRD0456,PoweredOn,tdc-e11-ch209.bcbsaz.com
VPCW10PRD0467,PoweredOn,tdc-e11-ch209.bcbsaz.com
VPCW10PRD0505,PoweredOn,tdc-e11-ch209.bcbsaz.com
VPCW10PRD0524,PoweredOn,tdc-e11-ch209.bcbsaz.com
VPCW10PRD0547,PoweredOn,tdc-e11-ch209.bcbsaz.com
VPCW10PRD0573,PoweredOn,tdc-e11-ch209.bcbsaz.com
VPCW10PRD0619,PoweredOn,tdc-e11-ch209.bcbsaz.com
VPCW10PRD0633,PoweredOn,tdc-e11-ch209.bcbsaz.com
VPCW10PRD0642,PoweredOn,tdc-e11-ch209.bcbsaz.com
VPCW10PRD0656,PoweredOn,tdc-e11-ch209.bcbsaz.com
VPCW10PRD0659,PoweredOn,tdc-e11-ch209.bcbsaz.com
VPCW10PRD0732,PoweredOn,tdc-e11-ch209.bcbsaz.com
VPCW10PRD0784,PoweredOn,tdc-e11-ch209.bcbsaz.com
VPCW10PRD0796,PoweredOn,tdc-e11-ch209.bcbsaz.com
VPCW10PRD0838,PoweredOn,tdc-e11-ch209.bcbsaz.com
VPCW10PRD0866,PoweredOn,tdc-e11-ch209.bcbsaz.com
VPCW10PRD0876,PoweredOn,tdc-e11-ch209.bcbsaz.com
VPCW10PRD0883,PoweredOn,tdc-e11-ch209.bcbsaz.com
VPCW10PRD0884,PoweredOn,tdc-e11-ch209.bcbsaz.com
VPCW10PRD0922,PoweredOn,tdc-e11-ch209.bcbsaz.com
VPCW10PRD0931,PoweredOn,tdc-e11-ch209.bcbsaz.com
VPCW10PRD0961,PoweredOn,tdc-e11-ch209.bcbsaz.com
VPCW10PRD0974,PoweredOn,tdc-e11-ch209.bcbsaz.com
VPCW10PRD0981,PoweredOn,tdc-e11-ch209.bcbsaz.com
VPCW10PRD0984,PoweredOn,tdc-e11-ch209.bcbsaz.com
VPCW10PRD1001,PoweredOn,tdc-e11-ch209.bcbsaz.com
VPCW10PRD1054,PoweredOn,tdc-e11-ch209.bcbsaz.com
VPCW10PRD1077,PoweredOn,tdc-e11-ch209.bcbsaz.com
VPCW10PRD1086,PoweredOn,tdc-e11-ch209.bcbsaz.com
VPCW10PRD1088,PoweredOn,tdc-e11-ch209.bcbsaz.com
VPCW10PRD1101,PoweredOn,tdc-e11-ch209.bcbsaz.com
VPCW10PRD1125,PoweredOn,tdc-e11-ch209.bcbsaz.com
VPCW10PRD1150,PoweredOn,tdc-e11-ch209.bcbsaz.com
VPCW10PRD1168,PoweredOn,tdc-e11-ch209.bcbsaz.com
VPCW10PRD2006,PoweredOn,tdc-e11-ch209.bcbsaz.com
VPCW10PRDA012,PoweredOn,tdc-e11-ch209.bcbsaz.com
VPCW10PRDA024,PoweredOn,tdc-e11-ch209.bcbsaz.com
VPCW10PRDA037,PoweredOn,tdc-e11-ch209.bcbsaz.com
VPCW10PRDA041,PoweredOn,tdc-e11-ch209.bcbsaz.com
VPCW10PRDA057,PoweredOn,tdc-e11-ch209.bcbsaz.com
VPCW10PRDA083,PoweredOn,tdc-e11-ch209.bcbsaz.com
VPCW10PRDA084,PoweredOn,tdc-e11-ch209.bcbsaz.com
VPCW10PRDA161,PoweredOn,tdc-e11-ch209.bcbsaz.com
VPCW10PRDA176,PoweredOn,tdc-e11-ch209.bcbsaz.com
VPCW10UAT03,PoweredOn,tdc-e11-ch209.bcbsaz.com
MP-CTX-PVS19,PoweredOn,tdc-e11-ch210.bcbsaz.com
VPCW10IMG01,PoweredOn,tdc-e11-ch210.bcbsaz.com
VPCW10IMG04,PoweredOn,tdc-e11-ch210.bcbsaz.com
VPCW10PRD0004,PoweredOn,tdc-e11-ch210.bcbsaz.com
VPCW10PRD0014,PoweredOn,tdc-e11-ch210.bcbsaz.com
VPCW10PRD0058,PoweredOn,tdc-e11-ch210.bcbsaz.com
VPCW10PRD0090,PoweredOn,tdc-e11-ch210.bcbsaz.com
VPCW10PRD0099,PoweredOn,tdc-e11-ch210.bcbsaz.com
VPCW10PRD0109,PoweredOn,tdc-e11-ch210.bcbsaz.com
VPCW10PRD0116,PoweredOn,tdc-e11-ch210.bcbsaz.com
VPCW10PRD0161,PoweredOn,tdc-e11-ch210.bcbsaz.com
VPCW10PRD0176,PoweredOn,tdc-e11-ch210.bcbsaz.com
VPCW10PRD0283,PoweredOn,tdc-e11-ch210.bcbsaz.com
VPCW10PRD0289,PoweredOn,tdc-e11-ch210.bcbsaz.com
VPCW10PRD0307,PoweredOn,tdc-e11-ch210.bcbsaz.com
VPCW10PRD0432,PoweredOn,tdc-e11-ch210.bcbsaz.com
VPCW10PRD0439,PoweredOn,tdc-e11-ch210.bcbsaz.com
VPCW10PRD0450,PoweredOn,tdc-e11-ch210.bcbsaz.com
VPCW10PRD0459,PoweredOn,tdc-e11-ch210.bcbsaz.com
VPCW10PRD0482,PoweredOn,tdc-e11-ch210.bcbsaz.com
VPCW10PRD0499,PoweredOn,tdc-e11-ch210.bcbsaz.com
VPCW10PRD0500,PoweredOn,tdc-e11-ch210.bcbsaz.com
VPCW10PRD0523,PoweredOn,tdc-e11-ch210.bcbsaz.com
VPCW10PRD0534,PoweredOn,tdc-e11-ch210.bcbsaz.com
VPCW10PRD0580,PoweredOn,tdc-e11-ch210.bcbsaz.com
VPCW10PRD0638,PoweredOn,tdc-e11-ch210.bcbsaz.com
VPCW10PRD0652,PoweredOn,tdc-e11-ch210.bcbsaz.com
VPCW10PRD0653,PoweredOn,tdc-e11-ch210.bcbsaz.com
VPCW10PRD0691,PoweredOn,tdc-e11-ch210.bcbsaz.com
VPCW10PRD0728,PoweredOn,tdc-e11-ch210.bcbsaz.com
VPCW10PRD0794,PoweredOn,tdc-e11-ch210.bcbsaz.com
VPCW10PRD0799,PoweredOn,tdc-e11-ch210.bcbsaz.com
VPCW10PRD0812,PoweredOn,tdc-e11-ch210.bcbsaz.com
VPCW10PRD0819,PoweredOn,tdc-e11-ch210.bcbsaz.com
VPCW10PRD0821,PoweredOn,tdc-e11-ch210.bcbsaz.com
VPCW10PRD0954,PoweredOn,tdc-e11-ch210.bcbsaz.com
VPCW10PRD0964,PoweredOn,tdc-e11-ch210.bcbsaz.com
VPCW10PRD0995,PoweredOn,tdc-e11-ch210.bcbsaz.com
VPCW10PRD1043,PoweredOn,tdc-e11-ch210.bcbsaz.com
VPCW10PRD1064,PoweredOn,tdc-e11-ch210.bcbsaz.com
VPCW10PRD1069,PoweredOn,tdc-e11-ch210.bcbsaz.com
VPCW10PRD1128,PoweredOn,tdc-e11-ch210.bcbsaz.com
VPCW10PRD1141,PoweredOn,tdc-e11-ch210.bcbsaz.com
VPCW10PRD1173,PoweredOn,tdc-e11-ch210.bcbsaz.com
VPCW10PRD2009,PoweredOn,tdc-e11-ch210.bcbsaz.com
VPCW10PRD2017,PoweredOn,tdc-e11-ch210.bcbsaz.com
VPCW10PRDA007,PoweredOn,tdc-e11-ch210.bcbsaz.com
VPCW10PRDA073,PoweredOn,tdc-e11-ch210.bcbsaz.com
VPCW10PRDA141,PoweredOn,tdc-e11-ch210.bcbsaz.com
VPCW10PRDA169,PoweredOn,tdc-e11-ch210.bcbsaz.com
VPCW10PRDA175,PoweredOn,tdc-e11-ch210.bcbsaz.com
VPCW10UAT10,PoweredOn,tdc-e11-ch210.bcbsaz.com
MP-CTX-PVS26,PoweredOn,tdc-e11-ch211.bcbsaz.com
VPCW10PRD0023,PoweredOn,tdc-e11-ch211.bcbsaz.com
VPCW10PRD0049,PoweredOn,tdc-e11-ch211.bcbsaz.com
VPCW10PRD0055,PoweredOn,tdc-e11-ch211.bcbsaz.com
VPCW10PRD0102,PoweredOn,tdc-e11-ch211.bcbsaz.com
VPCW10PRD0181,PoweredOn,tdc-e11-ch211.bcbsaz.com
VPCW10PRD0205,PoweredOn,tdc-e11-ch211.bcbsaz.com
VPCW10PRD0228,PoweredOn,tdc-e11-ch211.bcbsaz.com
VPCW10PRD0250,PoweredOn,tdc-e11-ch211.bcbsaz.com
VPCW10PRD0254,PoweredOn,tdc-e11-ch211.bcbsaz.com
VPCW10PRD0263,PoweredOn,tdc-e11-ch211.bcbsaz.com
VPCW10PRD0281,PoweredOn,tdc-e11-ch211.bcbsaz.com
VPCW10PRD0321,PoweredOn,tdc-e11-ch211.bcbsaz.com
VPCW10PRD0332,PoweredOn,tdc-e11-ch211.bcbsaz.com
VPCW10PRD0360,PoweredOn,tdc-e11-ch211.bcbsaz.com
VPCW10PRD0464,PoweredOn,tdc-e11-ch211.bcbsaz.com
VPCW10PRD0591,PoweredOn,tdc-e11-ch211.bcbsaz.com
VPCW10PRD0603,PoweredOn,tdc-e11-ch211.bcbsaz.com
VPCW10PRD0681,PoweredOn,tdc-e11-ch211.bcbsaz.com
VPCW10PRD0753,PoweredOn,tdc-e11-ch211.bcbsaz.com
VPCW10PRD0772,PoweredOn,tdc-e11-ch211.bcbsaz.com
VPCW10PRD0781,PoweredOn,tdc-e11-ch211.bcbsaz.com
VPCW10PRD0842,PoweredOn,tdc-e11-ch211.bcbsaz.com
VPCW10PRD0910,PoweredOn,tdc-e11-ch211.bcbsaz.com
VPCW10PRD0918,PoweredOn,tdc-e11-ch211.bcbsaz.com
VPCW10PRD0923,PoweredOn,tdc-e11-ch211.bcbsaz.com
VPCW10PRD0938,PoweredOn,tdc-e11-ch211.bcbsaz.com
VPCW10PRD0947,PoweredOn,tdc-e11-ch211.bcbsaz.com
VPCW10PRD0956,PoweredOn,tdc-e11-ch211.bcbsaz.com
VPCW10PRD0979,PoweredOn,tdc-e11-ch211.bcbsaz.com
VPCW10PRD0988,PoweredOn,tdc-e11-ch211.bcbsaz.com
VPCW10PRD1010,PoweredOn,tdc-e11-ch211.bcbsaz.com
VPCW10PRD1033,PoweredOn,tdc-e11-ch211.bcbsaz.com
VPCW10PRD1056,PoweredOn,tdc-e11-ch211.bcbsaz.com
VPCW10PRD1059,PoweredOn,tdc-e11-ch211.bcbsaz.com
VPCW10PRD1061,PoweredOn,tdc-e11-ch211.bcbsaz.com
VPCW10PRD1065,PoweredOn,tdc-e11-ch211.bcbsaz.com
VPCW10PRD1067,PoweredOn,tdc-e11-ch211.bcbsaz.com
VPCW10PRD1084,PoweredOn,tdc-e11-ch211.bcbsaz.com
VPCW10PRD1089,PoweredOn,tdc-e11-ch211.bcbsaz.com
VPCW10PRD1091,PoweredOn,tdc-e11-ch211.bcbsaz.com
VPCW10PRD1111,PoweredOn,tdc-e11-ch211.bcbsaz.com
VPCW10PRD1136,PoweredOn,tdc-e11-ch211.bcbsaz.com
VPCW10PRD2003,PoweredOn,tdc-e11-ch211.bcbsaz.com
VPCW10PRD2023,PoweredOn,tdc-e11-ch211.bcbsaz.com
VPCW10PRDA030,PoweredOn,tdc-e11-ch211.bcbsaz.com
VPCW10PRDA043,PoweredOn,tdc-e11-ch211.bcbsaz.com
VPCW10PRDA137,PoweredOn,tdc-e11-ch211.bcbsaz.com
VPCW10PRDA146,PoweredOn,tdc-e11-ch211.bcbsaz.com
VPCW10PRDA210,PoweredOn,tdc-e11-ch211.bcbsaz.com
VPCW10PRDA230,PoweredOn,tdc-e11-ch211.bcbsaz.com
VPCW10UAT09,PoweredOn,tdc-e11-ch211.bcbsaz.com
MP-CTX-PVS15,PoweredOn,tdc-e11-ch212.bcbsaz.com
VPCW10PRD0015,PoweredOn,tdc-e11-ch212.bcbsaz.com
VPCW10PRD0095,PoweredOn,tdc-e11-ch212.bcbsaz.com
VPCW10PRD0114,PoweredOn,tdc-e11-ch212.bcbsaz.com
VPCW10PRD0119,PoweredOn,tdc-e11-ch212.bcbsaz.com
VPCW10PRD0127,PoweredOn,tdc-e11-ch212.bcbsaz.com
VPCW10PRD0138,PoweredOn,tdc-e11-ch212.bcbsaz.com
VPCW10PRD0182,PoweredOn,tdc-e11-ch212.bcbsaz.com
VPCW10PRD0238,PoweredOn,tdc-e11-ch212.bcbsaz.com
VPCW10PRD0270,PoweredOn,tdc-e11-ch212.bcbsaz.com
VPCW10PRD0279,PoweredOn,tdc-e11-ch212.bcbsaz.com
VPCW10PRD0338,PoweredOn,tdc-e11-ch212.bcbsaz.com
VPCW10PRD0347,PoweredOn,tdc-e11-ch212.bcbsaz.com
VPCW10PRD0364,PoweredOn,tdc-e11-ch212.bcbsaz.com
VPCW10PRD0372,PoweredOn,tdc-e11-ch212.bcbsaz.com
VPCW10PRD0385,PoweredOn,tdc-e11-ch212.bcbsaz.com
VPCW10PRD0389,PoweredOn,tdc-e11-ch212.bcbsaz.com
VPCW10PRD0423,PoweredOn,tdc-e11-ch212.bcbsaz.com
VPCW10PRD0451,PoweredOn,tdc-e11-ch212.bcbsaz.com
VPCW10PRD0472,PoweredOn,tdc-e11-ch212.bcbsaz.com
VPCW10PRD0511,PoweredOn,tdc-e11-ch212.bcbsaz.com
VPCW10PRD0549,PoweredOn,tdc-e11-ch212.bcbsaz.com
VPCW10PRD0550,PoweredOn,tdc-e11-ch212.bcbsaz.com
VPCW10PRD0558,PoweredOn,tdc-e11-ch212.bcbsaz.com
VPCW10PRD0572,PoweredOn,tdc-e11-ch212.bcbsaz.com
VPCW10PRD0575,PoweredOn,tdc-e11-ch212.bcbsaz.com
VPCW10PRD0594,PoweredOn,tdc-e11-ch212.bcbsaz.com
VPCW10PRD0658,PoweredOn,tdc-e11-ch212.bcbsaz.com
VPCW10PRD0670,PoweredOn,tdc-e11-ch212.bcbsaz.com
VPCW10PRD0677,PoweredOn,tdc-e11-ch212.bcbsaz.com
VPCW10PRD0748,PoweredOn,tdc-e11-ch212.bcbsaz.com
VPCW10PRD0856,PoweredOn,tdc-e11-ch212.bcbsaz.com
VPCW10PRD0868,PoweredOn,tdc-e11-ch212.bcbsaz.com
VPCW10PRD0951,PoweredOn,tdc-e11-ch212.bcbsaz.com
VPCW10PRD0967,PoweredOn,tdc-e11-ch212.bcbsaz.com
VPCW10PRD0994,PoweredOn,tdc-e11-ch212.bcbsaz.com
VPCW10PRD1022,PoweredOn,tdc-e11-ch212.bcbsaz.com
VPCW10PRD1027,PoweredOn,tdc-e11-ch212.bcbsaz.com
VPCW10PRD1071,PoweredOn,tdc-e11-ch212.bcbsaz.com
VPCW10PRD1076,PoweredOn,tdc-e11-ch212.bcbsaz.com
VPCW10PRD1087,PoweredOn,tdc-e11-ch212.bcbsaz.com
VPCW10PRD1121,PoweredOn,tdc-e11-ch212.bcbsaz.com
VPCW10PRD1133,PoweredOn,tdc-e11-ch212.bcbsaz.com
VPCW10PRD1138,PoweredOn,tdc-e11-ch212.bcbsaz.com
VPCW10PRD2024,PoweredOn,tdc-e11-ch212.bcbsaz.com
VPCW10PRDA002,PoweredOn,tdc-e11-ch212.bcbsaz.com
VPCW10PRDA071,PoweredOn,tdc-e11-ch212.bcbsaz.com
VPCW10PRDA072,PoweredOn,tdc-e11-ch212.bcbsaz.com
VPCW10PRDA091,PoweredOn,tdc-e11-ch212.bcbsaz.com
VPCW10PRDA093,PoweredOn,tdc-e11-ch212.bcbsaz.com
VPCW10PRDA125,PoweredOn,tdc-e11-ch212.bcbsaz.com
VPCW10PRDA132,PoweredOn,tdc-e11-ch212.bcbsaz.com
VPCW10PRDA140,PoweredOn,tdc-e11-ch212.bcbsaz.com
VPCW10PRDA149,PoweredOn,tdc-e11-ch212.bcbsaz.com
VPCW10PRDA187,PoweredOn,tdc-e11-ch212.bcbsaz.com
VPCW10PRDA197,PoweredOn,tdc-e11-ch212.bcbsaz.com
VPCW10PRDA228,PoweredOn,tdc-e11-ch212.bcbsaz.com
VPCW10PRDA232,PoweredOn,tdc-e11-ch212.bcbsaz.com
VPCW10PRDA246,PoweredOn,tdc-e11-ch212.bcbsaz.com
VPCW10UAT06,PoweredOn,tdc-e11-ch212.bcbsaz.com
VPCW10PRD0020,PoweredOn,tdc-e11-ch213.bcbsaz.com
VPCW10PRD0100,PoweredOn,tdc-e11-ch213.bcbsaz.com
VPCW10PRD0154,PoweredOn,tdc-e11-ch213.bcbsaz.com
VPCW10PRD0156,PoweredOn,tdc-e11-ch213.bcbsaz.com
VPCW10PRD0226,PoweredOn,tdc-e11-ch213.bcbsaz.com
VPCW10PRD0298,PoweredOn,tdc-e11-ch213.bcbsaz.com
VPCW10PRD0312,PoweredOn,tdc-e11-ch213.bcbsaz.com
VPCW10PRD0322,PoweredOn,tdc-e11-ch213.bcbsaz.com
VPCW10PRD0333,PoweredOn,tdc-e11-ch213.bcbsaz.com
VPCW10PRD0340,PoweredOn,tdc-e11-ch213.bcbsaz.com
VPCW10PRD0488,PoweredOn,tdc-e11-ch213.bcbsaz.com
VPCW10PRD0491,PoweredOn,tdc-e11-ch213.bcbsaz.com
VPCW10PRD0540,PoweredOn,tdc-e11-ch213.bcbsaz.com
VPCW10PRD0556,PoweredOn,tdc-e11-ch213.bcbsaz.com
VPCW10PRD0577,PoweredOn,tdc-e11-ch213.bcbsaz.com
VPCW10PRD0625,PoweredOn,tdc-e11-ch213.bcbsaz.com
VPCW10PRD0636,PoweredOn,tdc-e11-ch213.bcbsaz.com
VPCW10PRD0650,PoweredOn,tdc-e11-ch213.bcbsaz.com
VPCW10PRD0682,PoweredOn,tdc-e11-ch213.bcbsaz.com
VPCW10PRD0683,PoweredOn,tdc-e11-ch213.bcbsaz.com
VPCW10PRD0724,PoweredOn,tdc-e11-ch213.bcbsaz.com
VPCW10PRD0743,PoweredOn,tdc-e11-ch213.bcbsaz.com
VPCW10PRD0770,PoweredOn,tdc-e11-ch213.bcbsaz.com
VPCW10PRD0852,PoweredOn,tdc-e11-ch213.bcbsaz.com
VPCW10PRD0887,PoweredOn,tdc-e11-ch213.bcbsaz.com
VPCW10PRD0890,PoweredOn,tdc-e11-ch213.bcbsaz.com
VPCW10PRD0924,PoweredOn,tdc-e11-ch213.bcbsaz.com
VPCW10PRD0930,PoweredOn,tdc-e11-ch213.bcbsaz.com
VPCW10PRD0989,PoweredOn,tdc-e11-ch213.bcbsaz.com
VPCW10PRD1003,PoweredOn,tdc-e11-ch213.bcbsaz.com
VPCW10PRD1055,PoweredOn,tdc-e11-ch213.bcbsaz.com
VPCW10PRD1115,PoweredOn,tdc-e11-ch213.bcbsaz.com
VPCW10PRD1116,PoweredOn,tdc-e11-ch213.bcbsaz.com
VPCW10PRD1137,PoweredOn,tdc-e11-ch213.bcbsaz.com
VPCW10PRD1157,PoweredOn,tdc-e11-ch213.bcbsaz.com
VPCW10PRD1172,PoweredOn,tdc-e11-ch213.bcbsaz.com
VPCW10PRD1174,PoweredOn,tdc-e11-ch213.bcbsaz.com
VPCW10PRD2002,PoweredOn,tdc-e11-ch213.bcbsaz.com
VPCW10PRD2020,PoweredOn,tdc-e11-ch213.bcbsaz.com
VPCW10PRD2025,PoweredOn,tdc-e11-ch213.bcbsaz.com
VPCW10PRDA016,PoweredOn,tdc-e11-ch213.bcbsaz.com
VPCW10PRDA065,PoweredOn,tdc-e11-ch213.bcbsaz.com
VPCW10PRDA088,PoweredOn,tdc-e11-ch213.bcbsaz.com
VPCW10PRDA129,PoweredOn,tdc-e11-ch213.bcbsaz.com
VPCW10PRDA133,PoweredOn,tdc-e11-ch213.bcbsaz.com
VPCW10PRDA160,PoweredOn,tdc-e11-ch213.bcbsaz.com
VPCW10PRDA190,PoweredOn,tdc-e11-ch213.bcbsaz.com
VPCW10PRDA243,PoweredOn,tdc-e11-ch213.bcbsaz.com
MP-CTX-PVS28,PoweredOn,tdc-e11-ch214.bcbsaz.com
VPCW10PRD0003,PoweredOn,tdc-e11-ch214.bcbsaz.com
VPCW10PRD0036,PoweredOn,tdc-e11-ch214.bcbsaz.com
VPCW10PRD0057,PoweredOn,tdc-e11-ch214.bcbsaz.com
VPCW10PRD0074,PoweredOn,tdc-e11-ch214.bcbsaz.com
VPCW10PRD0112,PoweredOn,tdc-e11-ch214.bcbsaz.com
VPCW10PRD0122,PoweredOn,tdc-e11-ch214.bcbsaz.com
VPCW10PRD0203,PoweredOn,tdc-e11-ch214.bcbsaz.com
VPCW10PRD0208,PoweredOn,tdc-e11-ch214.bcbsaz.com
VPCW10PRD0256,PoweredOn,tdc-e11-ch214.bcbsaz.com
VPCW10PRD0257,PoweredOn,tdc-e11-ch214.bcbsaz.com
VPCW10PRD0287,PoweredOn,tdc-e11-ch214.bcbsaz.com
VPCW10PRD0296,PoweredOn,tdc-e11-ch214.bcbsaz.com
VPCW10PRD0305,PoweredOn,tdc-e11-ch214.bcbsaz.com
VPCW10PRD0314,PoweredOn,tdc-e11-ch214.bcbsaz.com
VPCW10PRD0327,PoweredOn,tdc-e11-ch214.bcbsaz.com
VPCW10PRD0336,PoweredOn,tdc-e11-ch214.bcbsaz.com
VPCW10PRD0375,PoweredOn,tdc-e11-ch214.bcbsaz.com
VPCW10PRD0427,PoweredOn,tdc-e11-ch214.bcbsaz.com
VPCW10PRD0483,PoweredOn,tdc-e11-ch214.bcbsaz.com
VPCW10PRD0517,PoweredOn,tdc-e11-ch214.bcbsaz.com
VPCW10PRD0529,PoweredOn,tdc-e11-ch214.bcbsaz.com
VPCW10PRD0548,PoweredOn,tdc-e11-ch214.bcbsaz.com
VPCW10PRD0585,PoweredOn,tdc-e11-ch214.bcbsaz.com
VPCW10PRD0623,PoweredOn,tdc-e11-ch214.bcbsaz.com
VPCW10PRD0639,PoweredOn,tdc-e11-ch214.bcbsaz.com
VPCW10PRD0673,PoweredOn,tdc-e11-ch214.bcbsaz.com
VPCW10PRD0701,PoweredOn,tdc-e11-ch214.bcbsaz.com
VPCW10PRD0721,PoweredOn,tdc-e11-ch214.bcbsaz.com
VPCW10PRD0803,PoweredOn,tdc-e11-ch214.bcbsaz.com
VPCW10PRD0811,PoweredOn,tdc-e11-ch214.bcbsaz.com
VPCW10PRD0815,PoweredOn,tdc-e11-ch214.bcbsaz.com
VPCW10PRD0872,PoweredOn,tdc-e11-ch214.bcbsaz.com
VPCW10PRD0932,PoweredOn,tdc-e11-ch214.bcbsaz.com
VPCW10PRD0966,PoweredOn,tdc-e11-ch214.bcbsaz.com
VPCW10PRD0983,PoweredOn,tdc-e11-ch214.bcbsaz.com
VPCW10PRD0993,PoweredOn,tdc-e11-ch214.bcbsaz.com
VPCW10PRD1018,PoweredOn,tdc-e11-ch214.bcbsaz.com
VPCW10PRD1099,PoweredOn,tdc-e11-ch214.bcbsaz.com
VPCW10PRD1119,PoweredOn,tdc-e11-ch214.bcbsaz.com
VPCW10PRD1132,PoweredOn,tdc-e11-ch214.bcbsaz.com
VPCW10PRD1160,PoweredOn,tdc-e11-ch214.bcbsaz.com
VPCW10PRD1164,PoweredOn,tdc-e11-ch214.bcbsaz.com
VPCW10PRD1165,PoweredOn,tdc-e11-ch214.bcbsaz.com
VPCW10PRD1167,PoweredOn,tdc-e11-ch214.bcbsaz.com
VPCW10PRDA008,PoweredOn,tdc-e11-ch214.bcbsaz.com
VPCW10PRDA011,PoweredOn,tdc-e11-ch214.bcbsaz.com
VPCW10PRDA022,PoweredOn,tdc-e11-ch214.bcbsaz.com
VPCW10PRDA038,PoweredOn,tdc-e11-ch214.bcbsaz.com
VPCW10PRDA113,PoweredOn,tdc-e11-ch214.bcbsaz.com
VPCW10PRDA119,PoweredOn,tdc-e11-ch214.bcbsaz.com
VPCW10PRDA131,PoweredOn,tdc-e11-ch214.bcbsaz.com
VPCW10PRDA138,PoweredOn,tdc-e11-ch214.bcbsaz.com
VPCW10PRDA143,PoweredOn,tdc-e11-ch214.bcbsaz.com
VPCW10PRDA156,PoweredOn,tdc-e11-ch214.bcbsaz.com
VPCW10PRDA166,PoweredOn,tdc-e11-ch214.bcbsaz.com
VPCW10PRDA204,PoweredOn,tdc-e11-ch214.bcbsaz.com
VPCW10PRDA214,PoweredOn,tdc-e11-ch214.bcbsaz.com
VPCW10PRDA244,PoweredOn,tdc-e11-ch214.bcbsaz.com
VPCW10PRDA249,PoweredOn,tdc-e11-ch214.bcbsaz.com
VPCW10UAT05,PoweredOn,tdc-e11-ch214.bcbsaz.com
VPCW10IMG05,PoweredOn,tdc-e11-ch215.bcbsaz.com
VPCW10PRD0051,PoweredOn,tdc-e11-ch215.bcbsaz.com
VPCW10PRD0060,PoweredOn,tdc-e11-ch215.bcbsaz.com
VPCW10PRD0066,PoweredOn,tdc-e11-ch215.bcbsaz.com
VPCW10PRD0077,PoweredOn,tdc-e11-ch215.bcbsaz.com
VPCW10PRD0086,PoweredOn,tdc-e11-ch215.bcbsaz.com
VPCW10PRD0104,PoweredOn,tdc-e11-ch215.bcbsaz.com
VPCW10PRD0113,PoweredOn,tdc-e11-ch215.bcbsaz.com
VPCW10PRD0118,PoweredOn,tdc-e11-ch215.bcbsaz.com
VPCW10PRD0144,PoweredOn,tdc-e11-ch215.bcbsaz.com
VPCW10PRD0255,PoweredOn,tdc-e11-ch215.bcbsaz.com
VPCW10PRD0308,PoweredOn,tdc-e11-ch215.bcbsaz.com
VPCW10PRD0339,PoweredOn,tdc-e11-ch215.bcbsaz.com
VPCW10PRD0356,PoweredOn,tdc-e11-ch215.bcbsaz.com
VPCW10PRD0361,PoweredOn,tdc-e11-ch215.bcbsaz.com
VPCW10PRD0373,PoweredOn,tdc-e11-ch215.bcbsaz.com
VPCW10PRD0379,PoweredOn,tdc-e11-ch215.bcbsaz.com
VPCW10PRD0390,PoweredOn,tdc-e11-ch215.bcbsaz.com
VPCW10PRD0400,PoweredOn,tdc-e11-ch215.bcbsaz.com
VPCW10PRD0410,PoweredOn,tdc-e11-ch215.bcbsaz.com
VPCW10PRD0424,PoweredOn,tdc-e11-ch215.bcbsaz.com
VPCW10PRD0425,PoweredOn,tdc-e11-ch215.bcbsaz.com
VPCW10PRD0428,PoweredOn,tdc-e11-ch215.bcbsaz.com
VPCW10PRD0438,PoweredOn,tdc-e11-ch215.bcbsaz.com
VPCW10PRD0448,PoweredOn,tdc-e11-ch215.bcbsaz.com
VPCW10PRD0454,PoweredOn,tdc-e11-ch215.bcbsaz.com
VPCW10PRD0470,PoweredOn,tdc-e11-ch215.bcbsaz.com
VPCW10PRD0471,PoweredOn,tdc-e11-ch215.bcbsaz.com
VPCW10PRD0497,PoweredOn,tdc-e11-ch215.bcbsaz.com
VPCW10PRD0590,PoweredOn,tdc-e11-ch215.bcbsaz.com
VPCW10PRD0615,PoweredOn,tdc-e11-ch215.bcbsaz.com
VPCW10PRD0620,PoweredOn,tdc-e11-ch215.bcbsaz.com
VPCW10PRD0700,PoweredOn,tdc-e11-ch215.bcbsaz.com
VPCW10PRD0705,PoweredOn,tdc-e11-ch215.bcbsaz.com
VPCW10PRD0713,PoweredOn,tdc-e11-ch215.bcbsaz.com
VPCW10PRD0726,PoweredOn,tdc-e11-ch215.bcbsaz.com
VPCW10PRD0738,PoweredOn,tdc-e11-ch215.bcbsaz.com
VPCW10PRD0761,PoweredOn,tdc-e11-ch215.bcbsaz.com
VPCW10PRD0764,PoweredOn,tdc-e11-ch215.bcbsaz.com
VPCW10PRD0793,PoweredOn,tdc-e11-ch215.bcbsaz.com
VPCW10PRD0807,PoweredOn,tdc-e11-ch215.bcbsaz.com
VPCW10PRD0844,PoweredOn,tdc-e11-ch215.bcbsaz.com
VPCW10PRD0888,PoweredOn,tdc-e11-ch215.bcbsaz.com
VPCW10PRD0915,PoweredOn,tdc-e11-ch215.bcbsaz.com
VPCW10PRD0969,PoweredOn,tdc-e11-ch215.bcbsaz.com
VPCW10PRD0999,PoweredOn,tdc-e11-ch215.bcbsaz.com
VPCW10PRD1023,PoweredOn,tdc-e11-ch215.bcbsaz.com
VPCW10PRD1034,PoweredOn,tdc-e11-ch215.bcbsaz.com
VPCW10PRD1074,PoweredOn,tdc-e11-ch215.bcbsaz.com
VPCW10PRD1102,PoweredOn,tdc-e11-ch215.bcbsaz.com
VPCW10PRDA013,PoweredOn,tdc-e11-ch215.bcbsaz.com
VPCW10PRDA020,PoweredOn,tdc-e11-ch215.bcbsaz.com
VPCW10PRDA033,PoweredOn,tdc-e11-ch215.bcbsaz.com
VPCW10PRDA044,PoweredOn,tdc-e11-ch215.bcbsaz.com
VPCW10PRDA103,PoweredOn,tdc-e11-ch215.bcbsaz.com
VPCW10PRDA118,PoweredOn,tdc-e11-ch215.bcbsaz.com
VPCW10PRDA163,PoweredOn,tdc-e11-ch215.bcbsaz.com
VPCW10PRDA202,PoweredOn,tdc-e11-ch215.bcbsaz.com
VPCW10PRDA229,PoweredOn,tdc-e11-ch215.bcbsaz.com
VPCW10UAT08,PoweredOn,tdc-e11-ch215.bcbsaz.com
MP-CTX-PVS36,PoweredOn,tdc-e11-ch216.bcbsaz.com
VPCW10PRD0002,PoweredOn,tdc-e11-ch216.bcbsaz.com
VPCW10PRD0038,PoweredOn,tdc-e11-ch216.bcbsaz.com
VPCW10PRD0069,PoweredOn,tdc-e11-ch216.bcbsaz.com
VPCW10PRD0092,PoweredOn,tdc-e11-ch216.bcbsaz.com
VPCW10PRD0135,PoweredOn,tdc-e11-ch216.bcbsaz.com
VPCW10PRD0195,PoweredOn,tdc-e11-ch216.bcbsaz.com
VPCW10PRD0212,PoweredOn,tdc-e11-ch216.bcbsaz.com
VPCW10PRD0261,PoweredOn,tdc-e11-ch216.bcbsaz.com
VPCW10PRD0317,PoweredOn,tdc-e11-ch216.bcbsaz.com
VPCW10PRD0374,PoweredOn,tdc-e11-ch216.bcbsaz.com
VPCW10PRD0376,PoweredOn,tdc-e11-ch216.bcbsaz.com
VPCW10PRD0383,PoweredOn,tdc-e11-ch216.bcbsaz.com
VPCW10PRD0421,PoweredOn,tdc-e11-ch216.bcbsaz.com
VPCW10PRD0426,PoweredOn,tdc-e11-ch216.bcbsaz.com
VPCW10PRD0437,PoweredOn,tdc-e11-ch216.bcbsaz.com
VPCW10PRD0486,PoweredOn,tdc-e11-ch216.bcbsaz.com
VPCW10PRD0495,PoweredOn,tdc-e11-ch216.bcbsaz.com
VPCW10PRD0522,PoweredOn,tdc-e11-ch216.bcbsaz.com
VPCW10PRD0552,PoweredOn,tdc-e11-ch216.bcbsaz.com
VPCW10PRD0569,PoweredOn,tdc-e11-ch216.bcbsaz.com
VPCW10PRD0582,PoweredOn,tdc-e11-ch216.bcbsaz.com
VPCW10PRD0588,PoweredOn,tdc-e11-ch216.bcbsaz.com
VPCW10PRD0606,PoweredOn,tdc-e11-ch216.bcbsaz.com
VPCW10PRD0716,PoweredOn,tdc-e11-ch216.bcbsaz.com
VPCW10PRD0735,PoweredOn,tdc-e11-ch216.bcbsaz.com
VPCW10PRD0809,PoweredOn,tdc-e11-ch216.bcbsaz.com
VPCW10PRD0833,PoweredOn,tdc-e11-ch216.bcbsaz.com
VPCW10PRD0841,PoweredOn,tdc-e11-ch216.bcbsaz.com
VPCW10PRD0848,PoweredOn,tdc-e11-ch216.bcbsaz.com
VPCW10PRD0863,PoweredOn,tdc-e11-ch216.bcbsaz.com
VPCW10PRD0878,PoweredOn,tdc-e11-ch216.bcbsaz.com
VPCW10PRD0879,PoweredOn,tdc-e11-ch216.bcbsaz.com
VPCW10PRD0911,PoweredOn,tdc-e11-ch216.bcbsaz.com
VPCW10PRD0952,PoweredOn,tdc-e11-ch216.bcbsaz.com
VPCW10PRD0962,PoweredOn,tdc-e11-ch216.bcbsaz.com
VPCW10PRD0976,PoweredOn,tdc-e11-ch216.bcbsaz.com
VPCW10PRD0990,PoweredOn,tdc-e11-ch216.bcbsaz.com
VPCW10PRD1004,PoweredOn,tdc-e11-ch216.bcbsaz.com
VPCW10PRD1048,PoweredOn,tdc-e11-ch216.bcbsaz.com
VPCW10PRD1070,PoweredOn,tdc-e11-ch216.bcbsaz.com
VPCW10PRD1095,PoweredOn,tdc-e11-ch216.bcbsaz.com
VPCW10PRD1134,PoweredOn,tdc-e11-ch216.bcbsaz.com
VPCW10PRD2011,PoweredOn,tdc-e11-ch216.bcbsaz.com
VPCW10PRD2018,PoweredOn,tdc-e11-ch216.bcbsaz.com
VPCW10PRDA049,PoweredOn,tdc-e11-ch216.bcbsaz.com
VPCW10PRDA074,PoweredOn,tdc-e11-ch216.bcbsaz.com
VPCW10PRDA077,PoweredOn,tdc-e11-ch216.bcbsaz.com
VPCW10PRDA127,PoweredOn,tdc-e11-ch216.bcbsaz.com
VPCW10PRDA136,PoweredOn,tdc-e11-ch216.bcbsaz.com
VPCW10PRDA155,PoweredOn,tdc-e11-ch216.bcbsaz.com
VPCW10PRDA178,PoweredOn,tdc-e11-ch216.bcbsaz.com
VPCW10PRDA211,PoweredOn,tdc-e11-ch216.bcbsaz.com
VPCW10PRDA221,PoweredOn,tdc-e11-ch216.bcbsaz.com
VPCW10PRDB001,PoweredOn,tdc-e11-ch216.bcbsaz.com
VPCW10UAT01,PoweredOn,tdc-e11-ch216.bcbsaz.com
VPCW10UAT07,PoweredOn,tdc-e11-ch216.bcbsaz.com
MP-CTX-PVS18,PoweredOn,tdc-e11-ch217.bcbsaz.com
MP-CTX-PVS21,PoweredOn,tdc-e11-ch217.bcbsaz.com
MP-CTX-PVS35,PoweredOn,tdc-e11-ch217.bcbsaz.com
VPCW10IMG08,PoweredOn,tdc-e11-ch217.bcbsaz.com
VPCW10PRD0108,PoweredOn,tdc-e11-ch217.bcbsaz.com
VPCW10PRD0194,PoweredOn,tdc-e11-ch217.bcbsaz.com
VPCW10PRD0198,PoweredOn,tdc-e11-ch217.bcbsaz.com
VPCW10PRD0222,PoweredOn,tdc-e11-ch217.bcbsaz.com
VPCW10PRD0225,PoweredOn,tdc-e11-ch217.bcbsaz.com
VPCW10PRD0232,PoweredOn,tdc-e11-ch217.bcbsaz.com
VPCW10PRD0284,PoweredOn,tdc-e11-ch217.bcbsaz.com
VPCW10PRD0366,PoweredOn,tdc-e11-ch217.bcbsaz.com
VPCW10PRD0382,PoweredOn,tdc-e11-ch217.bcbsaz.com
VPCW10PRD0403,PoweredOn,tdc-e11-ch217.bcbsaz.com
VPCW10PRD0468,PoweredOn,tdc-e11-ch217.bcbsaz.com
VPCW10PRD0502,PoweredOn,tdc-e11-ch217.bcbsaz.com
VPCW10PRD0508,PoweredOn,tdc-e11-ch217.bcbsaz.com
VPCW10PRD0513,PoweredOn,tdc-e11-ch217.bcbsaz.com
VPCW10PRD0514,PoweredOn,tdc-e11-ch217.bcbsaz.com
VPCW10PRD0630,PoweredOn,tdc-e11-ch217.bcbsaz.com
VPCW10PRD0649,PoweredOn,tdc-e11-ch217.bcbsaz.com
VPCW10PRD0663,PoweredOn,tdc-e11-ch217.bcbsaz.com
VPCW10PRD0664,PoweredOn,tdc-e11-ch217.bcbsaz.com
VPCW10PRD0676,PoweredOn,tdc-e11-ch217.bcbsaz.com
VPCW10PRD0685,PoweredOn,tdc-e11-ch217.bcbsaz.com
VPCW10PRD0723,PoweredOn,tdc-e11-ch217.bcbsaz.com
VPCW10PRD0730,PoweredOn,tdc-e11-ch217.bcbsaz.com
VPCW10PRD0741,PoweredOn,tdc-e11-ch217.bcbsaz.com
VPCW10PRD0747,PoweredOn,tdc-e11-ch217.bcbsaz.com
VPCW10PRD0834,PoweredOn,tdc-e11-ch217.bcbsaz.com
VPCW10PRD0855,PoweredOn,tdc-e11-ch217.bcbsaz.com
VPCW10PRD0858,PoweredOn,tdc-e11-ch217.bcbsaz.com
VPCW10PRD0859,PoweredOn,tdc-e11-ch217.bcbsaz.com
VPCW10PRD0886,PoweredOn,tdc-e11-ch217.bcbsaz.com
VPCW10PRD0909,PoweredOn,tdc-e11-ch217.bcbsaz.com
VPCW10PRD1008,PoweredOn,tdc-e11-ch217.bcbsaz.com
VPCW10PRD1045,PoweredOn,tdc-e11-ch217.bcbsaz.com
VPCW10PRD1057,PoweredOn,tdc-e11-ch217.bcbsaz.com
VPCW10PRD1075,PoweredOn,tdc-e11-ch217.bcbsaz.com
VPCW10PRD1082,PoweredOn,tdc-e11-ch217.bcbsaz.com
VPCW10PRD1108,PoweredOn,tdc-e11-ch217.bcbsaz.com
VPCW10PRD1122,PoweredOn,tdc-e11-ch217.bcbsaz.com
VPCW10PRD1146,PoweredOn,tdc-e11-ch217.bcbsaz.com
VPCW10PRD1151,PoweredOn,tdc-e11-ch217.bcbsaz.com
VPCW10PRD1155,PoweredOn,tdc-e11-ch217.bcbsaz.com
VPCW10PRD2013,PoweredOn,tdc-e11-ch217.bcbsaz.com
VPCW10PRDA019,PoweredOn,tdc-e11-ch217.bcbsaz.com
VPCW10PRDA081,PoweredOn,tdc-e11-ch217.bcbsaz.com
VPCW10PRDA092,PoweredOn,tdc-e11-ch217.bcbsaz.com
VPCW10PRDA105,PoweredOn,tdc-e11-ch217.bcbsaz.com
VPCW10PRDA126,PoweredOn,tdc-e11-ch217.bcbsaz.com
VPCW10PRDA201,PoweredOn,tdc-e11-ch217.bcbsaz.com
VPCW10PRDA208,PoweredOn,tdc-e11-ch217.bcbsaz.com
VPCXD715IMG03,PoweredOn,tdc-e11-ch217.bcbsaz.com
MP-CTX-PVS30,PoweredOn,tdc-e11-ch218.bcbsaz.com
VPCW10IMG10,PoweredOn,tdc-e11-ch218.bcbsaz.com
VPCW10PRD0007,PoweredOn,tdc-e11-ch218.bcbsaz.com
VPCW10PRD0031,PoweredOn,tdc-e11-ch218.bcbsaz.com
VPCW10PRD0034,PoweredOn,tdc-e11-ch218.bcbsaz.com
VPCW10PRD0046,PoweredOn,tdc-e11-ch218.bcbsaz.com
VPCW10PRD0148,PoweredOn,tdc-e11-ch218.bcbsaz.com
VPCW10PRD0150,PoweredOn,tdc-e11-ch218.bcbsaz.com
VPCW10PRD0201,PoweredOn,tdc-e11-ch218.bcbsaz.com
VPCW10PRD0294,PoweredOn,tdc-e11-ch218.bcbsaz.com
VPCW10PRD0299,PoweredOn,tdc-e11-ch218.bcbsaz.com
VPCW10PRD0324,PoweredOn,tdc-e11-ch218.bcbsaz.com
VPCW10PRD0342,PoweredOn,tdc-e11-ch218.bcbsaz.com
VPCW10PRD0344,PoweredOn,tdc-e11-ch218.bcbsaz.com
VPCW10PRD0393,PoweredOn,tdc-e11-ch218.bcbsaz.com
VPCW10PRD0405,PoweredOn,tdc-e11-ch218.bcbsaz.com
VPCW10PRD0418,PoweredOn,tdc-e11-ch218.bcbsaz.com
VPCW10PRD0479,PoweredOn,tdc-e11-ch218.bcbsaz.com
VPCW10PRD0480,PoweredOn,tdc-e11-ch218.bcbsaz.com
VPCW10PRD0506,PoweredOn,tdc-e11-ch218.bcbsaz.com
VPCW10PRD0507,PoweredOn,tdc-e11-ch218.bcbsaz.com
VPCW10PRD0539,PoweredOn,tdc-e11-ch218.bcbsaz.com
VPCW10PRD0574,PoweredOn,tdc-e11-ch218.bcbsaz.com
VPCW10PRD0589,PoweredOn,tdc-e11-ch218.bcbsaz.com
VPCW10PRD0622,PoweredOn,tdc-e11-ch218.bcbsaz.com
VPCW10PRD0628,PoweredOn,tdc-e11-ch218.bcbsaz.com
VPCW10PRD0629,PoweredOn,tdc-e11-ch218.bcbsaz.com
VPCW10PRD0689,PoweredOn,tdc-e11-ch218.bcbsaz.com
VPCW10PRD0760,PoweredOn,tdc-e11-ch218.bcbsaz.com
VPCW10PRD0769,PoweredOn,tdc-e11-ch218.bcbsaz.com
VPCW10PRD0775,PoweredOn,tdc-e11-ch218.bcbsaz.com
VPCW10PRD0789,PoweredOn,tdc-e11-ch218.bcbsaz.com
VPCW10PRD0790,PoweredOn,tdc-e11-ch218.bcbsaz.com
VPCW10PRD0822,PoweredOn,tdc-e11-ch218.bcbsaz.com
VPCW10PRD0854,PoweredOn,tdc-e11-ch218.bcbsaz.com
VPCW10PRD0857,PoweredOn,tdc-e11-ch218.bcbsaz.com
VPCW10PRD0861,PoweredOn,tdc-e11-ch218.bcbsaz.com
VPCW10PRD0898,PoweredOn,tdc-e11-ch218.bcbsaz.com
VPCW10PRD0906,PoweredOn,tdc-e11-ch218.bcbsaz.com
VPCW10PRD0941,PoweredOn,tdc-e11-ch218.bcbsaz.com
VPCW10PRD0965,PoweredOn,tdc-e11-ch218.bcbsaz.com
VPCW10PRD0968,PoweredOn,tdc-e11-ch218.bcbsaz.com
VPCW10PRD0971,PoweredOn,tdc-e11-ch218.bcbsaz.com
VPCW10PRD0991,PoweredOn,tdc-e11-ch218.bcbsaz.com
VPCW10PRD1000,PoweredOn,tdc-e11-ch218.bcbsaz.com
VPCW10PRD1046,PoweredOn,tdc-e11-ch218.bcbsaz.com
VPCW10PRD1050,PoweredOn,tdc-e11-ch218.bcbsaz.com
VPCW10PRD1113,PoweredOn,tdc-e11-ch218.bcbsaz.com
VPCW10PRD1124,PoweredOn,tdc-e11-ch218.bcbsaz.com
VPCW10PRD1140,PoweredOn,tdc-e11-ch218.bcbsaz.com
VPCW10PRD1152,PoweredOn,tdc-e11-ch218.bcbsaz.com
VPCW10PRD1153,PoweredOn,tdc-e11-ch218.bcbsaz.com
VPCW10PRD2012,PoweredOn,tdc-e11-ch218.bcbsaz.com
VPCW10PRDA034,PoweredOn,tdc-e11-ch218.bcbsaz.com
VPCW10PRDA050,PoweredOn,tdc-e11-ch218.bcbsaz.com
VPCW10PRDA062,PoweredOn,tdc-e11-ch218.bcbsaz.com
VPCW10PRDA067,PoweredOn,tdc-e11-ch218.bcbsaz.com
VPCW10PRDA115,PoweredOn,tdc-e11-ch218.bcbsaz.com
VPCW10PRDA122,PoweredOn,tdc-e11-ch218.bcbsaz.com
VPCW10PRDA179,PoweredOn,tdc-e11-ch218.bcbsaz.com
VPCW10PRDA224,PoweredOn,tdc-e11-ch218.bcbsaz.com
MP-CTX-PVS17,PoweredOn,tdc-e11-ch219.bcbsaz.com
MP-CTX-PVS34,PoweredOn,tdc-e11-ch219.bcbsaz.com
VPCW10PRD0013,PoweredOn,tdc-e11-ch219.bcbsaz.com
VPCW10PRD0016,PoweredOn,tdc-e11-ch219.bcbsaz.com
VPCW10PRD0018,PoweredOn,tdc-e11-ch219.bcbsaz.com
VPCW10PRD0039,PoweredOn,tdc-e11-ch219.bcbsaz.com
VPCW10PRD0075,PoweredOn,tdc-e11-ch219.bcbsaz.com
VPCW10PRD0094,PoweredOn,tdc-e11-ch219.bcbsaz.com
VPCW10PRD0098,PoweredOn,tdc-e11-ch219.bcbsaz.com
VPCW10PRD0121,PoweredOn,tdc-e11-ch219.bcbsaz.com
VPCW10PRD0171,PoweredOn,tdc-e11-ch219.bcbsaz.com
VPCW10PRD0214,PoweredOn,tdc-e11-ch219.bcbsaz.com
VPCW10PRD0221,PoweredOn,tdc-e11-ch219.bcbsaz.com
VPCW10PRD0388,PoweredOn,tdc-e11-ch219.bcbsaz.com
VPCW10PRD0413,PoweredOn,tdc-e11-ch219.bcbsaz.com
VPCW10PRD0455,PoweredOn,tdc-e11-ch219.bcbsaz.com
VPCW10PRD0521,PoweredOn,tdc-e11-ch219.bcbsaz.com
VPCW10PRD0535,PoweredOn,tdc-e11-ch219.bcbsaz.com
VPCW10PRD0555,PoweredOn,tdc-e11-ch219.bcbsaz.com
VPCW10PRD0593,PoweredOn,tdc-e11-ch219.bcbsaz.com
VPCW10PRD0631,PoweredOn,tdc-e11-ch219.bcbsaz.com
VPCW10PRD0632,PoweredOn,tdc-e11-ch219.bcbsaz.com
VPCW10PRD0634,PoweredOn,tdc-e11-ch219.bcbsaz.com
VPCW10PRD0643,PoweredOn,tdc-e11-ch219.bcbsaz.com
VPCW10PRD0661,PoweredOn,tdc-e11-ch219.bcbsaz.com
VPCW10PRD0674,PoweredOn,tdc-e11-ch219.bcbsaz.com
VPCW10PRD0692,PoweredOn,tdc-e11-ch219.bcbsaz.com
VPCW10PRD0711,PoweredOn,tdc-e11-ch219.bcbsaz.com
VPCW10PRD0715,PoweredOn,tdc-e11-ch219.bcbsaz.com
VPCW10PRD0727,PoweredOn,tdc-e11-ch219.bcbsaz.com
VPCW10PRD0749,PoweredOn,tdc-e11-ch219.bcbsaz.com
VPCW10PRD0767,PoweredOn,tdc-e11-ch219.bcbsaz.com
VPCW10PRD0778,PoweredOn,tdc-e11-ch219.bcbsaz.com
VPCW10PRD0820,PoweredOn,tdc-e11-ch219.bcbsaz.com
VPCW10PRD0873,PoweredOn,tdc-e11-ch219.bcbsaz.com
VPCW10PRD0882,PoweredOn,tdc-e11-ch219.bcbsaz.com
VPCW10PRD0901,PoweredOn,tdc-e11-ch219.bcbsaz.com
VPCW10PRD0928,PoweredOn,tdc-e11-ch219.bcbsaz.com
VPCW10PRD0944,PoweredOn,tdc-e11-ch219.bcbsaz.com
VPCW10PRD0957,PoweredOn,tdc-e11-ch219.bcbsaz.com
VPCW10PRD0970,PoweredOn,tdc-e11-ch219.bcbsaz.com
VPCW10PRD0978,PoweredOn,tdc-e11-ch219.bcbsaz.com
VPCW10PRD0987,PoweredOn,tdc-e11-ch219.bcbsaz.com
VPCW10PRD1002,PoweredOn,tdc-e11-ch219.bcbsaz.com
VPCW10PRD1007,PoweredOn,tdc-e11-ch219.bcbsaz.com
VPCW10PRD1013,PoweredOn,tdc-e11-ch219.bcbsaz.com
VPCW10PRD1014,PoweredOn,tdc-e11-ch219.bcbsaz.com
VPCW10PRD1019,PoweredOn,tdc-e11-ch219.bcbsaz.com
VPCW10PRD1090,PoweredOn,tdc-e11-ch219.bcbsaz.com
VPCW10PRD1114,PoweredOn,tdc-e11-ch219.bcbsaz.com
VPCW10PRD1126,PoweredOn,tdc-e11-ch219.bcbsaz.com
VPCW10PRD2004,PoweredOn,tdc-e11-ch219.bcbsaz.com
VPCW10PRD2010,PoweredOn,tdc-e11-ch219.bcbsaz.com
VPCW10PRDA014,PoweredOn,tdc-e11-ch219.bcbsaz.com
VPCW10PRDA040,PoweredOn,tdc-e11-ch219.bcbsaz.com
VPCW10PRDA058,PoweredOn,tdc-e11-ch219.bcbsaz.com
VPCW10PRDA090,PoweredOn,tdc-e11-ch219.bcbsaz.com
VPCW10PRDA106,PoweredOn,tdc-e11-ch219.bcbsaz.com
VPCW10PRDA116,PoweredOn,tdc-e11-ch219.bcbsaz.com
VPCW10PRDA159,PoweredOn,tdc-e11-ch219.bcbsaz.com
VPCW10PRDA215,PoweredOn,tdc-e11-ch219.bcbsaz.com
VPCW10PRDA217,PoweredOn,tdc-e11-ch219.bcbsaz.com
VPCW10PRDA220,PoweredOn,tdc-e11-ch219.bcbsaz.com
VPCW10PRDA242,PoweredOn,tdc-e11-ch219.bcbsaz.com
VPCXD715PRD1299,PoweredOn,tdc-e11-ch219.bcbsaz.com
MP-CTX-PVS20,PoweredOn,tdc-e11-ch220.bcbsaz.com
MP-CTX-PVS22,PoweredOn,tdc-e11-ch220.bcbsaz.com
MP-CTX-PVS24,PoweredOn,tdc-e11-ch220.bcbsaz.com
VPCW10IMG03,PoweredOn,tdc-e11-ch220.bcbsaz.com
VPCW10PRD0029,PoweredOn,tdc-e11-ch220.bcbsaz.com
VPCW10PRD0035,PoweredOn,tdc-e11-ch220.bcbsaz.com
VPCW10PRD0056,PoweredOn,tdc-e11-ch220.bcbsaz.com
VPCW10PRD0174,PoweredOn,tdc-e11-ch220.bcbsaz.com
VPCW10PRD0183,PoweredOn,tdc-e11-ch220.bcbsaz.com
VPCW10PRD0184,PoweredOn,tdc-e11-ch220.bcbsaz.com
VPCW10PRD0190,PoweredOn,tdc-e11-ch220.bcbsaz.com
VPCW10PRD0197,PoweredOn,tdc-e11-ch220.bcbsaz.com
VPCW10PRD0211,PoweredOn,tdc-e11-ch220.bcbsaz.com
VPCW10PRD0220,PoweredOn,tdc-e11-ch220.bcbsaz.com
VPCW10PRD0248,PoweredOn,tdc-e11-ch220.bcbsaz.com
VPCW10PRD0326,PoweredOn,tdc-e11-ch220.bcbsaz.com
VPCW10PRD0359,PoweredOn,tdc-e11-ch220.bcbsaz.com
VPCW10PRD0397,PoweredOn,tdc-e11-ch220.bcbsaz.com
VPCW10PRD0402,PoweredOn,tdc-e11-ch220.bcbsaz.com
VPCW10PRD0407,PoweredOn,tdc-e11-ch220.bcbsaz.com
VPCW10PRD0411,PoweredOn,tdc-e11-ch220.bcbsaz.com
VPCW10PRD0415,PoweredOn,tdc-e11-ch220.bcbsaz.com
VPCW10PRD0484,PoweredOn,tdc-e11-ch220.bcbsaz.com
VPCW10PRD0564,PoweredOn,tdc-e11-ch220.bcbsaz.com
VPCW10PRD0595,PoweredOn,tdc-e11-ch220.bcbsaz.com
VPCW10PRD0640,PoweredOn,tdc-e11-ch220.bcbsaz.com
VPCW10PRD0641,PoweredOn,tdc-e11-ch220.bcbsaz.com
VPCW10PRD0679,PoweredOn,tdc-e11-ch220.bcbsaz.com
VPCW10PRD0686,PoweredOn,tdc-e11-ch220.bcbsaz.com
VPCW10PRD0739,PoweredOn,tdc-e11-ch220.bcbsaz.com
VPCW10PRD0801,PoweredOn,tdc-e11-ch220.bcbsaz.com
VPCW10PRD0810,PoweredOn,tdc-e11-ch220.bcbsaz.com
VPCW10PRD0980,PoweredOn,tdc-e11-ch220.bcbsaz.com
VPCW10PRD0996,PoweredOn,tdc-e11-ch220.bcbsaz.com
VPCW10PRD0998,PoweredOn,tdc-e11-ch220.bcbsaz.com
VPCW10PRD1017,PoweredOn,tdc-e11-ch220.bcbsaz.com
VPCW10PRD1021,PoweredOn,tdc-e11-ch220.bcbsaz.com
VPCW10PRD1037,PoweredOn,tdc-e11-ch220.bcbsaz.com
VPCW10PRD1058,PoweredOn,tdc-e11-ch220.bcbsaz.com
VPCW10PRD1078,PoweredOn,tdc-e11-ch220.bcbsaz.com
VPCW10PRD1104,PoweredOn,tdc-e11-ch220.bcbsaz.com
VPCW10PRD1117,PoweredOn,tdc-e11-ch220.bcbsaz.com
VPCW10PRDA018,PoweredOn,tdc-e11-ch220.bcbsaz.com
VPCW10PRDA026,PoweredOn,tdc-e11-ch220.bcbsaz.com
VPCW10PRDA029,PoweredOn,tdc-e11-ch220.bcbsaz.com
VPCW10PRDA110,PoweredOn,tdc-e11-ch220.bcbsaz.com
VPCW10PRDA157,PoweredOn,tdc-e11-ch220.bcbsaz.com
VPCW10PRDA167,PoweredOn,tdc-e11-ch220.bcbsaz.com
VPCW10PRDA180,PoweredOn,tdc-e11-ch220.bcbsaz.com
VPCW10PRDA183,PoweredOn,tdc-e11-ch220.bcbsaz.com
MP-CTX-IMG05,PoweredOn,tdc-e11-ch221.bcbsaz.com
MP-CTX-PVS01,PoweredOn,tdc-e11-ch221.bcbsaz.com
VPCW10PRD0008,PoweredOn,tdc-e11-ch221.bcbsaz.com
VPCW10PRD0032,PoweredOn,tdc-e11-ch221.bcbsaz.com
VPCW10PRD0054,PoweredOn,tdc-e11-ch221.bcbsaz.com
VPCW10PRD0065,PoweredOn,tdc-e11-ch221.bcbsaz.com
VPCW10PRD0096,PoweredOn,tdc-e11-ch221.bcbsaz.com
VPCW10PRD0141,PoweredOn,tdc-e11-ch221.bcbsaz.com
VPCW10PRD0157,PoweredOn,tdc-e11-ch221.bcbsaz.com
VPCW10PRD0206,PoweredOn,tdc-e11-ch221.bcbsaz.com
VPCW10PRD0224,PoweredOn,tdc-e11-ch221.bcbsaz.com
VPCW10PRD0237,PoweredOn,tdc-e11-ch221.bcbsaz.com
VPCW10PRD0246,PoweredOn,tdc-e11-ch221.bcbsaz.com
VPCW10PRD0269,PoweredOn,tdc-e11-ch221.bcbsaz.com
VPCW10PRD0331,PoweredOn,tdc-e11-ch221.bcbsaz.com
VPCW10PRD0350,PoweredOn,tdc-e11-ch221.bcbsaz.com
VPCW10PRD0409,PoweredOn,tdc-e11-ch221.bcbsaz.com
VPCW10PRD0478,PoweredOn,tdc-e11-ch221.bcbsaz.com
VPCW10PRD0481,PoweredOn,tdc-e11-ch221.bcbsaz.com
VPCW10PRD0493,PoweredOn,tdc-e11-ch221.bcbsaz.com
VPCW10PRD0494,PoweredOn,tdc-e11-ch221.bcbsaz.com
VPCW10PRD0520,PoweredOn,tdc-e11-ch221.bcbsaz.com
VPCW10PRD0544,PoweredOn,tdc-e11-ch221.bcbsaz.com
VPCW10PRD0624,PoweredOn,tdc-e11-ch221.bcbsaz.com
VPCW10PRD0648,PoweredOn,tdc-e11-ch221.bcbsaz.com
VPCW10PRD0657,PoweredOn,tdc-e11-ch221.bcbsaz.com
VPCW10PRD0742,PoweredOn,tdc-e11-ch221.bcbsaz.com
VPCW10PRD0755,PoweredOn,tdc-e11-ch221.bcbsaz.com
VPCW10PRD0776,PoweredOn,tdc-e11-ch221.bcbsaz.com
VPCW10PRD0806,PoweredOn,tdc-e11-ch221.bcbsaz.com
VPCW10PRD0825,PoweredOn,tdc-e11-ch221.bcbsaz.com
VPCW10PRD0850,PoweredOn,tdc-e11-ch221.bcbsaz.com
VPCW10PRD0865,PoweredOn,tdc-e11-ch221.bcbsaz.com
VPCW10PRD0939,PoweredOn,tdc-e11-ch221.bcbsaz.com
VPCW10PRD1006,PoweredOn,tdc-e11-ch221.bcbsaz.com
VPCW10PRD1031,PoweredOn,tdc-e11-ch221.bcbsaz.com
VPCW10PRD1040,PoweredOn,tdc-e11-ch221.bcbsaz.com
VPCW10PRD1047,PoweredOn,tdc-e11-ch221.bcbsaz.com
VPCW10PRD1052,PoweredOn,tdc-e11-ch221.bcbsaz.com
VPCW10PRD1110,PoweredOn,tdc-e11-ch221.bcbsaz.com
VPCW10PRD1161,PoweredOn,tdc-e11-ch221.bcbsaz.com
VPCW10PRDA001,PoweredOn,tdc-e11-ch221.bcbsaz.com
VPCW10PRDA010,PoweredOn,tdc-e11-ch221.bcbsaz.com
VPCW10PRDA053,PoweredOn,tdc-e11-ch221.bcbsaz.com
VPCW10PRDA056,PoweredOn,tdc-e11-ch221.bcbsaz.com
VPCW10PRDA144,PoweredOn,tdc-e11-ch221.bcbsaz.com
VPCW10PRDA171,PoweredOn,tdc-e11-ch221.bcbsaz.com
VPCW10PRDA193,PoweredOn,tdc-e11-ch221.bcbsaz.com
VPCW10PRDA218,PoweredOn,tdc-e11-ch221.bcbsaz.com
VPCW10PRDA223,PoweredOn,tdc-e11-ch221.bcbsaz.com
VPCW10PRDA231,PoweredOn,tdc-e11-ch221.bcbsaz.com
VPCW10PRDA239,PoweredOn,tdc-e11-ch221.bcbsaz.com
VPCW10PRDA240,PoweredOn,tdc-e11-ch221.bcbsaz.com
VPCW10UAT02,PoweredOn,tdc-e11-ch221.bcbsaz.com
VPCW10PRD0024,PoweredOn,tdc-e11-ch222.bcbsaz.com
VPCW10PRD0028,PoweredOn,tdc-e11-ch222.bcbsaz.com
VPCW10PRD0050,PoweredOn,tdc-e11-ch222.bcbsaz.com
VPCW10PRD0070,PoweredOn,tdc-e11-ch222.bcbsaz.com
VPCW10PRD0078,PoweredOn,tdc-e11-ch222.bcbsaz.com
VPCW10PRD0111,PoweredOn,tdc-e11-ch222.bcbsaz.com
VPCW10PRD0124,PoweredOn,tdc-e11-ch222.bcbsaz.com
VPCW10PRD0130,PoweredOn,tdc-e11-ch222.bcbsaz.com
VPCW10PRD0172,PoweredOn,tdc-e11-ch222.bcbsaz.com
VPCW10PRD0179,PoweredOn,tdc-e11-ch222.bcbsaz.com
VPCW10PRD0188,PoweredOn,tdc-e11-ch222.bcbsaz.com
VPCW10PRD0210,PoweredOn,tdc-e11-ch222.bcbsaz.com
VPCW10PRD0258,PoweredOn,tdc-e11-ch222.bcbsaz.com
VPCW10PRD0401,PoweredOn,tdc-e11-ch222.bcbsaz.com
VPCW10PRD0412,PoweredOn,tdc-e11-ch222.bcbsaz.com
VPCW10PRD0463,PoweredOn,tdc-e11-ch222.bcbsaz.com
VPCW10PRD0469,PoweredOn,tdc-e11-ch222.bcbsaz.com
VPCW10PRD0473,PoweredOn,tdc-e11-ch222.bcbsaz.com
VPCW10PRD0487,PoweredOn,tdc-e11-ch222.bcbsaz.com
VPCW10PRD0515,PoweredOn,tdc-e11-ch222.bcbsaz.com
VPCW10PRD0519,PoweredOn,tdc-e11-ch222.bcbsaz.com
VPCW10PRD0532,PoweredOn,tdc-e11-ch222.bcbsaz.com
VPCW10PRD0533,PoweredOn,tdc-e11-ch222.bcbsaz.com
VPCW10PRD0542,PoweredOn,tdc-e11-ch222.bcbsaz.com
VPCW10PRD0545,PoweredOn,tdc-e11-ch222.bcbsaz.com
VPCW10PRD0561,PoweredOn,tdc-e11-ch222.bcbsaz.com
VPCW10PRD0611,PoweredOn,tdc-e11-ch222.bcbsaz.com
VPCW10PRD0613,PoweredOn,tdc-e11-ch222.bcbsaz.com
VPCW10PRD0675,PoweredOn,tdc-e11-ch222.bcbsaz.com
VPCW10PRD0702,PoweredOn,tdc-e11-ch222.bcbsaz.com
VPCW10PRD0746,PoweredOn,tdc-e11-ch222.bcbsaz.com
VPCW10PRD0750,PoweredOn,tdc-e11-ch222.bcbsaz.com
VPCW10PRD0773,PoweredOn,tdc-e11-ch222.bcbsaz.com
VPCW10PRD0787,PoweredOn,tdc-e11-ch222.bcbsaz.com
VPCW10PRD0826,PoweredOn,tdc-e11-ch222.bcbsaz.com
VPCW10PRD0835,PoweredOn,tdc-e11-ch222.bcbsaz.com
VPCW10PRD0860,PoweredOn,tdc-e11-ch222.bcbsaz.com
VPCW10PRD0867,PoweredOn,tdc-e11-ch222.bcbsaz.com
VPCW10PRD0881,PoweredOn,tdc-e11-ch222.bcbsaz.com
VPCW10PRD0892,PoweredOn,tdc-e11-ch222.bcbsaz.com
VPCW10PRD0919,PoweredOn,tdc-e11-ch222.bcbsaz.com
VPCW10PRD0927,PoweredOn,tdc-e11-ch222.bcbsaz.com
VPCW10PRD0933,PoweredOn,tdc-e11-ch222.bcbsaz.com
VPCW10PRD0943,PoweredOn,tdc-e11-ch222.bcbsaz.com
VPCW10PRD1016,PoweredOn,tdc-e11-ch222.bcbsaz.com
VPCW10PRD1035,PoweredOn,tdc-e11-ch222.bcbsaz.com
VPCW10PRD1038,PoweredOn,tdc-e11-ch222.bcbsaz.com
VPCW10PRD1093,PoweredOn,tdc-e11-ch222.bcbsaz.com
VPCW10PRD1123,PoweredOn,tdc-e11-ch222.bcbsaz.com
VPCW10PRD1129,PoweredOn,tdc-e11-ch222.bcbsaz.com
VPCW10PRD1142,PoweredOn,tdc-e11-ch222.bcbsaz.com
VPCW10PRD1148,PoweredOn,tdc-e11-ch222.bcbsaz.com
VPCW10PRD1162,PoweredOn,tdc-e11-ch222.bcbsaz.com
VPCW10PRD2015,PoweredOn,tdc-e11-ch222.bcbsaz.com
VPCW10PRD2016,PoweredOn,tdc-e11-ch222.bcbsaz.com
VPCW10PRDA009,PoweredOn,tdc-e11-ch222.bcbsaz.com
VPCW10PRDA025,PoweredOn,tdc-e11-ch222.bcbsaz.com
VPCW10PRDA035,PoweredOn,tdc-e11-ch222.bcbsaz.com
VPCW10PRDA059,PoweredOn,tdc-e11-ch222.bcbsaz.com
VPCW10PRDA079,PoweredOn,tdc-e11-ch222.bcbsaz.com
VPCW10PRDA097,PoweredOn,tdc-e11-ch222.bcbsaz.com
VPCW10PRDA104,PoweredOn,tdc-e11-ch222.bcbsaz.com
VPCW10PRDA128,PoweredOn,tdc-e11-ch222.bcbsaz.com
VPCW10PRDA134,PoweredOn,tdc-e11-ch222.bcbsaz.com
VPCW10PRDA139,PoweredOn,tdc-e11-ch222.bcbsaz.com
VPCW10PRDA191,PoweredOn,tdc-e11-ch222.bcbsaz.com
VPCW10PRDA200,PoweredOn,tdc-e11-ch222.bcbsaz.com
VPCW10PRDA225,PoweredOn,tdc-e11-ch222.bcbsaz.com
VPCW10PRDA226,PoweredOn,tdc-e11-ch222.bcbsaz.com
VPCW10PRDA233,PoweredOn,tdc-e11-ch222.bcbsaz.com
VPCW10PRDA248,PoweredOn,tdc-e11-ch222.bcbsaz.com
MP-CTX-IMG04,PoweredOn,tdc-e11-ch223.bcbsaz.com
MP-CTX-PVS14,PoweredOn,tdc-e11-ch223.bcbsaz.com
MP-CTX-PVS33,PoweredOn,tdc-e11-ch223.bcbsaz.com
VPCW10PRD0064,PoweredOn,tdc-e11-ch223.bcbsaz.com
VPCW10PRD0110,PoweredOn,tdc-e11-ch223.bcbsaz.com
VPCW10PRD0115,PoweredOn,tdc-e11-ch223.bcbsaz.com
VPCW10PRD0187,PoweredOn,tdc-e11-ch223.bcbsaz.com
VPCW10PRD0193,PoweredOn,tdc-e11-ch223.bcbsaz.com
VPCW10PRD0213,PoweredOn,tdc-e11-ch223.bcbsaz.com
VPCW10PRD0239,PoweredOn,tdc-e11-ch223.bcbsaz.com
VPCW10PRD0288,PoweredOn,tdc-e11-ch223.bcbsaz.com
VPCW10PRD0315,PoweredOn,tdc-e11-ch223.bcbsaz.com
VPCW10PRD0323,PoweredOn,tdc-e11-ch223.bcbsaz.com
VPCW10PRD0341,PoweredOn,tdc-e11-ch223.bcbsaz.com
VPCW10PRD0362,PoweredOn,tdc-e11-ch223.bcbsaz.com
VPCW10PRD0363,PoweredOn,tdc-e11-ch223.bcbsaz.com
VPCW10PRD0368,PoweredOn,tdc-e11-ch223.bcbsaz.com
VPCW10PRD0391,PoweredOn,tdc-e11-ch223.bcbsaz.com
VPCW10PRD0398,PoweredOn,tdc-e11-ch223.bcbsaz.com
VPCW10PRD0399,PoweredOn,tdc-e11-ch223.bcbsaz.com
VPCW10PRD0419,PoweredOn,tdc-e11-ch223.bcbsaz.com
VPCW10PRD0441,PoweredOn,tdc-e11-ch223.bcbsaz.com
VPCW10PRD0458,PoweredOn,tdc-e11-ch223.bcbsaz.com
VPCW10PRD0504,PoweredOn,tdc-e11-ch223.bcbsaz.com
VPCW10PRD0553,PoweredOn,tdc-e11-ch223.bcbsaz.com
VPCW10PRD0554,PoweredOn,tdc-e11-ch223.bcbsaz.com
VPCW10PRD0560,PoweredOn,tdc-e11-ch223.bcbsaz.com
VPCW10PRD0587,PoweredOn,tdc-e11-ch223.bcbsaz.com
VPCW10PRD0597,PoweredOn,tdc-e11-ch223.bcbsaz.com
VPCW10PRD0607,PoweredOn,tdc-e11-ch223.bcbsaz.com
VPCW10PRD0627,PoweredOn,tdc-e11-ch223.bcbsaz.com
VPCW10PRD0729,PoweredOn,tdc-e11-ch223.bcbsaz.com
VPCW10PRD0756,PoweredOn,tdc-e11-ch223.bcbsaz.com
VPCW10PRD0813,PoweredOn,tdc-e11-ch223.bcbsaz.com
VPCW10PRD0832,PoweredOn,tdc-e11-ch223.bcbsaz.com
VPCW10PRD0837,PoweredOn,tdc-e11-ch223.bcbsaz.com
VPCW10PRD0840,PoweredOn,tdc-e11-ch223.bcbsaz.com
VPCW10PRD0885,PoweredOn,tdc-e11-ch223.bcbsaz.com
VPCW10PRD0912,PoweredOn,tdc-e11-ch223.bcbsaz.com
VPCW10PRD0925,PoweredOn,tdc-e11-ch223.bcbsaz.com
VPCW10PRD1029,PoweredOn,tdc-e11-ch223.bcbsaz.com
VPCW10PRD1144,PoweredOn,tdc-e11-ch223.bcbsaz.com
VPCW10PRD1147,PoweredOn,tdc-e11-ch223.bcbsaz.com
VPCW10PRD1149,PoweredOn,tdc-e11-ch223.bcbsaz.com
VPCW10PRDA003,PoweredOn,tdc-e11-ch223.bcbsaz.com
VPCW10PRDA004,PoweredOn,tdc-e11-ch223.bcbsaz.com
VPCW10PRDA063,PoweredOn,tdc-e11-ch223.bcbsaz.com
VPCW10PRDA066,PoweredOn,tdc-e11-ch223.bcbsaz.com
VPCW10PRDA070,PoweredOn,tdc-e11-ch223.bcbsaz.com
VPCW10PRDA086,PoweredOn,tdc-e11-ch223.bcbsaz.com
VPCW10PRDA135,PoweredOn,tdc-e11-ch223.bcbsaz.com
VPCW10PRDA219,PoweredOn,tdc-e11-ch223.bcbsaz.com
VPCW10PRDA234,PoweredOn,tdc-e11-ch223.bcbsaz.com
MP-CTX-PVS16,PoweredOn,tdc-e11-ch224.bcbsaz.com
VPCW10PRD0026,PoweredOn,tdc-e11-ch224.bcbsaz.com
VPCW10PRD0033,PoweredOn,tdc-e11-ch224.bcbsaz.com
VPCW10PRD0061,PoweredOn,tdc-e11-ch224.bcbsaz.com
VPCW10PRD0062,PoweredOn,tdc-e11-ch224.bcbsaz.com
VPCW10PRD0088,PoweredOn,tdc-e11-ch224.bcbsaz.com
VPCW10PRD0105,PoweredOn,tdc-e11-ch224.bcbsaz.com
VPCW10PRD0153,PoweredOn,tdc-e11-ch224.bcbsaz.com
VPCW10PRD0155,PoweredOn,tdc-e11-ch224.bcbsaz.com
VPCW10PRD0164,PoweredOn,tdc-e11-ch224.bcbsaz.com
VPCW10PRD0186,PoweredOn,tdc-e11-ch224.bcbsaz.com
VPCW10PRD0219,PoweredOn,tdc-e11-ch224.bcbsaz.com
VPCW10PRD0227,PoweredOn,tdc-e11-ch224.bcbsaz.com
VPCW10PRD0260,PoweredOn,tdc-e11-ch224.bcbsaz.com
VPCW10PRD0271,PoweredOn,tdc-e11-ch224.bcbsaz.com
VPCW10PRD0292,PoweredOn,tdc-e11-ch224.bcbsaz.com
VPCW10PRD0309,PoweredOn,tdc-e11-ch224.bcbsaz.com
VPCW10PRD0313,PoweredOn,tdc-e11-ch224.bcbsaz.com
VPCW10PRD0346,PoweredOn,tdc-e11-ch224.bcbsaz.com
VPCW10PRD0440,PoweredOn,tdc-e11-ch224.bcbsaz.com
VPCW10PRD0526,PoweredOn,tdc-e11-ch224.bcbsaz.com
VPCW10PRD0528,PoweredOn,tdc-e11-ch224.bcbsaz.com
VPCW10PRD0566,PoweredOn,tdc-e11-ch224.bcbsaz.com
VPCW10PRD0570,PoweredOn,tdc-e11-ch224.bcbsaz.com
VPCW10PRD0584,PoweredOn,tdc-e11-ch224.bcbsaz.com
VPCW10PRD0596,PoweredOn,tdc-e11-ch224.bcbsaz.com
VPCW10PRD0612,PoweredOn,tdc-e11-ch224.bcbsaz.com
VPCW10PRD0660,PoweredOn,tdc-e11-ch224.bcbsaz.com
VPCW10PRD0667,PoweredOn,tdc-e11-ch224.bcbsaz.com
VPCW10PRD0687,PoweredOn,tdc-e11-ch224.bcbsaz.com
VPCW10PRD0697,PoweredOn,tdc-e11-ch224.bcbsaz.com
VPCW10PRD0698,PoweredOn,tdc-e11-ch224.bcbsaz.com
VPCW10PRD0709,PoweredOn,tdc-e11-ch224.bcbsaz.com
VPCW10PRD0712,PoweredOn,tdc-e11-ch224.bcbsaz.com
VPCW10PRD0752,PoweredOn,tdc-e11-ch224.bcbsaz.com
VPCW10PRD0774,PoweredOn,tdc-e11-ch224.bcbsaz.com
VPCW10PRD0785,PoweredOn,tdc-e11-ch224.bcbsaz.com
VPCW10PRD0792,PoweredOn,tdc-e11-ch224.bcbsaz.com
VPCW10PRD0843,PoweredOn,tdc-e11-ch224.bcbsaz.com
VPCW10PRD0880,PoweredOn,tdc-e11-ch224.bcbsaz.com
VPCW10PRD0977,PoweredOn,tdc-e11-ch224.bcbsaz.com
VPCW10PRD1020,PoweredOn,tdc-e11-ch224.bcbsaz.com
VPCW10PRD1039,PoweredOn,tdc-e11-ch224.bcbsaz.com
VPCW10PRD1053,PoweredOn,tdc-e11-ch224.bcbsaz.com
VPCW10PRD1097,PoweredOn,tdc-e11-ch224.bcbsaz.com
VPCW10PRD1156,PoweredOn,tdc-e11-ch224.bcbsaz.com
VPCW10PRDA042,PoweredOn,tdc-e11-ch224.bcbsaz.com
VPCW10PRDA060,PoweredOn,tdc-e11-ch224.bcbsaz.com
VPCW10PRDA075,PoweredOn,tdc-e11-ch224.bcbsaz.com
VPCW10PRDA082,PoweredOn,tdc-e11-ch224.bcbsaz.com
VPCW10PRDA108,PoweredOn,tdc-e11-ch224.bcbsaz.com
VPCW10PRDA111,PoweredOn,tdc-e11-ch224.bcbsaz.com
VPCW10PRDA123,PoweredOn,tdc-e11-ch224.bcbsaz.com
VPCW10PRDA152,PoweredOn,tdc-e11-ch224.bcbsaz.com
VPCW10PRDA172,PoweredOn,tdc-e11-ch224.bcbsaz.com
VPCW10PRDA173,PoweredOn,tdc-e11-ch224.bcbsaz.com
VPCW10PRDA188,PoweredOn,tdc-e11-ch224.bcbsaz.com
VPCW10PRDA194,PoweredOn,tdc-e11-ch224.bcbsaz.com
VPCW10PRDA199,PoweredOn,tdc-e11-ch224.bcbsaz.com
VPCW10PRDA207,PoweredOn,tdc-e11-ch224.bcbsaz.com
VPCW10PRDA227,PoweredOn,tdc-e11-ch224.bcbsaz.com
VPCXD715PRD1275,PoweredOn,tdc-e11-ch224.bcbsaz.com
MP-CTX-PVS23,PoweredOn,tdc-e11-ch225.bcbsaz.com
VPCW10IMG06,PoweredOn,tdc-e11-ch225.bcbsaz.com
VPCW10PRD0017,PoweredOn,tdc-e11-ch225.bcbsaz.com
VPCW10PRD0041,PoweredOn,tdc-e11-ch225.bcbsaz.com
VPCW10PRD0044,PoweredOn,tdc-e11-ch225.bcbsaz.com
VPCW10PRD0073,PoweredOn,tdc-e11-ch225.bcbsaz.com
VPCW10PRD0125,PoweredOn,tdc-e11-ch225.bcbsaz.com
VPCW10PRD0134,PoweredOn,tdc-e11-ch225.bcbsaz.com
VPCW10PRD0173,PoweredOn,tdc-e11-ch225.bcbsaz.com
VPCW10PRD0177,PoweredOn,tdc-e11-ch225.bcbsaz.com
VPCW10PRD0200,PoweredOn,tdc-e11-ch225.bcbsaz.com
VPCW10PRD0229,PoweredOn,tdc-e11-ch225.bcbsaz.com
VPCW10PRD0240,PoweredOn,tdc-e11-ch225.bcbsaz.com
VPCW10PRD0241,PoweredOn,tdc-e11-ch225.bcbsaz.com
VPCW10PRD0249,PoweredOn,tdc-e11-ch225.bcbsaz.com
VPCW10PRD0262,PoweredOn,tdc-e11-ch225.bcbsaz.com
VPCW10PRD0277,PoweredOn,tdc-e11-ch225.bcbsaz.com
VPCW10PRD0280,PoweredOn,tdc-e11-ch225.bcbsaz.com
VPCW10PRD0297,PoweredOn,tdc-e11-ch225.bcbsaz.com
VPCW10PRD0302,PoweredOn,tdc-e11-ch225.bcbsaz.com
VPCW10PRD0306,PoweredOn,tdc-e11-ch225.bcbsaz.com
VPCW10PRD0348,PoweredOn,tdc-e11-ch225.bcbsaz.com
VPCW10PRD0406,PoweredOn,tdc-e11-ch225.bcbsaz.com
VPCW10PRD0433,PoweredOn,tdc-e11-ch225.bcbsaz.com
VPCW10PRD0609,PoweredOn,tdc-e11-ch225.bcbsaz.com
VPCW10PRD0614,PoweredOn,tdc-e11-ch225.bcbsaz.com
VPCW10PRD0626,PoweredOn,tdc-e11-ch225.bcbsaz.com
VPCW10PRD0666,PoweredOn,tdc-e11-ch225.bcbsaz.com
VPCW10PRD0693,PoweredOn,tdc-e11-ch225.bcbsaz.com
VPCW10PRD0694,PoweredOn,tdc-e11-ch225.bcbsaz.com
VPCW10PRD0708,PoweredOn,tdc-e11-ch225.bcbsaz.com
VPCW10PRD0736,PoweredOn,tdc-e11-ch225.bcbsaz.com
VPCW10PRD0758,PoweredOn,tdc-e11-ch225.bcbsaz.com
VPCW10PRD0762,PoweredOn,tdc-e11-ch225.bcbsaz.com
VPCW10PRD0779,PoweredOn,tdc-e11-ch225.bcbsaz.com
VPCW10PRD0786,PoweredOn,tdc-e11-ch225.bcbsaz.com
VPCW10PRD0829,PoweredOn,tdc-e11-ch225.bcbsaz.com
VPCW10PRD0831,PoweredOn,tdc-e11-ch225.bcbsaz.com
VPCW10PRD0891,PoweredOn,tdc-e11-ch225.bcbsaz.com
VPCW10PRD0899,PoweredOn,tdc-e11-ch225.bcbsaz.com
VPCW10PRD0900,PoweredOn,tdc-e11-ch225.bcbsaz.com
VPCW10PRD0904,PoweredOn,tdc-e11-ch225.bcbsaz.com
VPCW10PRD0982,PoweredOn,tdc-e11-ch225.bcbsaz.com
VPCW10PRD1024,PoweredOn,tdc-e11-ch225.bcbsaz.com
VPCW10PRD1025,PoweredOn,tdc-e11-ch225.bcbsaz.com
VPCW10PRD1049,PoweredOn,tdc-e11-ch225.bcbsaz.com
VPCW10PRD1081,PoweredOn,tdc-e11-ch225.bcbsaz.com
VPCW10PRD1094,PoweredOn,tdc-e11-ch225.bcbsaz.com
VPCW10PRD1120,PoweredOn,tdc-e11-ch225.bcbsaz.com
VPCW10PRD1131,PoweredOn,tdc-e11-ch225.bcbsaz.com
VPCW10PRD1170,PoweredOn,tdc-e11-ch225.bcbsaz.com
VPCW10PRDA005,PoweredOn,tdc-e11-ch225.bcbsaz.com
VPCW10PRDA052,PoweredOn,tdc-e11-ch225.bcbsaz.com
VPCW10PRDA100,PoweredOn,tdc-e11-ch225.bcbsaz.com
VPCW10PRDA101,PoweredOn,tdc-e11-ch225.bcbsaz.com
VPCW10PRDA170,PoweredOn,tdc-e11-ch225.bcbsaz.com
VPCXD715IMG02,PoweredOn,tdc-e11-ch225.bcbsaz.com
MP-CTX-PVS13,PoweredOn,tdc-e11-ch226.bcbsaz.com
VPCW10PRD0006,PoweredOn,tdc-e11-ch226.bcbsaz.com
VPCW10PRD0022,PoweredOn,tdc-e11-ch226.bcbsaz.com
VPCW10PRD0042,PoweredOn,tdc-e11-ch226.bcbsaz.com
VPCW10PRD0101,PoweredOn,tdc-e11-ch226.bcbsaz.com
VPCW10PRD0106,PoweredOn,tdc-e11-ch226.bcbsaz.com
VPCW10PRD0123,PoweredOn,tdc-e11-ch226.bcbsaz.com
VPCW10PRD0129,PoweredOn,tdc-e11-ch226.bcbsaz.com
VPCW10PRD0132,PoweredOn,tdc-e11-ch226.bcbsaz.com
VPCW10PRD0169,PoweredOn,tdc-e11-ch226.bcbsaz.com
VPCW10PRD0191,PoweredOn,tdc-e11-ch226.bcbsaz.com
VPCW10PRD0202,PoweredOn,tdc-e11-ch226.bcbsaz.com
VPCW10PRD0204,PoweredOn,tdc-e11-ch226.bcbsaz.com
VPCW10PRD0243,PoweredOn,tdc-e11-ch226.bcbsaz.com
VPCW10PRD0245,PoweredOn,tdc-e11-ch226.bcbsaz.com
VPCW10PRD0285,PoweredOn,tdc-e11-ch226.bcbsaz.com
VPCW10PRD0328,PoweredOn,tdc-e11-ch226.bcbsaz.com
VPCW10PRD0335,PoweredOn,tdc-e11-ch226.bcbsaz.com
VPCW10PRD0352,PoweredOn,tdc-e11-ch226.bcbsaz.com
VPCW10PRD0357,PoweredOn,tdc-e11-ch226.bcbsaz.com
VPCW10PRD0365,PoweredOn,tdc-e11-ch226.bcbsaz.com
VPCW10PRD0369,PoweredOn,tdc-e11-ch226.bcbsaz.com
VPCW10PRD0380,PoweredOn,tdc-e11-ch226.bcbsaz.com
VPCW10PRD0452,PoweredOn,tdc-e11-ch226.bcbsaz.com
VPCW10PRD0512,PoweredOn,tdc-e11-ch226.bcbsaz.com
VPCW10PRD0527,PoweredOn,tdc-e11-ch226.bcbsaz.com
VPCW10PRD0671,PoweredOn,tdc-e11-ch226.bcbsaz.com
VPCW10PRD0699,PoweredOn,tdc-e11-ch226.bcbsaz.com
VPCW10PRD0757,PoweredOn,tdc-e11-ch226.bcbsaz.com
VPCW10PRD0766,PoweredOn,tdc-e11-ch226.bcbsaz.com
VPCW10PRD0788,PoweredOn,tdc-e11-ch226.bcbsaz.com
VPCW10PRD0795,PoweredOn,tdc-e11-ch226.bcbsaz.com
VPCW10PRD0797,PoweredOn,tdc-e11-ch226.bcbsaz.com
VPCW10PRD0800,PoweredOn,tdc-e11-ch226.bcbsaz.com
VPCW10PRD0827,PoweredOn,tdc-e11-ch226.bcbsaz.com
VPCW10PRD0893,PoweredOn,tdc-e11-ch226.bcbsaz.com
VPCW10PRD0908,PoweredOn,tdc-e11-ch226.bcbsaz.com
VPCW10PRD0916,PoweredOn,tdc-e11-ch226.bcbsaz.com
VPCW10PRD0920,PoweredOn,tdc-e11-ch226.bcbsaz.com
VPCW10PRD0960,PoweredOn,tdc-e11-ch226.bcbsaz.com
VPCW10PRD1032,PoweredOn,tdc-e11-ch226.bcbsaz.com
VPCW10PRD1036,PoweredOn,tdc-e11-ch226.bcbsaz.com
VPCW10PRD1068,PoweredOn,tdc-e11-ch226.bcbsaz.com
VPCW10PRD1096,PoweredOn,tdc-e11-ch226.bcbsaz.com
VPCW10PRD1103,PoweredOn,tdc-e11-ch226.bcbsaz.com
VPCW10PRD1109,PoweredOn,tdc-e11-ch226.bcbsaz.com
VPCW10PRD1154,PoweredOn,tdc-e11-ch226.bcbsaz.com
VPCW10PRD2005,PoweredOn,tdc-e11-ch226.bcbsaz.com
VPCW10PRDA021,PoweredOn,tdc-e11-ch226.bcbsaz.com
VPCW10PRDA036,PoweredOn,tdc-e11-ch226.bcbsaz.com
VPCW10PRDA076,PoweredOn,tdc-e11-ch226.bcbsaz.com
VPCW10PRDA089,PoweredOn,tdc-e11-ch226.bcbsaz.com
VPCW10PRDA099,PoweredOn,tdc-e11-ch226.bcbsaz.com
VPCW10PRDA117,PoweredOn,tdc-e11-ch226.bcbsaz.com
VPCW10PRDA130,PoweredOn,tdc-e11-ch226.bcbsaz.com
VPCW10PRDA142,PoweredOn,tdc-e11-ch226.bcbsaz.com
VPCW10PRDA158,PoweredOn,tdc-e11-ch226.bcbsaz.com
VPCW10PRDA181,PoweredOn,tdc-e11-ch226.bcbsaz.com
VPCW10PRDA192,PoweredOn,tdc-e11-ch226.bcbsaz.com
VPCW10PRDA206,PoweredOn,tdc-e11-ch226.bcbsaz.com
VPCW10PRDA209,PoweredOn,tdc-e11-ch226.bcbsaz.com
VPCW10PRDA222,PoweredOn,tdc-e11-ch226.bcbsaz.com
