mp-scr-fw01n01,PoweredOn,vm-dmz-ch20.bcbsaz.com
MP-WAP-FW01N01,PoweredOn,vm-dmz-ch20.bcbsaz.com
ms-was-fw01n01,PoweredOn,vm-dmz-ch20.bcbsaz.com
ms-was-fw01n02,PoweredOn,vm-dmz-ch20.bcbsaz.com
NTNX-15SM60420083-A-CVM,PoweredOn,vm-dmz-ch20.bcbsaz.com
Z-VRA-vm-dmz-ch20.bcbsaz.com,PoweredOn,vm-dmz-ch20.bcbsaz.com
MP-WAP-FW01N02,PoweredOn,vm-dmz-ch21.bcbsaz.com
mp-was-fw01n03,PoweredOn,vm-dmz-ch21.bcbsaz.com
mp-was-fw01n06,PoweredOn,vm-dmz-ch21.bcbsaz.com
ms-was-fw02n02,PoweredOn,vm-dmz-ch21.bcbsaz.com
NTNX-15SM60420083-B-CVM,PoweredOn,vm-dmz-ch21.bcbsaz.com
vCLS-e1fc2419-1ca7-42bf-b4dd-2fbacbd50239,PoweredOn,vm-dmz-ch21.bcbsaz.com
Z-VRA-vm-dmz-ch21.bcbsaz.com,PoweredOn,vm-dmz-ch21.bcbsaz.com
Z-VRAH-vm-dmz-ch21.bcbsaz.com-81585,PoweredOn,vm-dmz-ch21.bcbsaz.com
mp-scr-fw01n02,PoweredOn,vm-dmz-ch22.bcbsaz.com
mp-was-fw01n02,PoweredOn,vm-dmz-ch22.bcbsaz.com
mp-was-fw01n04,PoweredOn,vm-dmz-ch22.bcbsaz.com
mp-was-fw01n05,PoweredOn,vm-dmz-ch22.bcbsaz.com
ms-was-fw02n03,PoweredOn,vm-dmz-ch22.bcbsaz.com
NTNX-15SM60420083-C-CVM,PoweredOn,vm-dmz-ch22.bcbsaz.com
vCLS-027f1e0e-1a5f-42d6-8b97-7ce7cffef0f7,PoweredOn,vm-dmz-ch22.bcbsaz.com
Z-VRA-vm-dmz-ch22.bcbsaz.com,PoweredOn,vm-dmz-ch22.bcbsaz.com
Z-VRAH-vm-dmz-ch22.bcbsaz.com-659489,PoweredOn,vm-dmz-ch22.bcbsaz.com
mp-scr-fw01n03,PoweredOn,vm-dmz-ch23.bcbsaz.com
mp-was-fw01n01,PoweredOn,vm-dmz-ch23.bcbsaz.com
ms-was-fw02n01,PoweredOn,vm-dmz-ch23.bcbsaz.com
ms-was-fw02n04,PoweredOn,vm-dmz-ch23.bcbsaz.com
NTNX-15SM60420083-D-CVM,PoweredOn,vm-dmz-ch23.bcbsaz.com
vCLS-457994fc-80d3-4c81-bb94-2d26bdfcccc0,PoweredOn,vm-dmz-ch23.bcbsaz.com
Z-VRA-vm-dmz-ch23.bcbsaz.com,PoweredOn,vm-dmz-ch23.bcbsaz.com
Z-VRAH-vm-dmz-ch23.bcbsaz.com-734062,PoweredOn,vm-dmz-ch23.bcbsaz.com
ms-SI0-w02,PoweredOn,vm-dmz-ch46.bcbsaz.com
Z-VRA-vm-dmz-ch46.bcbsaz.com,PoweredOn,vm-dmz-ch46.bcbsaz.com
Z-VRAH-vm-dmz-ch46.bcbsaz.com-481065,PoweredOn,vm-dmz-ch46.bcbsaz.com
Z-VRA-vm-dmz-ch47.bcbsaz.com,PoweredOn,vm-dmz-ch47.bcbsaz.com
Z-VRAH-vm-dmz-ch47.bcbsaz.com-281747,PoweredOn,vm-dmz-ch47.bcbsaz.com
am-idr-a02,PoweredOn,vm-dmz-ch48.bcbsaz.com
dc-wdf-ad03,PoweredOn,vm-dmz-ch48.bcbsaz.com
Z-VRA-vm-dmz-ch48.bcbsaz.com,PoweredOn,vm-dmz-ch48.bcbsaz.com
Z-VRAH-vm-dmz-ch48.bcbsaz.com-386322,PoweredOn,vm-dmz-ch48.bcbsaz.com
