baz-md-BTS-002,PoweredOn,vm-fp7-ch101.bcbsaz.com
baz-mt-bts-001,PoweredOn,vm-fp7-ch101.bcbsaz.com
LD-IVR-A01,PoweredOn,vm-fp7-ch101.bcbsaz.com
md-exp-sa01,PoweredOn,vm-fp7-ch101.bcbsaz.com
md-glo-w02,PoweredOn,vm-fp7-ch101.bcbsaz.com
mt-360-a03,PoweredOn,vm-fp7-ch101.bcbsaz.com
mt-360-w02,PoweredOn,vm-fp7-ch101.bcbsaz.com
mt-bpo-sa03,PoweredOn,vm-fp7-ch101.bcbsaz.com
mt-sjl-a30,PoweredOn,vm-fp7-ch101.bcbsaz.com
mt-sno-sa01,PoweredOn,vm-fp7-ch101.bcbsaz.com
mu-frs-a05,PoweredOn,vm-fp7-ch101.bcbsaz.com
mu-frs-a09,PoweredOn,vm-fp7-ch101.bcbsaz.com
mu-mqs-a01,PoweredOn,vm-fp7-ch101.bcbsaz.com
NetScalerVPX01_restore,PoweredOn,vm-fp7-ch101.bcbsaz.com
Z-VRA-vm-fp7-ch101.bcbsaz.com,PoweredOn,vm-fp7-ch101.bcbsaz.com
baz-md-SOA-001,PoweredOn,vm-fp7-ch102.bcbsaz.com
baz-mdir07,PoweredOn,vm-fp7-ch102.bcbsaz.com
baz-mdir08,PoweredOn,vm-fp7-ch102.bcbsaz.com
LD-PBX-SA05,PoweredOn,vm-fp7-ch102.bcbsaz.com
ld-wlm-sa01,PoweredOn,vm-fp7-ch102.bcbsaz.com
md-drm-a01,PoweredOn,vm-fp7-ch102.bcbsaz.com
md-dyn-fa05n01,PoweredOn,vm-fp7-ch102.bcbsaz.com
md-dyn-sr06,PoweredOn,vm-fp7-ch102.bcbsaz.com
md-ivr-a02,PoweredOn,vm-fp7-ch102.bcbsaz.com
md-scr-sw01,PoweredOn,vm-fp7-ch102.bcbsaz.com
MD-SF1-SW01,PoweredOn,vm-fp7-ch102.bcbsaz.com
MD-WSS-SW04,PoweredOn,vm-fp7-ch102.bcbsaz.com
mt-bii-a02,PoweredOn,vm-fp7-ch102.bcbsaz.com
mt-scr-sw01,PoweredOn,vm-fp7-ch102.bcbsaz.com
MT-SSR-FA01,PoweredOn,vm-fp7-ch102.bcbsaz.com
mt-wss-fw02n01,PoweredOn,vm-fp7-ch102.bcbsaz.com
mu-abs-a01,PoweredOn,vm-fp7-ch102.bcbsaz.com
mu-frs-a01,PoweredOn,vm-fp7-ch102.bcbsaz.com
mu-frs-a02,PoweredOn,vm-fp7-ch102.bcbsaz.com
mu-frs-a04,PoweredOn,vm-fp7-ch102.bcbsaz.com
mu-frs-a11,PoweredOn,vm-fp7-ch102.bcbsaz.com
NetScalerVPX02_restore,PoweredOn,vm-fp7-ch102.bcbsaz.com
VPX-Ex-VMDev_restore,PoweredOn,vm-fp7-ch102.bcbsaz.com
Z-VRA-vm-fp7-ch102.bcbsaz.com,PoweredOn,vm-fp7-ch102.bcbsaz.com
Baz-mdir02,PoweredOn,vm-fp7-ch103.bcbsaz.com
baz-mdir05,PoweredOn,vm-fp7-ch103.bcbsaz.com
baz-mdweb6v,PoweredOn,vm-fp7-ch103.bcbsaz.com
ld-doc-a01,PoweredOn,vm-fp7-ch103.bcbsaz.com
ld-epm-a02,PoweredOn,vm-fp7-ch103.bcbsaz.com
lq-epm-a02,PoweredOn,vm-fp7-ch103.bcbsaz.com
lu-epm-a02,PoweredOn,vm-fp7-ch103.bcbsaz.com
md-abs-a01,PoweredOn,vm-fp7-ch103.bcbsaz.com
md-alr-sa01,PoweredOn,vm-fp7-ch103.bcbsaz.com
md-bpo-sa02,PoweredOn,vm-fp7-ch103.bcbsaz.com
md-dyn-fa04n01,PoweredOn,vm-fp7-ch103.bcbsaz.com
md-dyn-fw06n01,PoweredOn,vm-fp7-ch103.bcbsaz.com
md-esc-a01,PoweredOn,vm-fp7-ch103.bcbsaz.com
md-mdm-a05,PoweredOn,vm-fp7-ch103.bcbsaz.com
MD-SJL-A03,PoweredOn,vm-fp7-ch103.bcbsaz.com
md-wss-fw01n02,PoweredOn,vm-fp7-ch103.bcbsaz.com
mt-bpo-sa02,PoweredOn,vm-fp7-ch103.bcbsaz.com
mt-bts-sa02,PoweredOn,vm-fp7-ch103.bcbsaz.com
MT-BTS-SS01,PoweredOn,vm-fp7-ch103.bcbsaz.com
mt-fox-a01,PoweredOn,vm-fp7-ch103.bcbsaz.com
mt-oms-a04,PoweredOn,vm-fp7-ch103.bcbsaz.com
mt-sas-sa01,PoweredOn,vm-fp7-ch103.bcbsaz.com
mu-frs-a03,PoweredOn,vm-fp7-ch103.bcbsaz.com
mu-stp-a01,PoweredOn,vm-fp7-ch103.bcbsaz.com
vCLS-fb5f613a-48fa-4810-811f-866e8aba3c0e,PoweredOn,vm-fp7-ch103.bcbsaz.com
VPX-Ex-VML3_restore,PoweredOn,vm-fp7-ch103.bcbsaz.com
Z-VRA-vm-fp7-ch103.bcbsaz.com,PoweredOn,vm-fp7-ch103.bcbsaz.com
baz-md-BTS-001,PoweredOn,vm-fp7-ch104.bcbsaz.com
LQ-IVR-A01,PoweredOn,vm-fp7-ch104.bcbsaz.com
ls-dsm-a01,PoweredOn,vm-fp7-ch104.bcbsaz.com
LU-EPM-A01,PoweredOn,vm-fp7-ch104.bcbsaz.com
md-bii-a03,PoweredOn,vm-fp7-ch104.bcbsaz.com
md-bpo-sa01,PoweredOn,vm-fp7-ch104.bcbsaz.com
md-dyn-sw01,PoweredOn,vm-fp7-ch104.bcbsaz.com
md-dyn-w01,PoweredOn,vm-fp7-ch104.bcbsaz.com
md-int-w01,PoweredOn,vm-fp7-ch104.bcbsaz.com
md-si0-a01,PoweredOn,vm-fp7-ch104.bcbsaz.com
md-spl-a01,PoweredOn,vm-fp7-ch104.bcbsaz.com
md-tip-a01,PoweredOn,vm-fp7-ch104.bcbsaz.com
mt-bii-a01,PoweredOn,vm-fp7-ch104.bcbsaz.com
MT-BTL-SA01,PoweredOn,vm-fp7-ch104.bcbsaz.com
MT-DYN-FW01N01,PoweredOn,vm-fp7-ch104.bcbsaz.com
MT-EXP-SA01,PoweredOn,vm-fp7-ch104.bcbsaz.com
MT-ICD-SA01,PoweredOn,vm-fp7-ch104.bcbsaz.com
mt-pin-sw01,PoweredOn,vm-fp7-ch104.bcbsaz.com
mt-scr-sw02,PoweredOn,vm-fp7-ch104.bcbsaz.com
mt-wss-fw01n01,PoweredOn,vm-fp7-ch104.bcbsaz.com
mu-dyn-w01,PoweredOn,vm-fp7-ch104.bcbsaz.com
mu-frs-a08,PoweredOn,vm-fp7-ch104.bcbsaz.com
Z-VRA-vm-fp7-ch104.bcbsaz.com,PoweredOn,vm-fp7-ch104.bcbsaz.com
LD-EPM-A01,PoweredOn,vm-fp7-ch105.bcbsaz.com
LD-IVR-W01,PoweredOn,vm-fp7-ch105.bcbsaz.com
LD-MPP-A01,PoweredOn,vm-fp7-ch105.bcbsaz.com
LD-PBX-SA02,PoweredOn,vm-fp7-ch105.bcbsaz.com
LQ-EPM-A01,PoweredOn,vm-fp7-ch105.bcbsaz.com
LQ-IVR-W01,PoweredOn,vm-fp7-ch105.bcbsaz.com
md-bii-a02,PoweredOn,vm-fp7-ch105.bcbsaz.com
md-dyn-sw05,PoweredOn,vm-fp7-ch105.bcbsaz.com
md-fun-a01,PoweredOn,vm-fp7-ch105.bcbsaz.com
md-mdm-sa01,PoweredOn,vm-fp7-ch105.bcbsaz.com
md-mdm-sa03,PoweredOn,vm-fp7-ch105.bcbsaz.com
md-pin-sa01,PoweredOn,vm-fp7-ch105.bcbsaz.com
md-pin-sw01,PoweredOn,vm-fp7-ch105.bcbsaz.com
MD-SJL-A04,PoweredOn,vm-fp7-ch105.bcbsaz.com
md-wss-fw01n01,PoweredOn,vm-fp7-ch105.bcbsaz.com
mm-CMV-a62,PoweredOn,vm-fp7-ch105.bcbsaz.com
mt-360-a01,PoweredOn,vm-fp7-ch105.bcbsaz.com
mt-bts-sa03,PoweredOn,vm-fp7-ch105.bcbsaz.com
MT-DYN-FW01N02,PoweredOn,vm-fp7-ch105.bcbsaz.com
MT-SSA-FA01,PoweredOn,vm-fp7-ch105.bcbsaz.com
mu-frs-a10,PoweredOn,vm-fp7-ch105.bcbsaz.com
mu-int-w01,PoweredOn,vm-fp7-ch105.bcbsaz.com
mu-tip-a02,PoweredOn,vm-fp7-ch105.bcbsaz.com
vCLS-7d5b5286-43de-4c61-845a-a9810cc9eec0,PoweredOn,vm-fp7-ch105.bcbsaz.com
VM534A-002_restore,PoweredOn,vm-fp7-ch105.bcbsaz.com
Z-VRA-vm-fp7-ch105.bcbsaz.com,PoweredOn,vm-fp7-ch105.bcbsaz.com
Baz-mdir03,PoweredOn,vm-fp7-ch106.bcbsaz.com
baz-mdir04,PoweredOn,vm-fp7-ch106.bcbsaz.com
ld-kng-a01,PoweredOn,vm-fp7-ch106.bcbsaz.com
LD-PBX-SA03,PoweredOn,vm-fp7-ch106.bcbsaz.com
LD-PBX-SA04,PoweredOn,vm-fp7-ch106.bcbsaz.com
ld-son-a01,PoweredOn,vm-fp7-ch106.bcbsaz.com
LU-IVR-A01,PoweredOn,vm-fp7-ch106.bcbsaz.com
LU-IVR-W01,PoweredOn,vm-fp7-ch106.bcbsaz.com
md-bii-a01,PoweredOn,vm-fp7-ch106.bcbsaz.com
md-bpo-sa03,PoweredOn,vm-fp7-ch106.bcbsaz.com
md-dyn-fw06n02,PoweredOn,vm-fp7-ch106.bcbsaz.com
md-dyn-w02,PoweredOn,vm-fp7-ch106.bcbsaz.com
md-frs-a03,PoweredOn,vm-fp7-ch106.bcbsaz.com
md-int-w02,PoweredOn,vm-fp7-ch106.bcbsaz.com
md-mqs-a01,PoweredOn,vm-fp7-ch106.bcbsaz.com
md-oid-a01,PoweredOn,vm-fp7-ch106.bcbsaz.com
MD-W19-A01,PoweredOn,vm-fp7-ch106.bcbsaz.com
mm-CMV-a60,PoweredOn,vm-fp7-ch106.bcbsaz.com
Mt-adf-a01,PoweredOn,vm-fp7-ch106.bcbsaz.com
mt-bpo-sa01,PoweredOn,vm-fp7-ch106.bcbsaz.com
MT-BTL-SA02,PoweredOn,vm-fp7-ch106.bcbsaz.com
mt-eob-sa01,PoweredOn,vm-fp7-ch106.bcbsaz.com
MT-ICD-SA02,PoweredOn,vm-fp7-ch106.bcbsaz.com
mt-int-w01,PoweredOn,vm-fp7-ch106.bcbsaz.com
mt-pin-sa01,PoweredOn,vm-fp7-ch106.bcbsaz.com
MT-SF1-SW01,PoweredOn,vm-fp7-ch106.bcbsaz.com
Mt-sql-d10,PoweredOn,vm-fp7-ch106.bcbsaz.com
mt-wss-fw01n02,PoweredOn,vm-fp7-ch106.bcbsaz.com
mu-frs-a07,PoweredOn,vm-fp7-ch106.bcbsaz.com
mu-tip-a01,PoweredOn,vm-fp7-ch106.bcbsaz.com
Z-VRA-vm-fp7-ch106.bcbsaz.com,PoweredOn,vm-fp7-ch106.bcbsaz.com
am-vra-a02,PoweredOn,vm-fp7-ch107.bcbsaz.com
baz-mt-bts-002,PoweredOn,vm-fp7-ch107.bcbsaz.com
md-frs-a02,PoweredOn,vm-fp7-ch107.bcbsaz.com
md-ndi-sa01,PoweredOn,vm-fp7-ch107.bcbsaz.com
mm-CMV-a61,PoweredOn,vm-fp7-ch107.bcbsaz.com
mm-vra-w02,PoweredOn,vm-fp7-ch107.bcbsaz.com
Mt-ads-a01,PoweredOn,vm-fp7-ch107.bcbsaz.com
MT-BTS-SA01,PoweredOn,vm-fp7-ch107.bcbsaz.com
mt-wss-fw02n02,PoweredOn,vm-fp7-ch107.bcbsaz.com
mu-dyn-w02,PoweredOn,vm-fp7-ch107.bcbsaz.com
mu-frs-a06,PoweredOn,vm-fp7-ch107.bcbsaz.com
vCLS-e3c0e953-f1ba-4e07-99b4-1ed8df1f4872,PoweredOn,vm-fp7-ch107.bcbsaz.com
Z-VRA-vm-fp7-ch107.bcbsaz.com,PoweredOn,vm-fp7-ch107.bcbsaz.com
1-CentOS7-Base90,PoweredOn,vm-fp7-ch121.bcbsaz.com
1-RHEnt8-Base90,PoweredOn,vm-fp7-ch121.bcbsaz.com
al-eca-a01,PoweredOn,vm-fp7-ch121.bcbsaz.com
am-cmv-ss01,PoweredOn,vm-fp7-ch121.bcbsaz.com
am-csb-a01,PoweredOn,vm-fp7-ch121.bcbsaz.com
am-fp7-gvm121,PoweredOn,vm-fp7-ch121.bcbsaz.com
am-fps-a01,PoweredOn,vm-fp7-ch121.bcbsaz.com
am-nsx-a07,PoweredOn,vm-fp7-ch121.bcbsaz.com
am-onc-a01.corp.net.bcbsaz.com,PoweredOn,vm-fp7-ch121.bcbsaz.com
am-vlm-a04,PoweredOn,vm-fp7-ch121.bcbsaz.com
am-vsc-a02.corp.net.bcbsaz.com,PoweredOn,vm-fp7-ch121.bcbsaz.com
C1-121-NSX-controller-29,PoweredOn,vm-fp7-ch121.bcbsaz.com
C2-122-NSX-controller-30,PoweredOn,vm-fp7-ch121.bcbsaz.com
C3-123-NSX-controller-31,PoweredOn,vm-fp7-ch121.bcbsaz.com
lm-ans-a03,PoweredOn,vm-fp7-ch121.bcbsaz.com
lm-ans-a05,PoweredOn,vm-fp7-ch121.bcbsaz.com
lm-ise-a02,PoweredOn,vm-fp7-ch121.bcbsaz.com
lm-ise-a02-OLD,PoweredOn,vm-fp7-ch121.bcbsaz.com
lm-net-a02,PoweredOn,vm-fp7-ch121.bcbsaz.com
lm-ops-a01,PoweredOn,vm-fp7-ch121.bcbsaz.com
lm-ova-a01,PoweredOn,vm-fp7-ch121.bcbsaz.com
lm-srf-sa01,PoweredOn,vm-fp7-ch121.bcbsaz.com
lm-url-w01,PoweredOn,vm-fp7-ch121.bcbsaz.com
lp-nes-a06,PoweredOn,vm-fp7-ch121.bcbsaz.com
lp-nes-a07,PoweredOn,vm-fp7-ch121.bcbsaz.com
lp-nes-a08,PoweredOn,vm-fp7-ch121.bcbsaz.com
mm-KWS-d02,PoweredOn,vm-fp7-ch121.bcbsaz.com
mm-ops-a02,PoweredOn,vm-fp7-ch121.bcbsaz.com
MM-SCT-SA01,PoweredOn,vm-fp7-ch121.bcbsaz.com
mm-SQL-a01,PoweredOn,vm-fp7-ch121.bcbsaz.com
mm-vvc-ss01,PoweredOn,vm-fp7-ch121.bcbsaz.com
pc00159202,PoweredOn,vm-fp7-ch121.bcbsaz.com
vCLS-27ef5d66-abb6-4d79-a5a3-0b0a944f87b7,PoweredOn,vm-fp7-ch121.bcbsaz.com
VM518A-001,PoweredOn,vm-fp7-ch121.bcbsaz.com
VM518A-002,PoweredOn,vm-fp7-ch121.bcbsaz.com
VM518C-004,PoweredOn,vm-fp7-ch121.bcbsaz.com
VM534A-001,PoweredOn,vm-fp7-ch121.bcbsaz.com
VM534A-003,PoweredOn,vm-fp7-ch121.bcbsaz.com
vrni-platform,PoweredOn,vm-fp7-ch121.bcbsaz.com
Z-VRA-vm-fp7-ch121.bcbsaz.com,PoweredOn,vm-fp7-ch121.bcbsaz.com
Z-VRAH-vm-fp7-ch121.bcbsaz.com-483378,PoweredOn,vm-fp7-ch121.bcbsaz.com
am-fp7-gvm122,PoweredOn,vm-fp7-ch122.bcbsaz.com
am-nes-a02,PoweredOn,vm-fp7-ch122.bcbsaz.com
am-vra-a04,PoweredOn,vm-fp7-ch122.bcbsaz.com
am-web-a01,PoweredOn,vm-fp7-ch122.bcbsaz.com
ap-nes-a13,PoweredOn,vm-fp7-ch122.bcbsaz.com
lm-fp7-sa01.bcbsaz.com,PoweredOn,vm-fp7-ch122.bcbsaz.com
lm-kbn-a01,PoweredOn,vm-fp7-ch122.bcbsaz.com
lm-spw-a01,PoweredOn,vm-fp7-ch122.bcbsaz.com
mm-aip-a01,PoweredOn,vm-fp7-ch122.bcbsaz.com
mm-cmv-a45,PoweredOn,vm-fp7-ch122.bcbsaz.com
mm-cmv-a46,PoweredOn,vm-fp7-ch122.bcbsaz.com
mm-cmv-a48,PoweredOn,vm-fp7-ch122.bcbsaz.com
mm-CMV-a59,PoweredOn,vm-fp7-ch122.bcbsaz.com
mm-OPS-a03,PoweredOn,vm-fp7-ch122.bcbsaz.com
mm-swd-a01,PoweredOn,vm-fp7-ch122.bcbsaz.com
mm-swd-a03,PoweredOn,vm-fp7-ch122.bcbsaz.com
mm-wbs-sa01,PoweredOn,vm-fp7-ch122.bcbsaz.com
vCLS-445fae2b-0043-4ff2-909f-18d44fcd9fcd,PoweredOn,vm-fp7-ch122.bcbsaz.com
VM518C-003,PoweredOn,vm-fp7-ch122.bcbsaz.com
Z-VRA-vm-fp7-ch122.bcbsaz.com,PoweredOn,vm-fp7-ch122.bcbsaz.com
al-tnm-a02,PoweredOn,vm-fp7-ch123.bcbsaz.com
al-tnm-a03,PoweredOn,vm-fp7-ch123.bcbsaz.com
am-fp7-gvm123,PoweredOn,vm-fp7-ch123.bcbsaz.com
am-gfm-a01,PoweredOn,vm-fp7-ch123.bcbsaz.com
cisco-pi,PoweredOn,vm-fp7-ch123.bcbsaz.com
dc-aif-ad01,PoweredOn,vm-fp7-ch123.bcbsaz.com
dc-dss-ad01,PoweredOn,vm-fp7-ch123.bcbsaz.com
lm-ise-a01-OLD,PoweredOn,vm-fp7-ch123.bcbsaz.com
lm-ise-a03-OLD,PoweredOn,vm-fp7-ch123.bcbsaz.com
lm-ise-a04,PoweredOn,vm-fp7-ch123.bcbsaz.com
mm-bts-sa01,PoweredOn,vm-fp7-ch123.bcbsaz.com
mm-cmv-a06,PoweredOn,vm-fp7-ch123.bcbsaz.com
mm-CMV-a28,PoweredOn,vm-fp7-ch123.bcbsaz.com
mm-CMV-a29,PoweredOn,vm-fp7-ch123.bcbsaz.com
mm-CMV-a30,PoweredOn,vm-fp7-ch123.bcbsaz.com
mm-cmv-a47,PoweredOn,vm-fp7-ch123.bcbsaz.com
mm-cmv-a49,PoweredOn,vm-fp7-ch123.bcbsaz.com
mm-cmv-w01,PoweredOn,vm-fp7-ch123.bcbsaz.com
mm-ISS-a02,PoweredOn,vm-fp7-ch123.bcbsaz.com
mm-kws-a05,PoweredOn,vm-fp7-ch123.bcbsaz.com
mm-kws-d01,PoweredOn,vm-fp7-ch123.bcbsaz.com
mm-OPS-a01,PoweredOn,vm-fp7-ch123.bcbsaz.com
mm-ps1-ss01,PoweredOn,vm-fp7-ch123.bcbsaz.com
mm-psh-a01,PoweredOn,vm-fp7-ch123.bcbsaz.com
mm-rds-a02,PoweredOn,vm-fp7-ch123.bcbsaz.com
mm-san-a04,PoweredOn,vm-fp7-ch123.bcbsaz.com
mp-SSB-a03,PoweredOn,vm-fp7-ch123.bcbsaz.com
vCLS-261d59ee-70c5-4de0-b21c-7f0dbdd41df1,PoweredOn,vm-fp7-ch123.bcbsaz.com
Z-VRA-vm-fp7-ch123.bcbsaz.com,PoweredOn,vm-fp7-ch123.bcbsaz.com
am-cmv-ss02,PoweredOn,vm-fp7-ch124.bcbsaz.com
am-fp7-gvm124,PoweredOn,vm-fp7-ch124.bcbsaz.com
am-inf-atest,PoweredOn,vm-fp7-ch124.bcbsaz.com
am-nes-a01,PoweredOn,vm-fp7-ch124.bcbsaz.com
am-psm-a02,PoweredOn,vm-fp7-ch124.bcbsaz.com
am-vid-a04,PoweredOn,vm-fp7-ch124.bcbsaz.com
dc-par-ad01,PoweredOn,vm-fp7-ch124.bcbsaz.com
lm-ans-a04,PoweredOn,vm-fp7-ch124.bcbsaz.com
lm-ise-a01,PoweredOn,vm-fp7-ch124.bcbsaz.com
lm-ise-a03,PoweredOn,vm-fp7-ch124.bcbsaz.com
lm-ise-a04-OLD,PoweredOn,vm-fp7-ch124.bcbsaz.com
lp-nes-a09,PoweredOn,vm-fp7-ch124.bcbsaz.com
mm-cfm-a01,PoweredOn,vm-fp7-ch124.bcbsaz.com
mm-prt-a01,PoweredOn,vm-fp7-ch124.bcbsaz.com
mm-ptv-a01,PoweredOn,vm-fp7-ch124.bcbsaz.com
mm-swd-d02,PoweredOn,vm-fp7-ch124.bcbsaz.com
mm-tdc-w01,PoweredOn,vm-fp7-ch124.bcbsaz.com
mm-tel-a01,PoweredOn,vm-fp7-ch124.bcbsaz.com
mm-vid-d01,PoweredOn,vm-fp7-ch124.bcbsaz.com
vm00RaaSAD,PoweredOn,vm-fp7-ch124.bcbsaz.com
vrni-collector,PoweredOn,vm-fp7-ch124.bcbsaz.com
vROPS1,PoweredOn,vm-fp7-ch124.bcbsaz.com
Z-VRA-vm-fp7-ch124.bcbsaz.com,PoweredOn,vm-fp7-ch124.bcbsaz.com
Z-VRAH-vm-fp7-ch124.bcbsaz.com-443719,PoweredOn,vm-fp7-ch124.bcbsaz.com
MM-SCS-SS12,PoweredOn,vm-fp7-ch127.bcbsaz.com
vCLS-9b265fda-9488-4da8-8d8d-fb2dbe073ed4,PoweredOn,vm-fp7-ch127.bcbsaz.com
mm-CMV-a27,PoweredOn,vm-fp7-ch128.bcbsaz.com
mm-scs-a01,PoweredOn,vm-fp7-ch128.bcbsaz.com
vCLS-05c28487-7d03-40e8-a337-694d59b3bd0f,PoweredOn,vm-fp7-ch128.bcbsaz.com
