al-elm-a01,PoweredOn,vm-nb1-ch46.bcbsaz.com
am-cup-a20,PoweredOn,vm-nb1-ch46.bcbsaz.com
mm-vb1-sa01,PoweredOn,vm-nb1-ch46.bcbsaz.com
mp-CUP-a11,PoweredOn,vm-nb1-ch46.bcbsaz.com
mp-CUP-a12,PoweredOn,vm-nb1-ch46.bcbsaz.com
mp-vdi-cc03,PoweredOn,vm-nb1-ch46.bcbsaz.com
mp-vdi-cd01,PoweredOn,vm-nb1-ch46.bcbsaz.com
mp-vdi-cp03,PoweredOn,vm-nb1-ch46.bcbsaz.com
mp-vdi-cs02,PoweredOn,vm-nb1-ch46.bcbsaz.com
NTNX-cluster-16SM6B420073-A-CVM,PoweredOn,vm-nb1-ch46.bcbsaz.com
Z-VRA-vm-nb1-ch46.bcbsaz.com,PoweredOn,vm-nb1-ch46.bcbsaz.com
MF-IVR-A03,PoweredOn,vm-nb1-ch47.bcbsaz.com
mm-ctx-a01,PoweredOn,vm-nb1-ch47.bcbsaz.com
mp-CUP-a06,PoweredOn,vm-nb1-ch47.bcbsaz.com
mp-CUP-a07,PoweredOn,vm-nb1-ch47.bcbsaz.com
mp-CUP-a08,PoweredOn,vm-nb1-ch47.bcbsaz.com
mp-CUP-a09,PoweredOn,vm-nb1-ch47.bcbsaz.com
mp-vdi-cc01,PoweredOn,vm-nb1-ch47.bcbsaz.com
NTNX-cluster-16SM6B420073-B-CVM,PoweredOn,vm-nb1-ch47.bcbsaz.com
Z-VRA-vm-nb1-ch47.bcbsaz.com,PoweredOn,vm-nb1-ch47.bcbsaz.com
am-cph-a02,PoweredOn,vm-nb1-ch48.bcbsaz.com
MF-IVR-A02,PoweredOn,vm-nb1-ch48.bcbsaz.com
MM-CMV-A01,PoweredOn,vm-nb1-ch48.bcbsaz.com
mp-asn-a06,PoweredOn,vm-nb1-ch48.bcbsaz.com
mp-ctx-a18,PoweredOn,vm-nb1-ch48.bcbsaz.com
mp-CUP-a05,PoweredOn,vm-nb1-ch48.bcbsaz.com
mp-CUP-a10,PoweredOn,vm-nb1-ch48.bcbsaz.com
mp-fas-a02,PoweredOn,vm-nb1-ch48.bcbsaz.com
mp-rds-a02,PoweredOn,vm-nb1-ch48.bcbsaz.com
mp-vdi-cc02,PoweredOn,vm-nb1-ch48.bcbsaz.com
mp-vdi-cd02,PoweredOn,vm-nb1-ch48.bcbsaz.com
mp-vdi-cp01,PoweredOn,vm-nb1-ch48.bcbsaz.com
NTNX-cluster-16SM6B420073-C-CVM,PoweredOn,vm-nb1-ch48.bcbsaz.com
SCCM_Test,PoweredOn,vm-nb1-ch48.bcbsaz.com
Z-VRA-vm-nb1-ch48.bcbsaz.com,PoweredOn,vm-nb1-ch48.bcbsaz.com
MF-IVR-A01,PoweredOn,vm-nb1-ch49.bcbsaz.com
mm-cmv-a52,PoweredOn,vm-nb1-ch49.bcbsaz.com
mm-ctx-a02,PoweredOn,vm-nb1-ch49.bcbsaz.com
mm-vdi-w01,PoweredOn,vm-nb1-ch49.bcbsaz.com
mp-asn-a05,PoweredOn,vm-nb1-ch49.bcbsaz.com
mp-asn-a07,PoweredOn,vm-nb1-ch49.bcbsaz.com
mp-asn-a08,PoweredOn,vm-nb1-ch49.bcbsaz.com
mp-CTX-a12,PoweredOn,vm-nb1-ch49.bcbsaz.com
mp-ctx-a17,PoweredOn,vm-nb1-ch49.bcbsaz.com
mp-vdi-cd03,PoweredOn,vm-nb1-ch49.bcbsaz.com
mp-vdi-cl01,PoweredOn,vm-nb1-ch49.bcbsaz.com
mp-vdi-cp02,PoweredOn,vm-nb1-ch49.bcbsaz.com
mp-vdi-cs01,PoweredOn,vm-nb1-ch49.bcbsaz.com
mp-vdi-cs03,PoweredOn,vm-nb1-ch49.bcbsaz.com
mu-asn-w01,PoweredOn,vm-nb1-ch49.bcbsaz.com
NTNX-16SM6B420073-D-CVM,PoweredOn,vm-nb1-ch49.bcbsaz.com
Z-VRA-vm-nb1-ch49.bcbsaz.com,PoweredOn,vm-nb1-ch49.bcbsaz.com
NTNX-NTXPVDI-15SM60300180-A-CVM,PoweredOn,vm-nb1-ch50.bcbsaz.com
VPCW10DEVA094,PoweredOn,vm-nb1-ch50.bcbsaz.com
VPCW10DEVB012,PoweredOn,vm-nb1-ch50.bcbsaz.com
VPCW10DEVB048,PoweredOn,vm-nb1-ch50.bcbsaz.com
VPCW10DEVD001,PoweredOn,vm-nb1-ch50.bcbsaz.com
VPCW10DEVD007,PoweredOn,vm-nb1-ch50.bcbsaz.com
VPCW10DEVD016,PoweredOn,vm-nb1-ch50.bcbsaz.com
VPCW10DEVD201,PoweredOn,vm-nb1-ch50.bcbsaz.com
VPCW10DEVD213,PoweredOn,vm-nb1-ch50.bcbsaz.com
VPCW10DEVD248,PoweredOn,vm-nb1-ch50.bcbsaz.com
VPCW10DEVD299,PoweredOn,vm-nb1-ch50.bcbsaz.com
VPCW10DEVD307,PoweredOn,vm-nb1-ch50.bcbsaz.com
VPCW10DEVD317,PoweredOn,vm-nb1-ch50.bcbsaz.com
VPCW10DEVD365,PoweredOn,vm-nb1-ch50.bcbsaz.com
VPCW10DEVD376,PoweredOn,vm-nb1-ch50.bcbsaz.com
VPCW10DEVD402,PoweredOn,vm-nb1-ch50.bcbsaz.com
VPCW10DEVD487,PoweredOn,vm-nb1-ch50.bcbsaz.com
VPCW10DEVD491,PoweredOn,vm-nb1-ch50.bcbsaz.com
VPCW10DEVD497,PoweredOn,vm-nb1-ch50.bcbsaz.com
VPCW10DEVD522,PoweredOn,vm-nb1-ch50.bcbsaz.com
VPCW10PNDA203,PoweredOn,vm-nb1-ch50.bcbsaz.com
VPCW10PNDA244,PoweredOn,vm-nb1-ch50.bcbsaz.com
VPCW10PNDA354,PoweredOn,vm-nb1-ch50.bcbsaz.com
VPCW10PNDA375,PoweredOn,vm-nb1-ch50.bcbsaz.com
VPCW10PNDA454,PoweredOn,vm-nb1-ch50.bcbsaz.com
NTNX-NTXPVDI-15SM60300180-B-CVM,PoweredOn,vm-nb1-ch51.bcbsaz.com
VPCW10DEV2019,PoweredOn,vm-nb1-ch51.bcbsaz.com
VPCW10DEVA163,PoweredOn,vm-nb1-ch51.bcbsaz.com
VPCW10DEVD010,PoweredOn,vm-nb1-ch51.bcbsaz.com
VPCW10DEVD278,PoweredOn,vm-nb1-ch51.bcbsaz.com
VPCW10DEVD305,PoweredOn,vm-nb1-ch51.bcbsaz.com
VPCW10DEVD356,PoweredOn,vm-nb1-ch51.bcbsaz.com
VPCW10DEVD427,PoweredOn,vm-nb1-ch51.bcbsaz.com
VPCW10DEVD436,PoweredOn,vm-nb1-ch51.bcbsaz.com
VPCW10DEVD465,PoweredOn,vm-nb1-ch51.bcbsaz.com
VPCW10DEVD489,PoweredOn,vm-nb1-ch51.bcbsaz.com
VPCW10DEVD500,PoweredOn,vm-nb1-ch51.bcbsaz.com
VPCW10DEVD507,PoweredOn,vm-nb1-ch51.bcbsaz.com
VPCW10DEVD515,PoweredOn,vm-nb1-ch51.bcbsaz.com
VPCW10DEVD532,PoweredOn,vm-nb1-ch51.bcbsaz.com
VPCW10DEVD547,PoweredOn,vm-nb1-ch51.bcbsaz.com
VPCW10DEVD560,PoweredOn,vm-nb1-ch51.bcbsaz.com
VPCW10DEVD576,PoweredOn,vm-nb1-ch51.bcbsaz.com
VPCW10DEVD578,PoweredOn,vm-nb1-ch51.bcbsaz.com
VPCW10DEVD585,PoweredOn,vm-nb1-ch51.bcbsaz.com
VPCW10PNDA092,PoweredOn,vm-nb1-ch51.bcbsaz.com
VPCW10PNDA110,PoweredOn,vm-nb1-ch51.bcbsaz.com
VPCW10PNDA131,PoweredOn,vm-nb1-ch51.bcbsaz.com
VPCW10PNDA145,PoweredOn,vm-nb1-ch51.bcbsaz.com
VPCW10PNDA399,PoweredOn,vm-nb1-ch51.bcbsaz.com
VPCW10PNDA404,PoweredOn,vm-nb1-ch51.bcbsaz.com
VPCW10PNDA419,PoweredOn,vm-nb1-ch51.bcbsaz.com
VPCXDXPD001N,PoweredOn,vm-nb1-ch51.bcbsaz.com
NTNX-NTXPVDI-15SM60300180-C-CVM,PoweredOn,vm-nb1-ch52.bcbsaz.com
VPCW10DEVA011,PoweredOn,vm-nb1-ch52.bcbsaz.com
VPCW10DEVC021,PoweredOn,vm-nb1-ch52.bcbsaz.com
VPCW10DEVD174,PoweredOn,vm-nb1-ch52.bcbsaz.com
VPCW10DEVD184,PoweredOn,vm-nb1-ch52.bcbsaz.com
VPCW10DEVD274,PoweredOn,vm-nb1-ch52.bcbsaz.com
VPCW10DEVD294,PoweredOn,vm-nb1-ch52.bcbsaz.com
VPCW10DEVD304,PoweredOn,vm-nb1-ch52.bcbsaz.com
VPCW10DEVD338,PoweredOn,vm-nb1-ch52.bcbsaz.com
VPCW10DEVD351,PoweredOn,vm-nb1-ch52.bcbsaz.com
VPCW10DEVD353,PoweredOn,vm-nb1-ch52.bcbsaz.com
VPCW10DEVD439,PoweredOn,vm-nb1-ch52.bcbsaz.com
VPCW10DEVD460,PoweredOn,vm-nb1-ch52.bcbsaz.com
VPCW10DEVD484,PoweredOn,vm-nb1-ch52.bcbsaz.com
VPCW10DEVD519,PoweredOn,vm-nb1-ch52.bcbsaz.com
VPCW10DEVD521,PoweredOn,vm-nb1-ch52.bcbsaz.com
VPCW10DEVD525,PoweredOn,vm-nb1-ch52.bcbsaz.com
VPCW10DEVD572,PoweredOn,vm-nb1-ch52.bcbsaz.com
VPCW10PNDA034,PoweredOn,vm-nb1-ch52.bcbsaz.com
VPCW10PNDA120,PoweredOn,vm-nb1-ch52.bcbsaz.com
VPCW10PNDA162,PoweredOn,vm-nb1-ch52.bcbsaz.com
VPCW10PNDA222,PoweredOn,vm-nb1-ch52.bcbsaz.com
VPCW10PNDA300,PoweredOn,vm-nb1-ch52.bcbsaz.com
VPCW10PNDA335,PoweredOn,vm-nb1-ch52.bcbsaz.com
VPCW10PNDA337,PoweredOn,vm-nb1-ch52.bcbsaz.com
VPCW10PNDA341,PoweredOn,vm-nb1-ch52.bcbsaz.com
VPCW10PNDA349,PoweredOn,vm-nb1-ch52.bcbsaz.com
VPCW10PNDA393,PoweredOn,vm-nb1-ch52.bcbsaz.com
VPCW10PNDA429,PoweredOn,vm-nb1-ch52.bcbsaz.com
VPCW10PNDA433,PoweredOn,vm-nb1-ch52.bcbsaz.com
VPCW10PNDA437,PoweredOn,vm-nb1-ch52.bcbsaz.com
VPCW10PNDA446,PoweredOn,vm-nb1-ch52.bcbsaz.com
NTNX-NTXPVDI-15SM60300180-D-CVM,PoweredOn,vm-nb1-ch53.bcbsaz.com
VPCW10DEV2075,PoweredOn,vm-nb1-ch53.bcbsaz.com
VPCW10DEVA003,PoweredOn,vm-nb1-ch53.bcbsaz.com
VPCW10DEVD061,PoweredOn,vm-nb1-ch53.bcbsaz.com
VPCW10DEVD085,PoweredOn,vm-nb1-ch53.bcbsaz.com
VPCW10DEVD102,PoweredOn,vm-nb1-ch53.bcbsaz.com
VPCW10DEVD129,PoweredOn,vm-nb1-ch53.bcbsaz.com
VPCW10DEVD152,PoweredOn,vm-nb1-ch53.bcbsaz.com
VPCW10DEVD161,PoweredOn,vm-nb1-ch53.bcbsaz.com
VPCW10DEVD176,PoweredOn,vm-nb1-ch53.bcbsaz.com
VPCW10DEVD180,PoweredOn,vm-nb1-ch53.bcbsaz.com
VPCW10DEVD211,PoweredOn,vm-nb1-ch53.bcbsaz.com
VPCW10DEVD220,PoweredOn,vm-nb1-ch53.bcbsaz.com
VPCW10DEVD316,PoweredOn,vm-nb1-ch53.bcbsaz.com
VPCW10DEVD364,PoweredOn,vm-nb1-ch53.bcbsaz.com
VPCW10DEVD375,PoweredOn,vm-nb1-ch53.bcbsaz.com
VPCW10DEVD391,PoweredOn,vm-nb1-ch53.bcbsaz.com
VPCW10DEVD478,PoweredOn,vm-nb1-ch53.bcbsaz.com
VPCW10DEVD542,PoweredOn,vm-nb1-ch53.bcbsaz.com
VPCW10DEVD549,PoweredOn,vm-nb1-ch53.bcbsaz.com
VPCW10DEVD557,PoweredOn,vm-nb1-ch53.bcbsaz.com
VPCW10PD0032,PoweredOn,vm-nb1-ch53.bcbsaz.com
VPCW10PNDA083,PoweredOn,vm-nb1-ch53.bcbsaz.com
VPCW10PNDA086,PoweredOn,vm-nb1-ch53.bcbsaz.com
VPCW10PNDA118,PoweredOn,vm-nb1-ch53.bcbsaz.com
VPCW10PNDA153,PoweredOn,vm-nb1-ch53.bcbsaz.com
VPCW10PNDA167,PoweredOn,vm-nb1-ch53.bcbsaz.com
VPCW10PNDA245,PoweredOn,vm-nb1-ch53.bcbsaz.com
VPCW10PNDA331,PoweredOn,vm-nb1-ch53.bcbsaz.com
VPCW10PNDA340,PoweredOn,vm-nb1-ch53.bcbsaz.com
VPCW10PNDA345,PoweredOn,vm-nb1-ch53.bcbsaz.com
VPCW10PNDA371,PoweredOn,vm-nb1-ch53.bcbsaz.com
VPCW10PNDA390,PoweredOn,vm-nb1-ch53.bcbsaz.com
NTNX-NTXPVDI-16SM60220046-A-CVM,PoweredOn,vm-nb1-ch54.bcbsaz.com
VPCW10DEVA149,PoweredOn,vm-nb1-ch54.bcbsaz.com
VPCW10DEVC019,PoweredOn,vm-nb1-ch54.bcbsaz.com
VPCW10DEVD011,PoweredOn,vm-nb1-ch54.bcbsaz.com
VPCW10DEVD013,PoweredOn,vm-nb1-ch54.bcbsaz.com
VPCW10DEVD029,PoweredOn,vm-nb1-ch54.bcbsaz.com
VPCW10DEVD138,PoweredOn,vm-nb1-ch54.bcbsaz.com
VPCW10DEVD159,PoweredOn,vm-nb1-ch54.bcbsaz.com
VPCW10DEVD289,PoweredOn,vm-nb1-ch54.bcbsaz.com
VPCW10DEVD302,PoweredOn,vm-nb1-ch54.bcbsaz.com
VPCW10DEVD341,PoweredOn,vm-nb1-ch54.bcbsaz.com
VPCW10DEVD355,PoweredOn,vm-nb1-ch54.bcbsaz.com
VPCW10DEVD424,PoweredOn,vm-nb1-ch54.bcbsaz.com
VPCW10DEVD443,PoweredOn,vm-nb1-ch54.bcbsaz.com
VPCW10DEVD448,PoweredOn,vm-nb1-ch54.bcbsaz.com
VPCW10DEVD455,PoweredOn,vm-nb1-ch54.bcbsaz.com
VPCW10DEVD469,PoweredOn,vm-nb1-ch54.bcbsaz.com
VPCW10DEVD477,PoweredOn,vm-nb1-ch54.bcbsaz.com
VPCW10DEVD508,PoweredOn,vm-nb1-ch54.bcbsaz.com
VPCW10DEVD534,PoweredOn,vm-nb1-ch54.bcbsaz.com
VPCW10DEVD559,PoweredOn,vm-nb1-ch54.bcbsaz.com
VPCW10DEVD573,PoweredOn,vm-nb1-ch54.bcbsaz.com
VPCW10DEVD594,PoweredOn,vm-nb1-ch54.bcbsaz.com
VPCW10PD0194,PoweredOn,vm-nb1-ch54.bcbsaz.com
VPCW10PNDA155,PoweredOn,vm-nb1-ch54.bcbsaz.com
VPCW10PNDA191,PoweredOn,vm-nb1-ch54.bcbsaz.com
VPCW10PNDA218,PoweredOn,vm-nb1-ch54.bcbsaz.com
VPCW10PNDA330,PoweredOn,vm-nb1-ch54.bcbsaz.com
VPCW10PNDA418,PoweredOn,vm-nb1-ch54.bcbsaz.com
VPCW10PNDA434,PoweredOn,vm-nb1-ch54.bcbsaz.com
VPCW10PNDA443,PoweredOn,vm-nb1-ch54.bcbsaz.com
NTNX-NTXPVDI-16SM60220046-B-CVM,PoweredOn,vm-nb1-ch55.bcbsaz.com
VPCW10DEV2034,PoweredOn,vm-nb1-ch55.bcbsaz.com
VPCW10DEV2160,PoweredOn,vm-nb1-ch55.bcbsaz.com
VPCW10DEVA015,PoweredOn,vm-nb1-ch55.bcbsaz.com
VPCW10DEVA093,PoweredOn,vm-nb1-ch55.bcbsaz.com
VPCW10DEVA140,PoweredOn,vm-nb1-ch55.bcbsaz.com
VPCW10DEVA153,PoweredOn,vm-nb1-ch55.bcbsaz.com
VPCW10DEVB022,PoweredOn,vm-nb1-ch55.bcbsaz.com
VPCW10DEVB043,PoweredOn,vm-nb1-ch55.bcbsaz.com
VPCW10DEVD068,PoweredOn,vm-nb1-ch55.bcbsaz.com
VPCW10DEVD122,PoweredOn,vm-nb1-ch55.bcbsaz.com
VPCW10DEVD126,PoweredOn,vm-nb1-ch55.bcbsaz.com
VPCW10DEVD272,PoweredOn,vm-nb1-ch55.bcbsaz.com
VPCW10DEVD296,PoweredOn,vm-nb1-ch55.bcbsaz.com
VPCW10DEVD306,PoweredOn,vm-nb1-ch55.bcbsaz.com
VPCW10DEVD346,PoweredOn,vm-nb1-ch55.bcbsaz.com
VPCW10DEVD396,PoweredOn,vm-nb1-ch55.bcbsaz.com
VPCW10DEVD408,PoweredOn,vm-nb1-ch55.bcbsaz.com
VPCW10DEVD440,PoweredOn,vm-nb1-ch55.bcbsaz.com
VPCW10DEVD447,PoweredOn,vm-nb1-ch55.bcbsaz.com
VPCW10DEVD483,PoweredOn,vm-nb1-ch55.bcbsaz.com
VPCW10DEVD490,PoweredOn,vm-nb1-ch55.bcbsaz.com
VPCW10DEVT002,PoweredOn,vm-nb1-ch55.bcbsaz.com
VPCW10PNDA071,PoweredOn,vm-nb1-ch55.bcbsaz.com
VPCW10PNDA188,PoweredOn,vm-nb1-ch55.bcbsaz.com
VPCW10PNDA202,PoweredOn,vm-nb1-ch55.bcbsaz.com
VPCW10PNDA347,PoweredOn,vm-nb1-ch55.bcbsaz.com
VPCW10PNDA400,PoweredOn,vm-nb1-ch55.bcbsaz.com
NTNX-NTXPVDI-16SM60220046-C-CVM,PoweredOn,vm-nb1-ch56.bcbsaz.com
VPCW10DEV2146,PoweredOn,vm-nb1-ch56.bcbsaz.com
VPCW10DEVA073,PoweredOn,vm-nb1-ch56.bcbsaz.com
VPCW10DEVA098,PoweredOn,vm-nb1-ch56.bcbsaz.com
VPCW10DEVB011,PoweredOn,vm-nb1-ch56.bcbsaz.com
VPCW10DEVD017,PoweredOn,vm-nb1-ch56.bcbsaz.com
VPCW10DEVD032,PoweredOn,vm-nb1-ch56.bcbsaz.com
VPCW10DEVD167,PoweredOn,vm-nb1-ch56.bcbsaz.com
VPCW10DEVD209,PoweredOn,vm-nb1-ch56.bcbsaz.com
VPCW10DEVD226,PoweredOn,vm-nb1-ch56.bcbsaz.com
VPCW10DEVD283,PoweredOn,vm-nb1-ch56.bcbsaz.com
VPCW10DEVD301,PoweredOn,vm-nb1-ch56.bcbsaz.com
VPCW10DEVD308,PoweredOn,vm-nb1-ch56.bcbsaz.com
VPCW10DEVD319,PoweredOn,vm-nb1-ch56.bcbsaz.com
VPCW10DEVD321,PoweredOn,vm-nb1-ch56.bcbsaz.com
VPCW10DEVD344,PoweredOn,vm-nb1-ch56.bcbsaz.com
VPCW10DEVD350,PoweredOn,vm-nb1-ch56.bcbsaz.com
VPCW10DEVD352,PoweredOn,vm-nb1-ch56.bcbsaz.com
VPCW10DEVD379,PoweredOn,vm-nb1-ch56.bcbsaz.com
VPCW10DEVD410,PoweredOn,vm-nb1-ch56.bcbsaz.com
VPCW10DEVD482,PoweredOn,vm-nb1-ch56.bcbsaz.com
VPCW10DEVD495,PoweredOn,vm-nb1-ch56.bcbsaz.com
VPCW10PNDA156,PoweredOn,vm-nb1-ch56.bcbsaz.com
VPCW10PNDA250,PoweredOn,vm-nb1-ch56.bcbsaz.com
VPCW10PNDA312,PoweredOn,vm-nb1-ch56.bcbsaz.com
VPCW10PNDA314,PoweredOn,vm-nb1-ch56.bcbsaz.com
VPCW10PNDA350,PoweredOn,vm-nb1-ch56.bcbsaz.com
VPCW10PNDA352,PoweredOn,vm-nb1-ch56.bcbsaz.com
VPCW10PNDA358,PoweredOn,vm-nb1-ch56.bcbsaz.com
VPCW10PNDA368,PoweredOn,vm-nb1-ch56.bcbsaz.com
VPCW10PNDA373,PoweredOn,vm-nb1-ch56.bcbsaz.com
VPCW10PNDA450,PoweredOn,vm-nb1-ch56.bcbsaz.com
mm-cmv-a57,PoweredOn,vm-nb1-ch57.bcbsaz.com
MM-CMV-SF26,PoweredOn,vm-nb1-ch57.bcbsaz.com
NTNX-NTXPVDI-16SM60220046-D-CVM,PoweredOn,vm-nb1-ch57.bcbsaz.com
VPCW10DEV2148,PoweredOn,vm-nb1-ch57.bcbsaz.com
VPCW10DEVB016,PoweredOn,vm-nb1-ch57.bcbsaz.com
VPCW10DEVC013,PoweredOn,vm-nb1-ch57.bcbsaz.com
VPCW10DEVD012,PoweredOn,vm-nb1-ch57.bcbsaz.com
VPCW10DEVD023,PoweredOn,vm-nb1-ch57.bcbsaz.com
VPCW10DEVD057,PoweredOn,vm-nb1-ch57.bcbsaz.com
VPCW10DEVD124,PoweredOn,vm-nb1-ch57.bcbsaz.com
VPCW10DEVD139,PoweredOn,vm-nb1-ch57.bcbsaz.com
VPCW10DEVD179,PoweredOn,vm-nb1-ch57.bcbsaz.com
VPCW10DEVD324,PoweredOn,vm-nb1-ch57.bcbsaz.com
VPCW10DEVD383,PoweredOn,vm-nb1-ch57.bcbsaz.com
VPCW10DEVD413,PoweredOn,vm-nb1-ch57.bcbsaz.com
VPCW10DEVD445,PoweredOn,vm-nb1-ch57.bcbsaz.com
VPCW10DEVD454,PoweredOn,vm-nb1-ch57.bcbsaz.com
VPCW10DEVD562,PoweredOn,vm-nb1-ch57.bcbsaz.com
VPCW10PNDA032,PoweredOn,vm-nb1-ch57.bcbsaz.com
VPCW10PNDA136,PoweredOn,vm-nb1-ch57.bcbsaz.com
VPCW10PNDA139,PoweredOn,vm-nb1-ch57.bcbsaz.com
VPCW10PNDA163,PoweredOn,vm-nb1-ch57.bcbsaz.com
VPCW10PNDA301,PoweredOn,vm-nb1-ch57.bcbsaz.com
VPCW10PNDA313,PoweredOn,vm-nb1-ch57.bcbsaz.com
VPCW10PNDA351,PoweredOn,vm-nb1-ch57.bcbsaz.com
VPCW10PNDA377,PoweredOn,vm-nb1-ch57.bcbsaz.com
VPCW10PNDA439,PoweredOn,vm-nb1-ch57.bcbsaz.com
VPCW10PNDA463,PoweredOn,vm-nb1-ch57.bcbsaz.com
VPCXDXPPD002,PoweredOn,vm-nb1-ch57.bcbsaz.com
NTNX-NTXPVDI-16SM60220049-A-CVM,PoweredOn,vm-nb1-ch58.bcbsaz.com
VPCW10DEV2094,PoweredOn,vm-nb1-ch58.bcbsaz.com
VPCW10DEVA009,PoweredOn,vm-nb1-ch58.bcbsaz.com
VPCW10DEVA111,PoweredOn,vm-nb1-ch58.bcbsaz.com
VPCW10DEVD028,PoweredOn,vm-nb1-ch58.bcbsaz.com
VPCW10DEVD194,PoweredOn,vm-nb1-ch58.bcbsaz.com
VPCW10DEVD203,PoweredOn,vm-nb1-ch58.bcbsaz.com
VPCW10DEVD212,PoweredOn,vm-nb1-ch58.bcbsaz.com
VPCW10DEVD224,PoweredOn,vm-nb1-ch58.bcbsaz.com
VPCW10DEVD263,PoweredOn,vm-nb1-ch58.bcbsaz.com
VPCW10DEVD286,PoweredOn,vm-nb1-ch58.bcbsaz.com
VPCW10DEVD368,PoweredOn,vm-nb1-ch58.bcbsaz.com
VPCW10DEVD395,PoweredOn,vm-nb1-ch58.bcbsaz.com
VPCW10DEVD417,PoweredOn,vm-nb1-ch58.bcbsaz.com
VPCW10DEVD451,PoweredOn,vm-nb1-ch58.bcbsaz.com
VPCW10DEVD466,PoweredOn,vm-nb1-ch58.bcbsaz.com
VPCW10DEVD499,PoweredOn,vm-nb1-ch58.bcbsaz.com
VPCW10DEVD511,PoweredOn,vm-nb1-ch58.bcbsaz.com
VPCW10DEVD550,PoweredOn,vm-nb1-ch58.bcbsaz.com
VPCW10DEVD554,PoweredOn,vm-nb1-ch58.bcbsaz.com
VPCW10DEVD555,PoweredOn,vm-nb1-ch58.bcbsaz.com
VPCW10DEVD563,PoweredOn,vm-nb1-ch58.bcbsaz.com
VPCW10DEVD582,PoweredOn,vm-nb1-ch58.bcbsaz.com
VPCW10PD0206,PoweredOn,vm-nb1-ch58.bcbsaz.com
VPCW10PNDA050,PoweredOn,vm-nb1-ch58.bcbsaz.com
VPCW10PNDA064,PoweredOn,vm-nb1-ch58.bcbsaz.com
VPCW10PNDA187,PoweredOn,vm-nb1-ch58.bcbsaz.com
VPCW10PNDA243,PoweredOn,vm-nb1-ch58.bcbsaz.com
VPCW10PNDA248,PoweredOn,vm-nb1-ch58.bcbsaz.com
VPCW10PNDA367,PoweredOn,vm-nb1-ch58.bcbsaz.com
VPCW10PNDA388,PoweredOn,vm-nb1-ch58.bcbsaz.com
VPCW10PNDA409,PoweredOn,vm-nb1-ch58.bcbsaz.com
NTNX-NTXPVDI-16SM60220049-B-CVM,PoweredOn,vm-nb1-ch59.bcbsaz.com
VPCW10DEVA004,PoweredOn,vm-nb1-ch59.bcbsaz.com
VPCW10DEVD069,PoweredOn,vm-nb1-ch59.bcbsaz.com
VPCW10DEVD149,PoweredOn,vm-nb1-ch59.bcbsaz.com
VPCW10DEVD153,PoweredOn,vm-nb1-ch59.bcbsaz.com
VPCW10DEVD154,PoweredOn,vm-nb1-ch59.bcbsaz.com
VPCW10DEVD171,PoweredOn,vm-nb1-ch59.bcbsaz.com
VPCW10DEVD191,PoweredOn,vm-nb1-ch59.bcbsaz.com
VPCW10DEVD230,PoweredOn,vm-nb1-ch59.bcbsaz.com
VPCW10DEVD236,PoweredOn,vm-nb1-ch59.bcbsaz.com
VPCW10DEVD246,PoweredOn,vm-nb1-ch59.bcbsaz.com
VPCW10DEVD252,PoweredOn,vm-nb1-ch59.bcbsaz.com
VPCW10DEVD315,PoweredOn,vm-nb1-ch59.bcbsaz.com
VPCW10DEVD323,PoweredOn,vm-nb1-ch59.bcbsaz.com
VPCW10DEVD393,PoweredOn,vm-nb1-ch59.bcbsaz.com
VPCW10DEVD412,PoweredOn,vm-nb1-ch59.bcbsaz.com
VPCW10DEVD426,PoweredOn,vm-nb1-ch59.bcbsaz.com
VPCW10DEVD430,PoweredOn,vm-nb1-ch59.bcbsaz.com
VPCW10DEVD502,PoweredOn,vm-nb1-ch59.bcbsaz.com
VPCW10DEVD513,PoweredOn,vm-nb1-ch59.bcbsaz.com
VPCW10DEVD566,PoweredOn,vm-nb1-ch59.bcbsaz.com
VPCW10PD0193,PoweredOn,vm-nb1-ch59.bcbsaz.com
VPCW10PD0195,PoweredOn,vm-nb1-ch59.bcbsaz.com
VPCW10PNDA085,PoweredOn,vm-nb1-ch59.bcbsaz.com
VPCW10PNDA169,PoweredOn,vm-nb1-ch59.bcbsaz.com
VPCW10PNDA199,PoweredOn,vm-nb1-ch59.bcbsaz.com
VPCW10PNDA234,PoweredOn,vm-nb1-ch59.bcbsaz.com
VPCW10PNDA346,PoweredOn,vm-nb1-ch59.bcbsaz.com
VPCW10PNDA421,PoweredOn,vm-nb1-ch59.bcbsaz.com
NTNX-NTXPVDI-16SM60220049-C-CVM,PoweredOn,vm-nb1-ch60.bcbsaz.com
VPCW10DEVA096,PoweredOn,vm-nb1-ch60.bcbsaz.com
VPCW10DEVA152,PoweredOn,vm-nb1-ch60.bcbsaz.com
VPCW10DEVB018,PoweredOn,vm-nb1-ch60.bcbsaz.com
VPCW10DEVD100,PoweredOn,vm-nb1-ch60.bcbsaz.com
VPCW10DEVD170,PoweredOn,vm-nb1-ch60.bcbsaz.com
VPCW10DEVD178,PoweredOn,vm-nb1-ch60.bcbsaz.com
VPCW10DEVD190,PoweredOn,vm-nb1-ch60.bcbsaz.com
VPCW10DEVD237,PoweredOn,vm-nb1-ch60.bcbsaz.com
VPCW10DEVD238,PoweredOn,vm-nb1-ch60.bcbsaz.com
VPCW10DEVD328,PoweredOn,vm-nb1-ch60.bcbsaz.com
VPCW10DEVD342,PoweredOn,vm-nb1-ch60.bcbsaz.com
VPCW10DEVD371,PoweredOn,vm-nb1-ch60.bcbsaz.com
VPCW10DEVD378,PoweredOn,vm-nb1-ch60.bcbsaz.com
VPCW10DEVD423,PoweredOn,vm-nb1-ch60.bcbsaz.com
VPCW10DEVD428,PoweredOn,vm-nb1-ch60.bcbsaz.com
VPCW10DEVD441,PoweredOn,vm-nb1-ch60.bcbsaz.com
VPCW10DEVD453,PoweredOn,vm-nb1-ch60.bcbsaz.com
VPCW10DEVD459,PoweredOn,vm-nb1-ch60.bcbsaz.com
VPCW10DEVD545,PoweredOn,vm-nb1-ch60.bcbsaz.com
VPCW10DEVD546,PoweredOn,vm-nb1-ch60.bcbsaz.com
VPCW10DEVD548,PoweredOn,vm-nb1-ch60.bcbsaz.com
VPCW10DEVD551,PoweredOn,vm-nb1-ch60.bcbsaz.com
VPCW10DEVD591,PoweredOn,vm-nb1-ch60.bcbsaz.com
VPCW10PNDA206,PoweredOn,vm-nb1-ch60.bcbsaz.com
VPCW10PNDA251,PoweredOn,vm-nb1-ch60.bcbsaz.com
VPCW10PNDA369,PoweredOn,vm-nb1-ch60.bcbsaz.com
NTNX-NTXPVDI-16SM60220049-D-CVM,PoweredOn,vm-nb1-ch61.bcbsaz.com
VPCW10DEV2064,PoweredOn,vm-nb1-ch61.bcbsaz.com
VPCW10DEVA133,PoweredOn,vm-nb1-ch61.bcbsaz.com
VPCW10DEVA157,PoweredOn,vm-nb1-ch61.bcbsaz.com
VPCW10DEVB037,PoweredOn,vm-nb1-ch61.bcbsaz.com
VPCW10DEVD009,PoweredOn,vm-nb1-ch61.bcbsaz.com
VPCW10DEVD058,PoweredOn,vm-nb1-ch61.bcbsaz.com
VPCW10DEVD193,PoweredOn,vm-nb1-ch61.bcbsaz.com
VPCW10DEVD311,PoweredOn,vm-nb1-ch61.bcbsaz.com
VPCW10DEVD333,PoweredOn,vm-nb1-ch61.bcbsaz.com
VPCW10DEVD450,PoweredOn,vm-nb1-ch61.bcbsaz.com
VPCW10DEVD492,PoweredOn,vm-nb1-ch61.bcbsaz.com
VPCW10DEVD493,PoweredOn,vm-nb1-ch61.bcbsaz.com
VPCW10DEVD506,PoweredOn,vm-nb1-ch61.bcbsaz.com
VPCW10DEVD520,PoweredOn,vm-nb1-ch61.bcbsaz.com
VPCW10DEVD535,PoweredOn,vm-nb1-ch61.bcbsaz.com
VPCW10DEVD561,PoweredOn,vm-nb1-ch61.bcbsaz.com
VPCW10DEVD583,PoweredOn,vm-nb1-ch61.bcbsaz.com
VPCW10DEVD592,PoweredOn,vm-nb1-ch61.bcbsaz.com
VPCW10PNDA011,PoweredOn,vm-nb1-ch61.bcbsaz.com
VPCW10PNDA058,PoweredOn,vm-nb1-ch61.bcbsaz.com
VPCW10PNDA094,PoweredOn,vm-nb1-ch61.bcbsaz.com
VPCW10PNDA126,PoweredOn,vm-nb1-ch61.bcbsaz.com
VPCW10PNDA132,PoweredOn,vm-nb1-ch61.bcbsaz.com
VPCW10PNDA240,PoweredOn,vm-nb1-ch61.bcbsaz.com
VPCW10PNDA257,PoweredOn,vm-nb1-ch61.bcbsaz.com
VPCW10PNDA306,PoweredOn,vm-nb1-ch61.bcbsaz.com
VPCW10PNDA359,PoweredOn,vm-nb1-ch61.bcbsaz.com
VPCW10PNDA366,PoweredOn,vm-nb1-ch61.bcbsaz.com
VPCW10PNDA374,PoweredOn,vm-nb1-ch61.bcbsaz.com
VPCW10PNDA426,PoweredOn,vm-nb1-ch61.bcbsaz.com
VPCW10PNDA436,PoweredOn,vm-nb1-ch61.bcbsaz.com
VPCW10PNDA451,PoweredOn,vm-nb1-ch61.bcbsaz.com
VPCW10PNDA459,PoweredOn,vm-nb1-ch61.bcbsaz.com
VPCW10PNDA460,PoweredOn,vm-nb1-ch61.bcbsaz.com
NTNX-NTXPVDI-16SM60220050-A-CVM,PoweredOn,vm-nb1-ch62.bcbsaz.com
VPCW10DEVD008,PoweredOn,vm-nb1-ch62.bcbsaz.com
VPCW10DEVD059,PoweredOn,vm-nb1-ch62.bcbsaz.com
VPCW10DEVD066,PoweredOn,vm-nb1-ch62.bcbsaz.com
VPCW10DEVD216,PoweredOn,vm-nb1-ch62.bcbsaz.com
VPCW10DEVD258,PoweredOn,vm-nb1-ch62.bcbsaz.com
VPCW10DEVD282,PoweredOn,vm-nb1-ch62.bcbsaz.com
VPCW10DEVD285,PoweredOn,vm-nb1-ch62.bcbsaz.com
VPCW10DEVD314,PoweredOn,vm-nb1-ch62.bcbsaz.com
VPCW10DEVD322,PoweredOn,vm-nb1-ch62.bcbsaz.com
VPCW10DEVD394,PoweredOn,vm-nb1-ch62.bcbsaz.com
VPCW10DEVD400,PoweredOn,vm-nb1-ch62.bcbsaz.com
VPCW10DEVD446,PoweredOn,vm-nb1-ch62.bcbsaz.com
VPCW10DEVD474,PoweredOn,vm-nb1-ch62.bcbsaz.com
VPCW10DEVD527,PoweredOn,vm-nb1-ch62.bcbsaz.com
VPCW10DEVD538,PoweredOn,vm-nb1-ch62.bcbsaz.com
VPCW10DEVD569,PoweredOn,vm-nb1-ch62.bcbsaz.com
VPCW10DEVD574,PoweredOn,vm-nb1-ch62.bcbsaz.com
VPCW10PD0210,PoweredOn,vm-nb1-ch62.bcbsaz.com
VPCW10PNDA012,PoweredOn,vm-nb1-ch62.bcbsaz.com
VPCW10PNDA037,PoweredOn,vm-nb1-ch62.bcbsaz.com
VPCW10PNDA055,PoweredOn,vm-nb1-ch62.bcbsaz.com
VPCW10PNDA093,PoweredOn,vm-nb1-ch62.bcbsaz.com
VPCW10PNDA108,PoweredOn,vm-nb1-ch62.bcbsaz.com
VPCW10PNDA166,PoweredOn,vm-nb1-ch62.bcbsaz.com
VPCW10PNDA205,PoweredOn,vm-nb1-ch62.bcbsaz.com
VPCW10PNDA209,PoweredOn,vm-nb1-ch62.bcbsaz.com
VPCW10PNDA219,PoweredOn,vm-nb1-ch62.bcbsaz.com
VPCW10PNDA317,PoweredOn,vm-nb1-ch62.bcbsaz.com
VPCW10PNDA332,PoweredOn,vm-nb1-ch62.bcbsaz.com
VPCW10PNDA391,PoweredOn,vm-nb1-ch62.bcbsaz.com
VPCW10PNDA420,PoweredOn,vm-nb1-ch62.bcbsaz.com
VPCW10PNDA432,PoweredOn,vm-nb1-ch62.bcbsaz.com
VPCW10PNDA441,PoweredOn,vm-nb1-ch62.bcbsaz.com
VPCW10PNDA453,PoweredOn,vm-nb1-ch62.bcbsaz.com
VPCW7XDPD3036,PoweredOn,vm-nb1-ch62.bcbsaz.com
NTNX-NTXPVDI-16SM60220050-B-CVM,PoweredOn,vm-nb1-ch63.bcbsaz.com
VPCW10DEVC020,PoweredOn,vm-nb1-ch63.bcbsaz.com
VPCW10DEVD060,PoweredOn,vm-nb1-ch63.bcbsaz.com
VPCW10DEVD072,PoweredOn,vm-nb1-ch63.bcbsaz.com
VPCW10DEVD132,PoweredOn,vm-nb1-ch63.bcbsaz.com
VPCW10DEVD173,PoweredOn,vm-nb1-ch63.bcbsaz.com
VPCW10DEVD195,PoweredOn,vm-nb1-ch63.bcbsaz.com
VPCW10DEVD199,PoweredOn,vm-nb1-ch63.bcbsaz.com
VPCW10DEVD303,PoweredOn,vm-nb1-ch63.bcbsaz.com
VPCW10DEVD390,PoweredOn,vm-nb1-ch63.bcbsaz.com
VPCW10DEVD416,PoweredOn,vm-nb1-ch63.bcbsaz.com
VPCW10DEVD420,PoweredOn,vm-nb1-ch63.bcbsaz.com
VPCW10DEVD429,PoweredOn,vm-nb1-ch63.bcbsaz.com
VPCW10DEVD456,PoweredOn,vm-nb1-ch63.bcbsaz.com
VPCW10DEVD475,PoweredOn,vm-nb1-ch63.bcbsaz.com
VPCW10DEVD510,PoweredOn,vm-nb1-ch63.bcbsaz.com
VPCW10DEVD536,PoweredOn,vm-nb1-ch63.bcbsaz.com
VPCW10DEVD537,PoweredOn,vm-nb1-ch63.bcbsaz.com
VPCW10DEVD581,PoweredOn,vm-nb1-ch63.bcbsaz.com
VPCW10DEVD593,PoweredOn,vm-nb1-ch63.bcbsaz.com
VPCW10PD0192,PoweredOn,vm-nb1-ch63.bcbsaz.com
VPCW10PNDA029,PoweredOn,vm-nb1-ch63.bcbsaz.com
VPCW10PNDA046,PoweredOn,vm-nb1-ch63.bcbsaz.com
VPCW10PNDA170,PoweredOn,vm-nb1-ch63.bcbsaz.com
VPCW10PNDA220,PoweredOn,vm-nb1-ch63.bcbsaz.com
VPCW10PNDA263,PoweredOn,vm-nb1-ch63.bcbsaz.com
VPCW10PNDA326,PoweredOn,vm-nb1-ch63.bcbsaz.com
VPCW10SPANDEV02,PoweredOn,vm-nb1-ch63.bcbsaz.com
mm-cmv-a55,PoweredOn,vm-nb1-ch64.bcbsaz.com
NTNX-NTXPVDI-16SM60220050-C-CVM,PoweredOn,vm-nb1-ch64.bcbsaz.com
VPCW10DEV2089,PoweredOn,vm-nb1-ch64.bcbsaz.com
VPCW10DEVA019,PoweredOn,vm-nb1-ch64.bcbsaz.com
VPCW10DEVD096,PoweredOn,vm-nb1-ch64.bcbsaz.com
VPCW10DEVD123,PoweredOn,vm-nb1-ch64.bcbsaz.com
VPCW10DEVD156,PoweredOn,vm-nb1-ch64.bcbsaz.com
VPCW10DEVD202,PoweredOn,vm-nb1-ch64.bcbsaz.com
VPCW10DEVD223,PoweredOn,vm-nb1-ch64.bcbsaz.com
VPCW10DEVD243,PoweredOn,vm-nb1-ch64.bcbsaz.com
VPCW10DEVD249,PoweredOn,vm-nb1-ch64.bcbsaz.com
VPCW10DEVD320,PoweredOn,vm-nb1-ch64.bcbsaz.com
VPCW10DEVD332,PoweredOn,vm-nb1-ch64.bcbsaz.com
VPCW10DEVD337,PoweredOn,vm-nb1-ch64.bcbsaz.com
VPCW10DEVD347,PoweredOn,vm-nb1-ch64.bcbsaz.com
VPCW10DEVD382,PoweredOn,vm-nb1-ch64.bcbsaz.com
VPCW10DEVD442,PoweredOn,vm-nb1-ch64.bcbsaz.com
VPCW10DEVD444,PoweredOn,vm-nb1-ch64.bcbsaz.com
VPCW10DEVD524,PoweredOn,vm-nb1-ch64.bcbsaz.com
VPCW10DEVD541,PoweredOn,vm-nb1-ch64.bcbsaz.com
VPCW10DEVD577,PoweredOn,vm-nb1-ch64.bcbsaz.com
VPCW10PNDA033,PoweredOn,vm-nb1-ch64.bcbsaz.com
VPCW10PNDA293,PoweredOn,vm-nb1-ch64.bcbsaz.com
VPCW10PNDA305,PoweredOn,vm-nb1-ch64.bcbsaz.com
VPCW10PNDA316,PoweredOn,vm-nb1-ch64.bcbsaz.com
VPCW10PNDA424,PoweredOn,vm-nb1-ch64.bcbsaz.com
VPCW10PNDA425,PoweredOn,vm-nb1-ch64.bcbsaz.com
VPCW10SPANDEV03,PoweredOn,vm-nb1-ch64.bcbsaz.com
VPCW7XDPD3041,PoweredOn,vm-nb1-ch64.bcbsaz.com
NTNX-NTXPVDI-16SM60220050-D-CVM,PoweredOn,vm-nb1-ch65.bcbsaz.com
VPCW10DEV2017,PoweredOn,vm-nb1-ch65.bcbsaz.com
VPCW10DEV2084,PoweredOn,vm-nb1-ch65.bcbsaz.com
VPCW10DEVA050,PoweredOn,vm-nb1-ch65.bcbsaz.com
VPCW10DEVA127,PoweredOn,vm-nb1-ch65.bcbsaz.com
VPCW10DEVA151,PoweredOn,vm-nb1-ch65.bcbsaz.com
VPCW10DEVB013,PoweredOn,vm-nb1-ch65.bcbsaz.com
VPCW10DEVB028,PoweredOn,vm-nb1-ch65.bcbsaz.com
VPCW10DEVD063,PoweredOn,vm-nb1-ch65.bcbsaz.com
VPCW10DEVD064,PoweredOn,vm-nb1-ch65.bcbsaz.com
VPCW10DEVD331,PoweredOn,vm-nb1-ch65.bcbsaz.com
VPCW10DEVD407,PoweredOn,vm-nb1-ch65.bcbsaz.com
VPCW10DEVD415,PoweredOn,vm-nb1-ch65.bcbsaz.com
VPCW10DEVD437,PoweredOn,vm-nb1-ch65.bcbsaz.com
VPCW10DEVD488,PoweredOn,vm-nb1-ch65.bcbsaz.com
VPCW10DEVD501,PoweredOn,vm-nb1-ch65.bcbsaz.com
VPCW10DEVD553,PoweredOn,vm-nb1-ch65.bcbsaz.com
VPCW10DEVD556,PoweredOn,vm-nb1-ch65.bcbsaz.com
VPCW10DEVD588,PoweredOn,vm-nb1-ch65.bcbsaz.com
VPCW10DEVD590,PoweredOn,vm-nb1-ch65.bcbsaz.com
VPCW10PD0093,PoweredOn,vm-nb1-ch65.bcbsaz.com
VPCW10PNDA119,PoweredOn,vm-nb1-ch65.bcbsaz.com
VPCW10PNDA124,PoweredOn,vm-nb1-ch65.bcbsaz.com
VPCW10PNDA221,PoweredOn,vm-nb1-ch65.bcbsaz.com
VPCW10PNDA225,PoweredOn,vm-nb1-ch65.bcbsaz.com
VPCW10PNDA324,PoweredOn,vm-nb1-ch65.bcbsaz.com
VPCW10PNDA338,PoweredOn,vm-nb1-ch65.bcbsaz.com
VPCW10PNDA385,PoweredOn,vm-nb1-ch65.bcbsaz.com
VPCW10PNDA427,PoweredOn,vm-nb1-ch65.bcbsaz.com
VPCW10PNDA442,PoweredOn,vm-nb1-ch65.bcbsaz.com
VPCW10PNDA445,PoweredOn,vm-nb1-ch65.bcbsaz.com
VPCW7XDPD3030,PoweredOn,vm-nb1-ch65.bcbsaz.com
NTNX-NTXPVDI-16SM60220047-A-CVM,PoweredOn,vm-nb1-ch66.bcbsaz.com
VPCW10DEVA102,PoweredOn,vm-nb1-ch66.bcbsaz.com
VPCW10DEVA150,PoweredOn,vm-nb1-ch66.bcbsaz.com
VPCW10DEVD030,PoweredOn,vm-nb1-ch66.bcbsaz.com
VPCW10DEVD039,PoweredOn,vm-nb1-ch66.bcbsaz.com
VPCW10DEVD086,PoweredOn,vm-nb1-ch66.bcbsaz.com
VPCW10DEVD192,PoweredOn,vm-nb1-ch66.bcbsaz.com
VPCW10DEVD259,PoweredOn,vm-nb1-ch66.bcbsaz.com
VPCW10DEVD309,PoweredOn,vm-nb1-ch66.bcbsaz.com
VPCW10DEVD312,PoweredOn,vm-nb1-ch66.bcbsaz.com
VPCW10DEVD327,PoweredOn,vm-nb1-ch66.bcbsaz.com
VPCW10DEVD336,PoweredOn,vm-nb1-ch66.bcbsaz.com
VPCW10DEVD343,PoweredOn,vm-nb1-ch66.bcbsaz.com
VPCW10DEVD348,PoweredOn,vm-nb1-ch66.bcbsaz.com
VPCW10DEVD349,PoweredOn,vm-nb1-ch66.bcbsaz.com
VPCW10DEVD354,PoweredOn,vm-nb1-ch66.bcbsaz.com
VPCW10DEVD449,PoweredOn,vm-nb1-ch66.bcbsaz.com
VPCW10DEVD458,PoweredOn,vm-nb1-ch66.bcbsaz.com
VPCW10DEVD464,PoweredOn,vm-nb1-ch66.bcbsaz.com
VPCW10DEVD516,PoweredOn,vm-nb1-ch66.bcbsaz.com
VPCW10DEVD568,PoweredOn,vm-nb1-ch66.bcbsaz.com
VPCW10DEVD570,PoweredOn,vm-nb1-ch66.bcbsaz.com
VPCW10DEVD587,PoweredOn,vm-nb1-ch66.bcbsaz.com
VPCW10PD0209,PoweredOn,vm-nb1-ch66.bcbsaz.com
VPCW10PNDA215,PoweredOn,vm-nb1-ch66.bcbsaz.com
VPCW10PNDA231,PoweredOn,vm-nb1-ch66.bcbsaz.com
VPCW10PNDA265,PoweredOn,vm-nb1-ch66.bcbsaz.com
VPCW10PNDA320,PoweredOn,vm-nb1-ch66.bcbsaz.com
VPCW10PNDA334,PoweredOn,vm-nb1-ch66.bcbsaz.com
VPCW10PNDA356,PoweredOn,vm-nb1-ch66.bcbsaz.com
VPCW10PNDA398,PoweredOn,vm-nb1-ch66.bcbsaz.com
VPCW10PNDA456,PoweredOn,vm-nb1-ch66.bcbsaz.com
NTNX-NTXPVDI-16SM60220047-B-CVM,PoweredOn,vm-nb1-ch67.bcbsaz.com
VPCW10DEV2062,PoweredOn,vm-nb1-ch67.bcbsaz.com
VPCW10DEV2115,PoweredOn,vm-nb1-ch67.bcbsaz.com
VPCW10DEVA104,PoweredOn,vm-nb1-ch67.bcbsaz.com
VPCW10DEVB030,PoweredOn,vm-nb1-ch67.bcbsaz.com
VPCW10DEVC023,PoweredOn,vm-nb1-ch67.bcbsaz.com
VPCW10DEVD033,PoweredOn,vm-nb1-ch67.bcbsaz.com
VPCW10DEVD051,PoweredOn,vm-nb1-ch67.bcbsaz.com
VPCW10DEVD056,PoweredOn,vm-nb1-ch67.bcbsaz.com
VPCW10DEVD095,PoweredOn,vm-nb1-ch67.bcbsaz.com
VPCW10DEVD172,PoweredOn,vm-nb1-ch67.bcbsaz.com
VPCW10DEVD207,PoweredOn,vm-nb1-ch67.bcbsaz.com
VPCW10DEVD266,PoweredOn,vm-nb1-ch67.bcbsaz.com
VPCW10DEVD345,PoweredOn,vm-nb1-ch67.bcbsaz.com
VPCW10DEVD360,PoweredOn,vm-nb1-ch67.bcbsaz.com
VPCW10DEVD392,PoweredOn,vm-nb1-ch67.bcbsaz.com
VPCW10DEVD422,PoweredOn,vm-nb1-ch67.bcbsaz.com
VPCW10DEVD433,PoweredOn,vm-nb1-ch67.bcbsaz.com
VPCW10DEVD505,PoweredOn,vm-nb1-ch67.bcbsaz.com
VPCW10DEVD544,PoweredOn,vm-nb1-ch67.bcbsaz.com
VPCW10DEVD571,PoweredOn,vm-nb1-ch67.bcbsaz.com
VPCW10DEVD580,PoweredOn,vm-nb1-ch67.bcbsaz.com
VPCW10PNDA146,PoweredOn,vm-nb1-ch67.bcbsaz.com
VPCW10PNDA193,PoweredOn,vm-nb1-ch67.bcbsaz.com
VPCW10PNDA246,PoweredOn,vm-nb1-ch67.bcbsaz.com
VPCW10PNDA295,PoweredOn,vm-nb1-ch67.bcbsaz.com
VPCW10PNDA364,PoweredOn,vm-nb1-ch67.bcbsaz.com
VPCW10PNDA428,PoweredOn,vm-nb1-ch67.bcbsaz.com
VPCW10PNDA447,PoweredOn,vm-nb1-ch67.bcbsaz.com
VPCW10PNDA455,PoweredOn,vm-nb1-ch67.bcbsaz.com
NTNX-NTXPVDI-16SM60220047-C-CVM,PoweredOn,vm-nb1-ch68.bcbsaz.com
VPCW10DEV2045,PoweredOn,vm-nb1-ch68.bcbsaz.com
VPCW10DEVB009,PoweredOn,vm-nb1-ch68.bcbsaz.com
VPCW10DEVB019,PoweredOn,vm-nb1-ch68.bcbsaz.com
VPCW10DEVD042,PoweredOn,vm-nb1-ch68.bcbsaz.com
VPCW10DEVD098,PoweredOn,vm-nb1-ch68.bcbsaz.com
VPCW10DEVD140,PoweredOn,vm-nb1-ch68.bcbsaz.com
VPCW10DEVD177,PoweredOn,vm-nb1-ch68.bcbsaz.com
VPCW10DEVD228,PoweredOn,vm-nb1-ch68.bcbsaz.com
VPCW10DEVD257,PoweredOn,vm-nb1-ch68.bcbsaz.com
VPCW10DEVD335,PoweredOn,vm-nb1-ch68.bcbsaz.com
VPCW10DEVD374,PoweredOn,vm-nb1-ch68.bcbsaz.com
VPCW10DEVD461,PoweredOn,vm-nb1-ch68.bcbsaz.com
VPCW10DEVD463,PoweredOn,vm-nb1-ch68.bcbsaz.com
VPCW10DEVD496,PoweredOn,vm-nb1-ch68.bcbsaz.com
VPCW10DEVD504,PoweredOn,vm-nb1-ch68.bcbsaz.com
VPCW10DEVD514,PoweredOn,vm-nb1-ch68.bcbsaz.com
VPCW10DEVD526,PoweredOn,vm-nb1-ch68.bcbsaz.com
VPCW10DEVD529,PoweredOn,vm-nb1-ch68.bcbsaz.com
VPCW10DEVD530,PoweredOn,vm-nb1-ch68.bcbsaz.com
VPCW10PD0060,PoweredOn,vm-nb1-ch68.bcbsaz.com
VPCW10PNDA151,PoweredOn,vm-nb1-ch68.bcbsaz.com
VPCW10PNDA210,PoweredOn,vm-nb1-ch68.bcbsaz.com
VPCW10PNDA261,PoweredOn,vm-nb1-ch68.bcbsaz.com
VPCW10PNDA430,PoweredOn,vm-nb1-ch68.bcbsaz.com
VPCW10PNDA438,PoweredOn,vm-nb1-ch68.bcbsaz.com
VPCW10PNDA457,PoweredOn,vm-nb1-ch68.bcbsaz.com
NTNX-NTXPVDI-16SM60220047-D-CVM,PoweredOn,vm-nb1-ch69.bcbsaz.com
VPCW10DEVA105,PoweredOn,vm-nb1-ch69.bcbsaz.com
VPCW10DEVB024,PoweredOn,vm-nb1-ch69.bcbsaz.com
VPCW10DEVB047,PoweredOn,vm-nb1-ch69.bcbsaz.com
VPCW10DEVD026,PoweredOn,vm-nb1-ch69.bcbsaz.com
VPCW10DEVD075,PoweredOn,vm-nb1-ch69.bcbsaz.com
VPCW10DEVD118,PoweredOn,vm-nb1-ch69.bcbsaz.com
VPCW10DEVD127,PoweredOn,vm-nb1-ch69.bcbsaz.com
VPCW10DEVD175,PoweredOn,vm-nb1-ch69.bcbsaz.com
VPCW10DEVD205,PoweredOn,vm-nb1-ch69.bcbsaz.com
VPCW10DEVD208,PoweredOn,vm-nb1-ch69.bcbsaz.com
VPCW10DEVD277,PoweredOn,vm-nb1-ch69.bcbsaz.com
VPCW10DEVD297,PoweredOn,vm-nb1-ch69.bcbsaz.com
VPCW10DEVD401,PoweredOn,vm-nb1-ch69.bcbsaz.com
VPCW10DEVD414,PoweredOn,vm-nb1-ch69.bcbsaz.com
VPCW10DEVD567,PoweredOn,vm-nb1-ch69.bcbsaz.com
VPCW10PD0191,PoweredOn,vm-nb1-ch69.bcbsaz.com
VPCW10PD0207,PoweredOn,vm-nb1-ch69.bcbsaz.com
VPCW10PNDA024,PoweredOn,vm-nb1-ch69.bcbsaz.com
VPCW10PNDA114,PoweredOn,vm-nb1-ch69.bcbsaz.com
VPCW10PNDA161,PoweredOn,vm-nb1-ch69.bcbsaz.com
VPCW10PNDA173,PoweredOn,vm-nb1-ch69.bcbsaz.com
VPCW10PNDA174,PoweredOn,vm-nb1-ch69.bcbsaz.com
VPCW10PNDA176,PoweredOn,vm-nb1-ch69.bcbsaz.com
VPCW10PNDA228,PoweredOn,vm-nb1-ch69.bcbsaz.com
VPCW10PNDA230,PoweredOn,vm-nb1-ch69.bcbsaz.com
VPCW10PNDA259,PoweredOn,vm-nb1-ch69.bcbsaz.com
VPCW10PNDA333,PoweredOn,vm-nb1-ch69.bcbsaz.com
VPCW10PNDA411,PoweredOn,vm-nb1-ch69.bcbsaz.com
VPCW10PNDA435,PoweredOn,vm-nb1-ch69.bcbsaz.com
VPCW10PNDA448,PoweredOn,vm-nb1-ch69.bcbsaz.com
VPCW10PNDA458,PoweredOn,vm-nb1-ch69.bcbsaz.com
NTNX-17FM6B330089-A-CVM,PoweredOn,vm-nb1-ch70.bcbsaz.com
PC00159528,PoweredOn,vm-nb1-ch70.bcbsaz.com
VPCW10DEV2011,PoweredOn,vm-nb1-ch70.bcbsaz.com
VPCW10DEV2015,PoweredOn,vm-nb1-ch70.bcbsaz.com
VPCW10DEVA097,PoweredOn,vm-nb1-ch70.bcbsaz.com
VPCW10DEVA100,PoweredOn,vm-nb1-ch70.bcbsaz.com
VPCW10DEVD071,PoweredOn,vm-nb1-ch70.bcbsaz.com
VPCW10DEVD185,PoweredOn,vm-nb1-ch70.bcbsaz.com
VPCW10DEVD219,PoweredOn,vm-nb1-ch70.bcbsaz.com
VPCW10DEVD293,PoweredOn,vm-nb1-ch70.bcbsaz.com
VPCW10DEVD362,PoweredOn,vm-nb1-ch70.bcbsaz.com
VPCW10DEVD367,PoweredOn,vm-nb1-ch70.bcbsaz.com
VPCW10DEVD380,PoweredOn,vm-nb1-ch70.bcbsaz.com
VPCW10DEVD479,PoweredOn,vm-nb1-ch70.bcbsaz.com
VPCW10DEVD480,PoweredOn,vm-nb1-ch70.bcbsaz.com
VPCW10DEVD485,PoweredOn,vm-nb1-ch70.bcbsaz.com
VPCW10DEVD503,PoweredOn,vm-nb1-ch70.bcbsaz.com
VPCW10DEVD509,PoweredOn,vm-nb1-ch70.bcbsaz.com
VPCW10DEVD528,PoweredOn,vm-nb1-ch70.bcbsaz.com
VPCW10DEVD533,PoweredOn,vm-nb1-ch70.bcbsaz.com
VPCW10DEVD543,PoweredOn,vm-nb1-ch70.bcbsaz.com
VPCW10DEVD586,PoweredOn,vm-nb1-ch70.bcbsaz.com
VPCW10PNDA003,PoweredOn,vm-nb1-ch70.bcbsaz.com
VPCW10PNDA007,PoweredOn,vm-nb1-ch70.bcbsaz.com
VPCW10PNDA182,PoweredOn,vm-nb1-ch70.bcbsaz.com
VPCW10PNDA229,PoweredOn,vm-nb1-ch70.bcbsaz.com
VPCW10PNDA262,PoweredOn,vm-nb1-ch70.bcbsaz.com
VPCW10PNDA278,PoweredOn,vm-nb1-ch70.bcbsaz.com
VPCW10PNDA296,PoweredOn,vm-nb1-ch70.bcbsaz.com
VPCW10PNDA319,PoweredOn,vm-nb1-ch70.bcbsaz.com
VPCW10PNDA321,PoweredOn,vm-nb1-ch70.bcbsaz.com
VPCW10PNDA362,PoweredOn,vm-nb1-ch70.bcbsaz.com
VPCW10PNDA383,PoweredOn,vm-nb1-ch70.bcbsaz.com
VPCW10PNDA402,PoweredOn,vm-nb1-ch70.bcbsaz.com
NTNX-17FM6B330089-B-CVM,PoweredOn,vm-nb1-ch71.bcbsaz.com
VPCW10DEV2012,PoweredOn,vm-nb1-ch71.bcbsaz.com
VPCW10DEV2014,PoweredOn,vm-nb1-ch71.bcbsaz.com
VPCW10DEVA112,PoweredOn,vm-nb1-ch71.bcbsaz.com
VPCW10DEVD024,PoweredOn,vm-nb1-ch71.bcbsaz.com
VPCW10DEVD119,PoweredOn,vm-nb1-ch71.bcbsaz.com
VPCW10DEVD222,PoweredOn,vm-nb1-ch71.bcbsaz.com
VPCW10DEVD287,PoweredOn,vm-nb1-ch71.bcbsaz.com
VPCW10DEVD318,PoweredOn,vm-nb1-ch71.bcbsaz.com
VPCW10DEVD457,PoweredOn,vm-nb1-ch71.bcbsaz.com
VPCW10DEVD471,PoweredOn,vm-nb1-ch71.bcbsaz.com
VPCW10DEVD476,PoweredOn,vm-nb1-ch71.bcbsaz.com
VPCW10DEVD481,PoweredOn,vm-nb1-ch71.bcbsaz.com
VPCW10DEVD494,PoweredOn,vm-nb1-ch71.bcbsaz.com
VPCW10DEVD517,PoweredOn,vm-nb1-ch71.bcbsaz.com
VPCW10PD0269,PoweredOn,vm-nb1-ch71.bcbsaz.com
VPCW10PNDA005,PoweredOn,vm-nb1-ch71.bcbsaz.com
VPCW10PNDA010,PoweredOn,vm-nb1-ch71.bcbsaz.com
VPCW10PNDA047,PoweredOn,vm-nb1-ch71.bcbsaz.com
VPCW10PNDA062,PoweredOn,vm-nb1-ch71.bcbsaz.com
VPCW10PNDA080,PoweredOn,vm-nb1-ch71.bcbsaz.com
VPCW10PNDA084,PoweredOn,vm-nb1-ch71.bcbsaz.com
VPCW10PNDA117,PoweredOn,vm-nb1-ch71.bcbsaz.com
VPCW10PNDA235,PoweredOn,vm-nb1-ch71.bcbsaz.com
VPCW10PNDA372,PoweredOn,vm-nb1-ch71.bcbsaz.com
VPCW10PNDA401,PoweredOn,vm-nb1-ch71.bcbsaz.com
VPCW10PNDA405,PoweredOn,vm-nb1-ch71.bcbsaz.com
VPCW10PNDA414,PoweredOn,vm-nb1-ch71.bcbsaz.com
VPCW10PNDA423,PoweredOn,vm-nb1-ch71.bcbsaz.com
VPCW10PNDA464,PoweredOn,vm-nb1-ch71.bcbsaz.com
VPCW10SPANDEV01,PoweredOn,vm-nb1-ch71.bcbsaz.com
VPCW10SPANDEV04,PoweredOn,vm-nb1-ch71.bcbsaz.com
VPCW7XDPD3008FC,PoweredOn,vm-nb1-ch71.bcbsaz.com
NTNX-17FM6B330089-C-CVM,PoweredOn,vm-nb1-ch72.bcbsaz.com
VPCW10DEVA074,PoweredOn,vm-nb1-ch72.bcbsaz.com
VPCW10DEVA095,PoweredOn,vm-nb1-ch72.bcbsaz.com
VPCW10DEVB005,PoweredOn,vm-nb1-ch72.bcbsaz.com
VPCW10DEVC030,PoweredOn,vm-nb1-ch72.bcbsaz.com
VPCW10DEVD048,PoweredOn,vm-nb1-ch72.bcbsaz.com
VPCW10DEVD130,PoweredOn,vm-nb1-ch72.bcbsaz.com
VPCW10DEVD181,PoweredOn,vm-nb1-ch72.bcbsaz.com
VPCW10DEVD189,PoweredOn,vm-nb1-ch72.bcbsaz.com
VPCW10DEVD288,PoweredOn,vm-nb1-ch72.bcbsaz.com
VPCW10DEVD300,PoweredOn,vm-nb1-ch72.bcbsaz.com
VPCW10DEVD334,PoweredOn,vm-nb1-ch72.bcbsaz.com
VPCW10DEVD361,PoweredOn,vm-nb1-ch72.bcbsaz.com
VPCW10DEVD370,PoweredOn,vm-nb1-ch72.bcbsaz.com
VPCW10DEVD372,PoweredOn,vm-nb1-ch72.bcbsaz.com
VPCW10DEVD435,PoweredOn,vm-nb1-ch72.bcbsaz.com
VPCW10DEVD472,PoweredOn,vm-nb1-ch72.bcbsaz.com
VPCW10DEVD486,PoweredOn,vm-nb1-ch72.bcbsaz.com
VPCW10DEVD498,PoweredOn,vm-nb1-ch72.bcbsaz.com
VPCW10DEVD512,PoweredOn,vm-nb1-ch72.bcbsaz.com
VPCW10DEVD518,PoweredOn,vm-nb1-ch72.bcbsaz.com
VPCW10DEVD564,PoweredOn,vm-nb1-ch72.bcbsaz.com
VPCW10DEVD589,PoweredOn,vm-nb1-ch72.bcbsaz.com
VPCW10PNDA052,PoweredOn,vm-nb1-ch72.bcbsaz.com
VPCW10PNDA054,PoweredOn,vm-nb1-ch72.bcbsaz.com
VPCW10PNDA113,PoweredOn,vm-nb1-ch72.bcbsaz.com
VPCW10PNDA181,PoweredOn,vm-nb1-ch72.bcbsaz.com
VPCW10PNDA232,PoweredOn,vm-nb1-ch72.bcbsaz.com
VPCW10PNDA363,PoweredOn,vm-nb1-ch72.bcbsaz.com
VPCW10PNDA408,PoweredOn,vm-nb1-ch72.bcbsaz.com
VPCW10PNDA416,PoweredOn,vm-nb1-ch72.bcbsaz.com
VPCW10PNDA440,PoweredOn,vm-nb1-ch72.bcbsaz.com
VPCW10PNDA452,PoweredOn,vm-nb1-ch72.bcbsaz.com
VPCW10PNDA462,PoweredOn,vm-nb1-ch72.bcbsaz.com
NTNX-18FM6F160198-A-CVM,PoweredOn,vm-nb1-ch73.bcbsaz.com
VPCW10DEV2040,PoweredOn,vm-nb1-ch73.bcbsaz.com
VPCW10DEVB001,PoweredOn,vm-nb1-ch73.bcbsaz.com
VPCW10DEVD034,PoweredOn,vm-nb1-ch73.bcbsaz.com
VPCW10DEVD035,PoweredOn,vm-nb1-ch73.bcbsaz.com
VPCW10DEVD049,PoweredOn,vm-nb1-ch73.bcbsaz.com
VPCW10DEVD091,PoweredOn,vm-nb1-ch73.bcbsaz.com
VPCW10DEVD240,PoweredOn,vm-nb1-ch73.bcbsaz.com
VPCW10DEVD279,PoweredOn,vm-nb1-ch73.bcbsaz.com
VPCW10DEVD310,PoweredOn,vm-nb1-ch73.bcbsaz.com
VPCW10DEVD359,PoweredOn,vm-nb1-ch73.bcbsaz.com
VPCW10DEVD384,PoweredOn,vm-nb1-ch73.bcbsaz.com
VPCW10DEVD389,PoweredOn,vm-nb1-ch73.bcbsaz.com
VPCW10DEVD425,PoweredOn,vm-nb1-ch73.bcbsaz.com
VPCW10DEVD470,PoweredOn,vm-nb1-ch73.bcbsaz.com
VPCW10DEVD523,PoweredOn,vm-nb1-ch73.bcbsaz.com
VPCW10DEVD539,PoweredOn,vm-nb1-ch73.bcbsaz.com
VPCW10DEVD565,PoweredOn,vm-nb1-ch73.bcbsaz.com
VPCW10DEVD575,PoweredOn,vm-nb1-ch73.bcbsaz.com
VPCW10PNDA013,PoweredOn,vm-nb1-ch73.bcbsaz.com
VPCW10PNDA101,PoweredOn,vm-nb1-ch73.bcbsaz.com
VPCW10PNDA223,PoweredOn,vm-nb1-ch73.bcbsaz.com
VPCW10PNDA239,PoweredOn,vm-nb1-ch73.bcbsaz.com
VPCW10PNDA329,PoweredOn,vm-nb1-ch73.bcbsaz.com
VPCW10PNDA336,PoweredOn,vm-nb1-ch73.bcbsaz.com
VPCW10PNDA376,PoweredOn,vm-nb1-ch73.bcbsaz.com
VPCW10PNDA392,PoweredOn,vm-nb1-ch73.bcbsaz.com
VPCW10PNDA413,PoweredOn,vm-nb1-ch73.bcbsaz.com
VPCW10PNDA444,PoweredOn,vm-nb1-ch73.bcbsaz.com
VPCW10PNDA461,PoweredOn,vm-nb1-ch73.bcbsaz.com
NTNX-18FM6F160198-B-CVM,PoweredOn,vm-nb1-ch74.bcbsaz.com
VPCW10DEV2076,PoweredOn,vm-nb1-ch74.bcbsaz.com
VPCW10DEV2090,PoweredOn,vm-nb1-ch74.bcbsaz.com
VPCW10DEVB057,PoweredOn,vm-nb1-ch74.bcbsaz.com
VPCW10DEVD022,PoweredOn,vm-nb1-ch74.bcbsaz.com
VPCW10DEVD196,PoweredOn,vm-nb1-ch74.bcbsaz.com
VPCW10DEVD284,PoweredOn,vm-nb1-ch74.bcbsaz.com
VPCW10DEVD340,PoweredOn,vm-nb1-ch74.bcbsaz.com
VPCW10DEVD358,PoweredOn,vm-nb1-ch74.bcbsaz.com
VPCW10DEVD386,PoweredOn,vm-nb1-ch74.bcbsaz.com
VPCW10DEVD397,PoweredOn,vm-nb1-ch74.bcbsaz.com
VPCW10DEVD405,PoweredOn,vm-nb1-ch74.bcbsaz.com
VPCW10DEVD438,PoweredOn,vm-nb1-ch74.bcbsaz.com
VPCW10DEVD452,PoweredOn,vm-nb1-ch74.bcbsaz.com
VPCW10DEVD467,PoweredOn,vm-nb1-ch74.bcbsaz.com
VPCW10DEVD468,PoweredOn,vm-nb1-ch74.bcbsaz.com
VPCW10DEVD531,PoweredOn,vm-nb1-ch74.bcbsaz.com
VPCW10DEVD552,PoweredOn,vm-nb1-ch74.bcbsaz.com
VPCW10DEVD558,PoweredOn,vm-nb1-ch74.bcbsaz.com
VPCW10DEVD579,PoweredOn,vm-nb1-ch74.bcbsaz.com
VPCW10DEVD584,PoweredOn,vm-nb1-ch74.bcbsaz.com
VPCW10PD0140,PoweredOn,vm-nb1-ch74.bcbsaz.com
VPCW10PD0208,PoweredOn,vm-nb1-ch74.bcbsaz.com
VPCW10PD0252,PoweredOn,vm-nb1-ch74.bcbsaz.com
VPCW10PNDA026,PoweredOn,vm-nb1-ch74.bcbsaz.com
VPCW10PNDA061,PoweredOn,vm-nb1-ch74.bcbsaz.com
VPCW10PNDA134,PoweredOn,vm-nb1-ch74.bcbsaz.com
VPCW10PNDA200,PoweredOn,vm-nb1-ch74.bcbsaz.com
VPCW10PNDA217,PoweredOn,vm-nb1-ch74.bcbsaz.com
VPCW10PNDA353,PoweredOn,vm-nb1-ch74.bcbsaz.com
VPCW10PNDA382,PoweredOn,vm-nb1-ch74.bcbsaz.com
VPCW10PNDA394,PoweredOn,vm-nb1-ch74.bcbsaz.com
VPCW10PNDA407,PoweredOn,vm-nb1-ch74.bcbsaz.com
VPCW10PNDA422,PoweredOn,vm-nb1-ch74.bcbsaz.com
VPCW10PNDA431,PoweredOn,vm-nb1-ch74.bcbsaz.com
VPCW10PNDA449,PoweredOn,vm-nb1-ch74.bcbsaz.com
