am-vrw-a01,PoweredOn,vm-vx1-ch101.bcbsaz.com
lp-aes-a05,PoweredOn,vm-vx1-ch101.bcbsaz.com
mm-cmv-sa02,PoweredOn,vm-vx1-ch101.bcbsaz.com
mp-vault-rdc,PoweredOn,vm-vx1-ch101.bcbsaz.com
Z-VRA-vm-vx1-ch101.bcbsaz.com,PoweredOn,vm-vx1-ch101.bcbsaz.com
Z-VRAH-vm-vx1-ch101.bcbsaz.com-622213,PoweredOn,vm-vx1-ch101.bcbsaz.com
Z-VRAH-vm-vx1-ch101.bcbsaz.com-861589,PoweredOn,vm-vx1-ch101.bcbsaz.com
dc-cor-ad02,PoweredOn,vm-vx1-ch102.bcbsaz.com
dc-net-ad02,PoweredOn,vm-vx1-ch102.bcbsaz.com
lp-ses-a02,PoweredOn,vm-vx1-ch102.bcbsaz.com
lp-smg-a02,PoweredOn,vm-vx1-ch102.bcbsaz.com
Z-VRA-vm-vx1-ch102.bcbsaz.com,PoweredOn,vm-vx1-ch102.bcbsaz.com
Z-VRAH-vm-vx1-ch102.bcbsaz.com-905381,PoweredOn,vm-vx1-ch102.bcbsaz.com
mm-vdr-sa01,PoweredOn,vm-vx1-ch103.bcbsaz.com
mp-vdr-cc02,PoweredOn,vm-vx1-ch103.bcbsaz.com
mp-vdr-cd02,PoweredOn,vm-vx1-ch103.bcbsaz.com
mt-ddc-a02,PoweredOn,vm-vx1-ch103.bcbsaz.com
mt-dir-a01,PoweredOn,vm-vx1-ch103.bcbsaz.com
mt-dir-a02,PoweredOn,vm-vx1-ch103.bcbsaz.com
mt-lic-a01,PoweredOn,vm-vx1-ch103.bcbsaz.com
mt-sql-d06,PoweredOn,vm-vx1-ch103.bcbsaz.com
mt-vdi-dir02,PoweredOn,vm-vx1-ch103.bcbsaz.com
mt-vdi-pa01,PoweredOn,vm-vx1-ch103.bcbsaz.com
VPCW10LABDV006,PoweredOn,vm-vx1-ch103.bcbsaz.com
VSI2019Launch04,PoweredOn,vm-vx1-ch103.bcbsaz.com
VSI2019Launch07,PoweredOn,vm-vx1-ch103.bcbsaz.com
VSI2019Launch16,PoweredOn,vm-vx1-ch103.bcbsaz.com
VSI2019Launch18,PoweredOn,vm-vx1-ch103.bcbsaz.com
Z-VRA-vm-vx1-ch103.bcbsaz.com,PoweredOn,vm-vx1-ch103.bcbsaz.com
Z-VRAH-vm-vx1-ch103.bcbsaz.com-230514,PoweredOn,vm-vx1-ch103.bcbsaz.com
mm-vdr-w01,PoweredOn,vm-vx1-ch104.bcbsaz.com
MT-CTX-A4,PoweredOn,vm-vx1-ch104.bcbsaz.com
VPCW10DR0043,PoweredOn,vm-vx1-ch104.bcbsaz.com
VPCW10DR0044,PoweredOn,vm-vx1-ch104.bcbsaz.com
VPCW10DR0046,PoweredOn,vm-vx1-ch104.bcbsaz.com
VPCW10DR0083,PoweredOn,vm-vx1-ch104.bcbsaz.com
VPCW10DR0160,PoweredOn,vm-vx1-ch104.bcbsaz.com
VPCW10DR0166,PoweredOn,vm-vx1-ch104.bcbsaz.com
VPCW10DR0177,PoweredOn,vm-vx1-ch104.bcbsaz.com
VPCW10DR0179,PoweredOn,vm-vx1-ch104.bcbsaz.com
VPCW10DR0262,PoweredOn,vm-vx1-ch104.bcbsaz.com
VPCW10DR0265,PoweredOn,vm-vx1-ch104.bcbsaz.com
VPCW10DR0275,PoweredOn,vm-vx1-ch104.bcbsaz.com
VPCW10DR0298,PoweredOn,vm-vx1-ch104.bcbsaz.com
VPCW10DR0305,PoweredOn,vm-vx1-ch104.bcbsaz.com
VPCW10DR0318,PoweredOn,vm-vx1-ch104.bcbsaz.com
VPCW10DR0326,PoweredOn,vm-vx1-ch104.bcbsaz.com
VPCW10DR0392,PoweredOn,vm-vx1-ch104.bcbsaz.com
VPCW10DR0395,PoweredOn,vm-vx1-ch104.bcbsaz.com
VPCW10DR0438,PoweredOn,vm-vx1-ch104.bcbsaz.com
VPCW10DR0037,PoweredOn,vm-vx1-ch105.bcbsaz.com
VPCW10DR0059,PoweredOn,vm-vx1-ch105.bcbsaz.com
VPCW10DR0089,PoweredOn,vm-vx1-ch105.bcbsaz.com
VPCW10DR0104,PoweredOn,vm-vx1-ch105.bcbsaz.com
VPCW10DR0118,PoweredOn,vm-vx1-ch105.bcbsaz.com
VPCW10DR0133,PoweredOn,vm-vx1-ch105.bcbsaz.com
VPCW10DR0138,PoweredOn,vm-vx1-ch105.bcbsaz.com
VPCW10DR0149,PoweredOn,vm-vx1-ch105.bcbsaz.com
VPCW10DR0164,PoweredOn,vm-vx1-ch105.bcbsaz.com
VPCW10DR0167,PoweredOn,vm-vx1-ch105.bcbsaz.com
VPCW10DR0173,PoweredOn,vm-vx1-ch105.bcbsaz.com
VPCW10DR0199,PoweredOn,vm-vx1-ch105.bcbsaz.com
VPCW10DR0243,PoweredOn,vm-vx1-ch105.bcbsaz.com
VPCW10DR0263,PoweredOn,vm-vx1-ch105.bcbsaz.com
VPCW10DR0267,PoweredOn,vm-vx1-ch105.bcbsaz.com
VPCW10DR0272,PoweredOn,vm-vx1-ch105.bcbsaz.com
VPCW10DR0282,PoweredOn,vm-vx1-ch105.bcbsaz.com
VPCW10DR0360,PoweredOn,vm-vx1-ch105.bcbsaz.com
VPCW10DR0383,PoweredOn,vm-vx1-ch105.bcbsaz.com
VPCW10DR0431,PoweredOn,vm-vx1-ch105.bcbsaz.com
VPCW10DR0448,PoweredOn,vm-vx1-ch105.bcbsaz.com
VPCW10LABA2,PoweredOn,vm-vx1-ch105.bcbsaz.com
al-clm-a01,PoweredOn,vm-vx1-ch106.bcbsaz.com
VPCW10DR0011,PoweredOn,vm-vx1-ch106.bcbsaz.com
VPCW10DR0013,PoweredOn,vm-vx1-ch106.bcbsaz.com
VPCW10DR0036,PoweredOn,vm-vx1-ch106.bcbsaz.com
VPCW10DR0042,PoweredOn,vm-vx1-ch106.bcbsaz.com
VPCW10DR0075,PoweredOn,vm-vx1-ch106.bcbsaz.com
VPCW10DR0081,PoweredOn,vm-vx1-ch106.bcbsaz.com
VPCW10DR0095,PoweredOn,vm-vx1-ch106.bcbsaz.com
VPCW10DR0144,PoweredOn,vm-vx1-ch106.bcbsaz.com
VPCW10DR0151,PoweredOn,vm-vx1-ch106.bcbsaz.com
VPCW10DR0182,PoweredOn,vm-vx1-ch106.bcbsaz.com
VPCW10DR0195,PoweredOn,vm-vx1-ch106.bcbsaz.com
VPCW10DR0208,PoweredOn,vm-vx1-ch106.bcbsaz.com
VPCW10DR0213,PoweredOn,vm-vx1-ch106.bcbsaz.com
VPCW10DR0227,PoweredOn,vm-vx1-ch106.bcbsaz.com
VPCW10DR0280,PoweredOn,vm-vx1-ch106.bcbsaz.com
VPCW10DR0321,PoweredOn,vm-vx1-ch106.bcbsaz.com
VPCW10DR0384,PoweredOn,vm-vx1-ch106.bcbsaz.com
VPCW10DR0404,PoweredOn,vm-vx1-ch106.bcbsaz.com
VPCW10DR0451,PoweredOn,vm-vx1-ch106.bcbsaz.com
VPCW10DR0018,PoweredOn,vm-vx1-ch107.bcbsaz.com
VPCW10DR0027,PoweredOn,vm-vx1-ch107.bcbsaz.com
VPCW10DR0045,PoweredOn,vm-vx1-ch107.bcbsaz.com
VPCW10DR0116,PoweredOn,vm-vx1-ch107.bcbsaz.com
VPCW10DR0126,PoweredOn,vm-vx1-ch107.bcbsaz.com
VPCW10DR0155,PoweredOn,vm-vx1-ch107.bcbsaz.com
VPCW10DR0224,PoweredOn,vm-vx1-ch107.bcbsaz.com
VPCW10DR0309,PoweredOn,vm-vx1-ch107.bcbsaz.com
VPCW10DR0344,PoweredOn,vm-vx1-ch107.bcbsaz.com
VPCW10DR0364,PoweredOn,vm-vx1-ch107.bcbsaz.com
VPCW10DR0365,PoweredOn,vm-vx1-ch107.bcbsaz.com
VPCW10DR0380,PoweredOn,vm-vx1-ch107.bcbsaz.com
VPCW10DR0422,PoweredOn,vm-vx1-ch107.bcbsaz.com
VPCW10DR0429,PoweredOn,vm-vx1-ch107.bcbsaz.com
VPCW10DR0033,PoweredOn,vm-vx1-ch108.bcbsaz.com
VPCW10DR0041,PoweredOn,vm-vx1-ch108.bcbsaz.com
VPCW10DR0098,PoweredOn,vm-vx1-ch108.bcbsaz.com
VPCW10DR0117,PoweredOn,vm-vx1-ch108.bcbsaz.com
VPCW10DR0124,PoweredOn,vm-vx1-ch108.bcbsaz.com
VPCW10DR0178,PoweredOn,vm-vx1-ch108.bcbsaz.com
VPCW10DR0214,PoweredOn,vm-vx1-ch108.bcbsaz.com
VPCW10DR0220,PoweredOn,vm-vx1-ch108.bcbsaz.com
VPCW10DR0236,PoweredOn,vm-vx1-ch108.bcbsaz.com
VPCW10DR0317,PoweredOn,vm-vx1-ch108.bcbsaz.com
VPCW10DR0339,PoweredOn,vm-vx1-ch108.bcbsaz.com
VPCW10DR0352,PoweredOn,vm-vx1-ch108.bcbsaz.com
VPCW10DR0354,PoweredOn,vm-vx1-ch108.bcbsaz.com
VPCW10DR0372,PoweredOn,vm-vx1-ch108.bcbsaz.com
VPCW10DR0376,PoweredOn,vm-vx1-ch108.bcbsaz.com
VPCW10DR0381,PoweredOn,vm-vx1-ch108.bcbsaz.com
VPCW10DR0399,PoweredOn,vm-vx1-ch108.bcbsaz.com
VPCW10LABA10,PoweredOn,vm-vx1-ch108.bcbsaz.com
VPCW10LABA5,PoweredOn,vm-vx1-ch108.bcbsaz.com
al-rdc-a01,PoweredOn,vm-vx1-ch111.bcbsaz.com
dc-cor-ad03,PoweredOn,vm-vx1-ch111.bcbsaz.com
LP-MPP-A02,PoweredOn,vm-vx1-ch111.bcbsaz.com
mp-cxc-a02,PoweredOn,vm-vx1-ch111.bcbsaz.com
Z-VRA-vm-vx1-ch111.bcbsaz.com,PoweredOn,vm-vx1-ch111.bcbsaz.com
Z-VRAH-vm-vx1-ch111.bcbsaz.com-338326,PoweredOn,vm-vx1-ch111.bcbsaz.com
Z-VRAH-vm-vx1-ch111.bcbsaz.com-519520,PoweredOn,vm-vx1-ch111.bcbsaz.com
VPCW10DR0002,PoweredOn,vm-vx1-ch112.bcbsaz.com
VPCW10DR0029,PoweredOn,vm-vx1-ch112.bcbsaz.com
VPCW10DR0055,PoweredOn,vm-vx1-ch112.bcbsaz.com
VPCW10DR0061,PoweredOn,vm-vx1-ch112.bcbsaz.com
VPCW10DR0068,PoweredOn,vm-vx1-ch112.bcbsaz.com
VPCW10DR0111,PoweredOn,vm-vx1-ch112.bcbsaz.com
VPCW10DR0123,PoweredOn,vm-vx1-ch112.bcbsaz.com
VPCW10DR0141,PoweredOn,vm-vx1-ch112.bcbsaz.com
VPCW10DR0152,PoweredOn,vm-vx1-ch112.bcbsaz.com
VPCW10DR0180,PoweredOn,vm-vx1-ch112.bcbsaz.com
VPCW10DR0194,PoweredOn,vm-vx1-ch112.bcbsaz.com
VPCW10DR0202,PoweredOn,vm-vx1-ch112.bcbsaz.com
VPCW10DR0209,PoweredOn,vm-vx1-ch112.bcbsaz.com
VPCW10DR0218,PoweredOn,vm-vx1-ch112.bcbsaz.com
VPCW10DR0221,PoweredOn,vm-vx1-ch112.bcbsaz.com
VPCW10DR0222,PoweredOn,vm-vx1-ch112.bcbsaz.com
VPCW10DR0235,PoweredOn,vm-vx1-ch112.bcbsaz.com
VPCW10DR0242,PoweredOn,vm-vx1-ch112.bcbsaz.com
VPCW10DR0294,PoweredOn,vm-vx1-ch112.bcbsaz.com
VPCW10DR0338,PoweredOn,vm-vx1-ch112.bcbsaz.com
VPCW10DR0343,PoweredOn,vm-vx1-ch112.bcbsaz.com
VPCW10DR0348,PoweredOn,vm-vx1-ch112.bcbsaz.com
VPCW10DR0378,PoweredOn,vm-vx1-ch112.bcbsaz.com
VPCW10DR0408,PoweredOn,vm-vx1-ch112.bcbsaz.com
VPCW10DR0016,PoweredOn,vm-vx1-ch113.bcbsaz.com
VPCW10DR0130,PoweredOn,vm-vx1-ch113.bcbsaz.com
VPCW10DR0134,PoweredOn,vm-vx1-ch113.bcbsaz.com
VPCW10DR0142,PoweredOn,vm-vx1-ch113.bcbsaz.com
VPCW10DR0143,PoweredOn,vm-vx1-ch113.bcbsaz.com
VPCW10DR0176,PoweredOn,vm-vx1-ch113.bcbsaz.com
VPCW10DR0206,PoweredOn,vm-vx1-ch113.bcbsaz.com
VPCW10DR0212,PoweredOn,vm-vx1-ch113.bcbsaz.com
VPCW10DR0319,PoweredOn,vm-vx1-ch113.bcbsaz.com
VPCW10DR0368,PoweredOn,vm-vx1-ch113.bcbsaz.com
VPCW10DR0382,PoweredOn,vm-vx1-ch113.bcbsaz.com
VPCW10DR0435,PoweredOn,vm-vx1-ch113.bcbsaz.com
VPCW10DR0440,PoweredOn,vm-vx1-ch113.bcbsaz.com
VPCW10DR0443,PoweredOn,vm-vx1-ch113.bcbsaz.com
VPCW10DR0444,PoweredOn,vm-vx1-ch113.bcbsaz.com
mp-vdr-cc03,PoweredOn,vm-vx1-ch114.bcbsaz.com
mp-vdr-cp02,PoweredOn,vm-vx1-ch114.bcbsaz.com
mt-ddc-a01,PoweredOn,vm-vx1-ch114.bcbsaz.com
mt-pvs-a02,PoweredOn,vm-vx1-ch114.bcbsaz.com
mt-sfs-a01,PoweredOn,vm-vx1-ch114.bcbsaz.com
mt-vdi-fp20,PoweredOn,vm-vx1-ch114.bcbsaz.com
VPCW10LABDV008,PoweredOn,vm-vx1-ch114.bcbsaz.com
VPCW10LABPD022,PoweredOn,vm-vx1-ch114.bcbsaz.com
VPCW10LABPD026,PoweredOn,vm-vx1-ch114.bcbsaz.com
VSI2019Launch08,PoweredOn,vm-vx1-ch114.bcbsaz.com
VSI2019Launch11,PoweredOn,vm-vx1-ch114.bcbsaz.com
VSI2019Launch13,PoweredOn,vm-vx1-ch114.bcbsaz.com
VSI2019Launch21,PoweredOn,vm-vx1-ch114.bcbsaz.com
Z-VRA-vm-vx1-ch114.bcbsaz.com,PoweredOn,vm-vx1-ch114.bcbsaz.com
Z-VRAH-vm-vx1-ch114.bcbsaz.com-59742,PoweredOn,vm-vx1-ch114.bcbsaz.com
mt-ctx-a5,PoweredOn,vm-vx1-ch115.bcbsaz.com
VPCW10DR0017,PoweredOn,vm-vx1-ch115.bcbsaz.com
VPCW10DR0039,PoweredOn,vm-vx1-ch115.bcbsaz.com
VPCW10DR0064,PoweredOn,vm-vx1-ch115.bcbsaz.com
VPCW10DR0092,PoweredOn,vm-vx1-ch115.bcbsaz.com
VPCW10DR0096,PoweredOn,vm-vx1-ch115.bcbsaz.com
VPCW10DR0105,PoweredOn,vm-vx1-ch115.bcbsaz.com
VPCW10DR0115,PoweredOn,vm-vx1-ch115.bcbsaz.com
VPCW10DR0191,PoweredOn,vm-vx1-ch115.bcbsaz.com
VPCW10DR0232,PoweredOn,vm-vx1-ch115.bcbsaz.com
VPCW10DR0286,PoweredOn,vm-vx1-ch115.bcbsaz.com
VPCW10DR0330,PoweredOn,vm-vx1-ch115.bcbsaz.com
VPCW10DR0346,PoweredOn,vm-vx1-ch115.bcbsaz.com
VPCW10DR0362,PoweredOn,vm-vx1-ch115.bcbsaz.com
VPCW10DR0371,PoweredOn,vm-vx1-ch115.bcbsaz.com
VPCW10DR0393,PoweredOn,vm-vx1-ch115.bcbsaz.com
VPCW10DR0405,PoweredOn,vm-vx1-ch115.bcbsaz.com
VPCW10DR0407,PoweredOn,vm-vx1-ch115.bcbsaz.com
VPCW10DR0426,PoweredOn,vm-vx1-ch115.bcbsaz.com
VPCW10DR0441,PoweredOn,vm-vx1-ch115.bcbsaz.com
VPCW10DR0005,PoweredOn,vm-vx1-ch116.bcbsaz.com
VPCW10DR0007,PoweredOn,vm-vx1-ch116.bcbsaz.com
VPCW10DR0009,PoweredOn,vm-vx1-ch116.bcbsaz.com
VPCW10DR0014,PoweredOn,vm-vx1-ch116.bcbsaz.com
VPCW10DR0026,PoweredOn,vm-vx1-ch116.bcbsaz.com
VPCW10DR0065,PoweredOn,vm-vx1-ch116.bcbsaz.com
VPCW10DR0069,PoweredOn,vm-vx1-ch116.bcbsaz.com
VPCW10DR0074,PoweredOn,vm-vx1-ch116.bcbsaz.com
VPCW10DR0085,PoweredOn,vm-vx1-ch116.bcbsaz.com
VPCW10DR0088,PoweredOn,vm-vx1-ch116.bcbsaz.com
VPCW10DR0094,PoweredOn,vm-vx1-ch116.bcbsaz.com
VPCW10DR0145,PoweredOn,vm-vx1-ch116.bcbsaz.com
VPCW10DR0168,PoweredOn,vm-vx1-ch116.bcbsaz.com
VPCW10DR0181,PoweredOn,vm-vx1-ch116.bcbsaz.com
VPCW10DR0270,PoweredOn,vm-vx1-ch116.bcbsaz.com
VPCW10DR0296,PoweredOn,vm-vx1-ch116.bcbsaz.com
VPCW10DR0301,PoweredOn,vm-vx1-ch116.bcbsaz.com
VPCW10DR0303,PoweredOn,vm-vx1-ch116.bcbsaz.com
VPCW10DR0445,PoweredOn,vm-vx1-ch116.bcbsaz.com
VPCW10DR0008,PoweredOn,vm-vx1-ch117.bcbsaz.com
VPCW10DR0078,PoweredOn,vm-vx1-ch117.bcbsaz.com
VPCW10DR0174,PoweredOn,vm-vx1-ch117.bcbsaz.com
VPCW10DR0175,PoweredOn,vm-vx1-ch117.bcbsaz.com
VPCW10DR0187,PoweredOn,vm-vx1-ch117.bcbsaz.com
VPCW10DR0203,PoweredOn,vm-vx1-ch117.bcbsaz.com
VPCW10DR0216,PoweredOn,vm-vx1-ch117.bcbsaz.com
VPCW10DR0229,PoweredOn,vm-vx1-ch117.bcbsaz.com
VPCW10DR0245,PoweredOn,vm-vx1-ch117.bcbsaz.com
VPCW10DR0260,PoweredOn,vm-vx1-ch117.bcbsaz.com
VPCW10DR0279,PoweredOn,vm-vx1-ch117.bcbsaz.com
VPCW10DR0324,PoweredOn,vm-vx1-ch117.bcbsaz.com
VPCW10DR0329,PoweredOn,vm-vx1-ch117.bcbsaz.com
VPCW10DR0333,PoweredOn,vm-vx1-ch117.bcbsaz.com
VPCW10DR0334,PoweredOn,vm-vx1-ch117.bcbsaz.com
VPCW10DR0349,PoweredOn,vm-vx1-ch117.bcbsaz.com
VPCW10DR0410,PoweredOn,vm-vx1-ch117.bcbsaz.com
VPCW10DR0411,PoweredOn,vm-vx1-ch117.bcbsaz.com
VPCW10DR0425,PoweredOn,vm-vx1-ch117.bcbsaz.com
VPCW10DR0439,PoweredOn,vm-vx1-ch117.bcbsaz.com
VPCW10DR0450,PoweredOn,vm-vx1-ch117.bcbsaz.com
VPCW10LABA3,PoweredOn,vm-vx1-ch117.bcbsaz.com
MT-CTX-A1,PoweredOn,vm-vx1-ch118.bcbsaz.com
VPCW10DR0020,PoweredOn,vm-vx1-ch118.bcbsaz.com
VPCW10DR0040,PoweredOn,vm-vx1-ch118.bcbsaz.com
VPCW10DR0049,PoweredOn,vm-vx1-ch118.bcbsaz.com
VPCW10DR0082,PoweredOn,vm-vx1-ch118.bcbsaz.com
VPCW10DR0087,PoweredOn,vm-vx1-ch118.bcbsaz.com
VPCW10DR0101,PoweredOn,vm-vx1-ch118.bcbsaz.com
VPCW10DR0109,PoweredOn,vm-vx1-ch118.bcbsaz.com
VPCW10DR0146,PoweredOn,vm-vx1-ch118.bcbsaz.com
VPCW10DR0150,PoweredOn,vm-vx1-ch118.bcbsaz.com
VPCW10DR0162,PoweredOn,vm-vx1-ch118.bcbsaz.com
VPCW10DR0253,PoweredOn,vm-vx1-ch118.bcbsaz.com
VPCW10DR0288,PoweredOn,vm-vx1-ch118.bcbsaz.com
VPCW10DR0290,PoweredOn,vm-vx1-ch118.bcbsaz.com
VPCW10DR0292,PoweredOn,vm-vx1-ch118.bcbsaz.com
VPCW10DR0293,PoweredOn,vm-vx1-ch118.bcbsaz.com
VPCW10DR0310,PoweredOn,vm-vx1-ch118.bcbsaz.com
VPCW10DR0320,PoweredOn,vm-vx1-ch118.bcbsaz.com
VPCW10DR0332,PoweredOn,vm-vx1-ch118.bcbsaz.com
VPCW10DR0336,PoweredOn,vm-vx1-ch118.bcbsaz.com
VPCW10DR0373,PoweredOn,vm-vx1-ch118.bcbsaz.com
VPCW10DR0409,PoweredOn,vm-vx1-ch118.bcbsaz.com
VPCW10DR0446,PoweredOn,vm-vx1-ch118.bcbsaz.com
VPCW10DR0048,PoweredOn,vm-vx1-ch121.bcbsaz.com
VPCW10DR0100,PoweredOn,vm-vx1-ch121.bcbsaz.com
VPCW10DR0157,PoweredOn,vm-vx1-ch121.bcbsaz.com
VPCW10DR0238,PoweredOn,vm-vx1-ch121.bcbsaz.com
VPCW10DR0251,PoweredOn,vm-vx1-ch121.bcbsaz.com
VPCW10DR0255,PoweredOn,vm-vx1-ch121.bcbsaz.com
VPCW10DR0256,PoweredOn,vm-vx1-ch121.bcbsaz.com
VPCW10DR0261,PoweredOn,vm-vx1-ch121.bcbsaz.com
VPCW10DR0271,PoweredOn,vm-vx1-ch121.bcbsaz.com
VPCW10DR0297,PoweredOn,vm-vx1-ch121.bcbsaz.com
VPCW10DR0302,PoweredOn,vm-vx1-ch121.bcbsaz.com
VPCW10DR0327,PoweredOn,vm-vx1-ch121.bcbsaz.com
VPCW10DR0359,PoweredOn,vm-vx1-ch121.bcbsaz.com
VPCW10DR0363,PoweredOn,vm-vx1-ch121.bcbsaz.com
VPCW10DR0389,PoweredOn,vm-vx1-ch121.bcbsaz.com
VPCW10DR0419,PoweredOn,vm-vx1-ch121.bcbsaz.com
VPCW10DR0428,PoweredOn,vm-vx1-ch121.bcbsaz.com
VPCW10DR0432,PoweredOn,vm-vx1-ch121.bcbsaz.com
VPCW10LABA4,PoweredOn,vm-vx1-ch121.bcbsaz.com
VPCW10DR0047,PoweredOn,vm-vx1-ch122.bcbsaz.com
VPCW10DR0079,PoweredOn,vm-vx1-ch122.bcbsaz.com
VPCW10DR0113,PoweredOn,vm-vx1-ch122.bcbsaz.com
VPCW10DR0127,PoweredOn,vm-vx1-ch122.bcbsaz.com
VPCW10DR0137,PoweredOn,vm-vx1-ch122.bcbsaz.com
VPCW10DR0148,PoweredOn,vm-vx1-ch122.bcbsaz.com
VPCW10DR0158,PoweredOn,vm-vx1-ch122.bcbsaz.com
VPCW10DR0165,PoweredOn,vm-vx1-ch122.bcbsaz.com
VPCW10DR0185,PoweredOn,vm-vx1-ch122.bcbsaz.com
VPCW10DR0186,PoweredOn,vm-vx1-ch122.bcbsaz.com
VPCW10DR0233,PoweredOn,vm-vx1-ch122.bcbsaz.com
VPCW10DR0289,PoweredOn,vm-vx1-ch122.bcbsaz.com
VPCW10DR0308,PoweredOn,vm-vx1-ch122.bcbsaz.com
VPCW10DR0323,PoweredOn,vm-vx1-ch122.bcbsaz.com
VPCW10DR0342,PoweredOn,vm-vx1-ch122.bcbsaz.com
VPCW10DR0357,PoweredOn,vm-vx1-ch122.bcbsaz.com
VPCW10DR0358,PoweredOn,vm-vx1-ch122.bcbsaz.com
VPCW10DR0375,PoweredOn,vm-vx1-ch122.bcbsaz.com
VPCW10DR0403,PoweredOn,vm-vx1-ch122.bcbsaz.com
VPCW10DR0412,PoweredOn,vm-vx1-ch122.bcbsaz.com
VPCW10DR0417,PoweredOn,vm-vx1-ch122.bcbsaz.com
VPCW10DR0012,PoweredOn,vm-vx1-ch123.bcbsaz.com
VPCW10DR0031,PoweredOn,vm-vx1-ch123.bcbsaz.com
VPCW10DR0056,PoweredOn,vm-vx1-ch123.bcbsaz.com
VPCW10DR0102,PoweredOn,vm-vx1-ch123.bcbsaz.com
VPCW10DR0114,PoweredOn,vm-vx1-ch123.bcbsaz.com
VPCW10DR0132,PoweredOn,vm-vx1-ch123.bcbsaz.com
VPCW10DR0139,PoweredOn,vm-vx1-ch123.bcbsaz.com
VPCW10DR0153,PoweredOn,vm-vx1-ch123.bcbsaz.com
VPCW10DR0154,PoweredOn,vm-vx1-ch123.bcbsaz.com
VPCW10DR0183,PoweredOn,vm-vx1-ch123.bcbsaz.com
VPCW10DR0201,PoweredOn,vm-vx1-ch123.bcbsaz.com
VPCW10DR0337,PoweredOn,vm-vx1-ch123.bcbsaz.com
VPCW10DR0361,PoweredOn,vm-vx1-ch123.bcbsaz.com
VPCW10DR0367,PoweredOn,vm-vx1-ch123.bcbsaz.com
VPCW10DR0377,PoweredOn,vm-vx1-ch123.bcbsaz.com
VPCW10DR0379,PoweredOn,vm-vx1-ch123.bcbsaz.com
VPCW10LABA8,PoweredOn,vm-vx1-ch123.bcbsaz.com
VPCW10DR0030,PoweredOn,vm-vx1-ch124.bcbsaz.com
VPCW10DR0097,PoweredOn,vm-vx1-ch124.bcbsaz.com
VPCW10DR0106,PoweredOn,vm-vx1-ch124.bcbsaz.com
VPCW10DR0135,PoweredOn,vm-vx1-ch124.bcbsaz.com
VPCW10DR0170,PoweredOn,vm-vx1-ch124.bcbsaz.com
VPCW10DR0231,PoweredOn,vm-vx1-ch124.bcbsaz.com
VPCW10DR0234,PoweredOn,vm-vx1-ch124.bcbsaz.com
VPCW10DR0247,PoweredOn,vm-vx1-ch124.bcbsaz.com
VPCW10DR0258,PoweredOn,vm-vx1-ch124.bcbsaz.com
VPCW10DR0269,PoweredOn,vm-vx1-ch124.bcbsaz.com
VPCW10DR0273,PoweredOn,vm-vx1-ch124.bcbsaz.com
VPCW10DR0291,PoweredOn,vm-vx1-ch124.bcbsaz.com
VPCW10DR0300,PoweredOn,vm-vx1-ch124.bcbsaz.com
VPCW10DR0322,PoweredOn,vm-vx1-ch124.bcbsaz.com
VPCW10DR0341,PoweredOn,vm-vx1-ch124.bcbsaz.com
VPCW10DR0387,PoweredOn,vm-vx1-ch124.bcbsaz.com
VPCW10DR0401,PoweredOn,vm-vx1-ch124.bcbsaz.com
VPCW10DR0402,PoweredOn,vm-vx1-ch124.bcbsaz.com
VPCW10DR0415,PoweredOn,vm-vx1-ch124.bcbsaz.com
VPCW10DR0427,PoweredOn,vm-vx1-ch124.bcbsaz.com
VPCW10DR0437,PoweredOn,vm-vx1-ch124.bcbsaz.com
MT-CTX-A2,PoweredOn,vm-vx1-ch125.bcbsaz.com
VPCW10DR0006,PoweredOn,vm-vx1-ch125.bcbsaz.com
VPCW10DR0032,PoweredOn,vm-vx1-ch125.bcbsaz.com
VPCW10DR0038,PoweredOn,vm-vx1-ch125.bcbsaz.com
VPCW10DR0060,PoweredOn,vm-vx1-ch125.bcbsaz.com
VPCW10DR0066,PoweredOn,vm-vx1-ch125.bcbsaz.com
VPCW10DR0072,PoweredOn,vm-vx1-ch125.bcbsaz.com
VPCW10DR0099,PoweredOn,vm-vx1-ch125.bcbsaz.com
VPCW10DR0108,PoweredOn,vm-vx1-ch125.bcbsaz.com
VPCW10DR0119,PoweredOn,vm-vx1-ch125.bcbsaz.com
VPCW10DR0122,PoweredOn,vm-vx1-ch125.bcbsaz.com
VPCW10DR0276,PoweredOn,vm-vx1-ch125.bcbsaz.com
VPCW10DR0283,PoweredOn,vm-vx1-ch125.bcbsaz.com
VPCW10DR0311,PoweredOn,vm-vx1-ch125.bcbsaz.com
VPCW10DR0315,PoweredOn,vm-vx1-ch125.bcbsaz.com
VPCW10DR0390,PoweredOn,vm-vx1-ch125.bcbsaz.com
VPCW10DR0406,PoweredOn,vm-vx1-ch125.bcbsaz.com
VPCW10DR0423,PoweredOn,vm-vx1-ch125.bcbsaz.com
VPCW10DR0436,PoweredOn,vm-vx1-ch125.bcbsaz.com
VPCW10DR0447,PoweredOn,vm-vx1-ch125.bcbsaz.com
am-cph-a03,PoweredOn,vm-vx1-ch126.bcbsaz.com
mm-cmv-sf32,PoweredOn,vm-vx1-ch126.bcbsaz.com
mp-vdr-cd03,PoweredOn,vm-vx1-ch126.bcbsaz.com
mt-pvs-a01,PoweredOn,vm-vx1-ch126.bcbsaz.com
mt-sfs-a02,PoweredOn,vm-vx1-ch126.bcbsaz.com
mt-vdi-fc11,PoweredOn,vm-vx1-ch126.bcbsaz.com
mt-vdi-fw16,PoweredOn,vm-vx1-ch126.bcbsaz.com
VPCW10LABDV007,PoweredOn,vm-vx1-ch126.bcbsaz.com
VPCW10LABPD024,PoweredOn,vm-vx1-ch126.bcbsaz.com
VPCW10LABPD025,PoweredOn,vm-vx1-ch126.bcbsaz.com
VSI2019Launch01,PoweredOn,vm-vx1-ch126.bcbsaz.com
VSI2019Launch02,PoweredOn,vm-vx1-ch126.bcbsaz.com
VSI2019Launch05,PoweredOn,vm-vx1-ch126.bcbsaz.com
VSI2019Launch09,PoweredOn,vm-vx1-ch126.bcbsaz.com
VSI2019Launch12,PoweredOn,vm-vx1-ch126.bcbsaz.com
VSI2019Launch14,PoweredOn,vm-vx1-ch126.bcbsaz.com
VSI2019Launch24,PoweredOn,vm-vx1-ch126.bcbsaz.com
md-FAS-a01,PoweredOn,vm-vx1-ch128.bcbsaz.com
MP-VDI-PA02,PoweredOn,vm-vx1-ch128.bcbsaz.com
mp-vdr-cc01,PoweredOn,vm-vx1-ch128.bcbsaz.com
mp-vdr-cp03,PoweredOn,vm-vx1-ch128.bcbsaz.com
mt-vdi-dir01,PoweredOn,vm-vx1-ch128.bcbsaz.com
mt-vdi-fw15,PoweredOn,vm-vx1-ch128.bcbsaz.com
VPCW10LABDV009,PoweredOn,vm-vx1-ch128.bcbsaz.com
VPCW10LABPD023,PoweredOn,vm-vx1-ch128.bcbsaz.com
VSI2019Launch15,PoweredOn,vm-vx1-ch128.bcbsaz.com
VSI2019Launch19,PoweredOn,vm-vx1-ch128.bcbsaz.com
VSI2019Launch22,PoweredOn,vm-vx1-ch128.bcbsaz.com
VSI2019Launch23,PoweredOn,vm-vx1-ch128.bcbsaz.com
VSI2019Launch25,PoweredOn,vm-vx1-ch128.bcbsaz.com
Z-VRA-vm-vx1-ch128.bcbsaz.com,PoweredOn,vm-vx1-ch128.bcbsaz.com
am-vsc-a03.corp.net.bcbsaz.com,PoweredOn,vm-vx1-ch131.bcbsaz.com
ap-vsi-a01,PoweredOn,vm-vx1-ch131.bcbsaz.com
mp-vdr-cd01,PoweredOn,vm-vx1-ch131.bcbsaz.com
mp-vdr-cp01,PoweredOn,vm-vx1-ch131.bcbsaz.com
mt-vdi-fc10,PoweredOn,vm-vx1-ch131.bcbsaz.com
mt-vdi-fp21,PoweredOn,vm-vx1-ch131.bcbsaz.com
mt-vdi-lic01,PoweredOn,vm-vx1-ch131.bcbsaz.com
mt-vdi-md25,PoweredOn,vm-vx1-ch131.bcbsaz.com
VPCW10LABDV010,PoweredOn,vm-vx1-ch131.bcbsaz.com
VSI2019Launch03,PoweredOn,vm-vx1-ch131.bcbsaz.com
VSI2019Launch06,PoweredOn,vm-vx1-ch131.bcbsaz.com
VSI2019Launch10,PoweredOn,vm-vx1-ch131.bcbsaz.com
VSI2019Launch17,PoweredOn,vm-vx1-ch131.bcbsaz.com
VSI2019Launch20,PoweredOn,vm-vx1-ch131.bcbsaz.com
lp-aes-a07,PoweredOn,vm-vx1-ch132.bcbsaz.com
lp-rsa-fa02,PoweredOn,vm-vx1-ch132.bcbsaz.com
mm-rdc-w01,PoweredOn,vm-vx1-ch132.bcbsaz.com
mp-bts-ca01n02,PoweredOn,vm-vx1-ch132.bcbsaz.com
ms-bts-ca01n01,PoweredOn,vm-vx1-ch132.bcbsaz.com
Z-VRA-vm-vx1-ch132.bcbsaz.com,PoweredOn,vm-vx1-ch132.bcbsaz.com
Z-VRAH-vm-vx1-ch132.bcbsaz.com-444803,PoweredOn,vm-vx1-ch132.bcbsaz.com
Z-VRAH-vm-vx1-ch132.bcbsaz.com-474081,PoweredOn,vm-vx1-ch132.bcbsaz.com
Z-VRAH-vm-vx1-ch132.bcbsaz.com-53184,PoweredOn,vm-vx1-ch132.bcbsaz.com
Z-VRAH-vm-vx1-ch132.bcbsaz.com-560850,PoweredOn,vm-vx1-ch132.bcbsaz.com
lp-cms-d02,PoweredOn,vm-vx1-ch133.bcbsaz.com
lp-crm-a02,PoweredOn,vm-vx1-ch133.bcbsaz.com
lp-ess-a01,PoweredOn,vm-vx1-ch133.bcbsaz.com
LP-MPP-A03,PoweredOn,vm-vx1-ch133.bcbsaz.com
mp-SI0-a07,PoweredOn,vm-vx1-ch133.bcbsaz.com
Z-VRA-vm-vx1-ch133.bcbsaz.com,PoweredOn,vm-vx1-ch133.bcbsaz.com
Z-VRAH-vm-vx1-ch133.bcbsaz.com-217558,PoweredOn,vm-vx1-ch133.bcbsaz.com
Z-VRAH-vm-vx1-ch133.bcbsaz.com-313679,PoweredOn,vm-vx1-ch133.bcbsaz.com
MT-CTX-A7,PoweredOn,vm-vx1-ch134.bcbsaz.com
VPCW10DR0019,PoweredOn,vm-vx1-ch134.bcbsaz.com
VPCW10DR0035,PoweredOn,vm-vx1-ch134.bcbsaz.com
VPCW10DR0052,PoweredOn,vm-vx1-ch134.bcbsaz.com
VPCW10DR0054,PoweredOn,vm-vx1-ch134.bcbsaz.com
VPCW10DR0070,PoweredOn,vm-vx1-ch134.bcbsaz.com
VPCW10DR0147,PoweredOn,vm-vx1-ch134.bcbsaz.com
VPCW10DR0159,PoweredOn,vm-vx1-ch134.bcbsaz.com
VPCW10DR0190,PoweredOn,vm-vx1-ch134.bcbsaz.com
VPCW10DR0248,PoweredOn,vm-vx1-ch134.bcbsaz.com
VPCW10DR0268,PoweredOn,vm-vx1-ch134.bcbsaz.com
VPCW10DR0278,PoweredOn,vm-vx1-ch134.bcbsaz.com
VPCW10DR0313,PoweredOn,vm-vx1-ch134.bcbsaz.com
VPCW10DR0328,PoweredOn,vm-vx1-ch134.bcbsaz.com
VPCW10DR0350,PoweredOn,vm-vx1-ch134.bcbsaz.com
VPCW10DR0396,PoweredOn,vm-vx1-ch134.bcbsaz.com
VPCW10DR0420,PoweredOn,vm-vx1-ch134.bcbsaz.com
VPCW10DR0430,PoweredOn,vm-vx1-ch134.bcbsaz.com
VPCW10DR0025,PoweredOn,vm-vx1-ch135.bcbsaz.com
VPCW10DR0051,PoweredOn,vm-vx1-ch135.bcbsaz.com
VPCW10DR0071,PoweredOn,vm-vx1-ch135.bcbsaz.com
VPCW10DR0091,PoweredOn,vm-vx1-ch135.bcbsaz.com
VPCW10DR0131,PoweredOn,vm-vx1-ch135.bcbsaz.com
VPCW10DR0161,PoweredOn,vm-vx1-ch135.bcbsaz.com
VPCW10DR0189,PoweredOn,vm-vx1-ch135.bcbsaz.com
VPCW10DR0193,PoweredOn,vm-vx1-ch135.bcbsaz.com
VPCW10DR0197,PoweredOn,vm-vx1-ch135.bcbsaz.com
VPCW10DR0210,PoweredOn,vm-vx1-ch135.bcbsaz.com
VPCW10DR0239,PoweredOn,vm-vx1-ch135.bcbsaz.com
VPCW10DR0249,PoweredOn,vm-vx1-ch135.bcbsaz.com
VPCW10DR0264,PoweredOn,vm-vx1-ch135.bcbsaz.com
VPCW10DR0335,PoweredOn,vm-vx1-ch135.bcbsaz.com
VPCW10DR0370,PoweredOn,vm-vx1-ch135.bcbsaz.com
VPCW10DR0424,PoweredOn,vm-vx1-ch135.bcbsaz.com
VPCW10DR0452,PoweredOn,vm-vx1-ch135.bcbsaz.com
VPCW10DR0001,PoweredOn,vm-vx1-ch136.bcbsaz.com
VPCW10DR0010,PoweredOn,vm-vx1-ch136.bcbsaz.com
VPCW10DR0024,PoweredOn,vm-vx1-ch136.bcbsaz.com
VPCW10DR0058,PoweredOn,vm-vx1-ch136.bcbsaz.com
VPCW10DR0067,PoweredOn,vm-vx1-ch136.bcbsaz.com
VPCW10DR0086,PoweredOn,vm-vx1-ch136.bcbsaz.com
VPCW10DR0107,PoweredOn,vm-vx1-ch136.bcbsaz.com
VPCW10DR0112,PoweredOn,vm-vx1-ch136.bcbsaz.com
VPCW10DR0120,PoweredOn,vm-vx1-ch136.bcbsaz.com
VPCW10DR0136,PoweredOn,vm-vx1-ch136.bcbsaz.com
VPCW10DR0196,PoweredOn,vm-vx1-ch136.bcbsaz.com
VPCW10DR0207,PoweredOn,vm-vx1-ch136.bcbsaz.com
VPCW10DR0228,PoweredOn,vm-vx1-ch136.bcbsaz.com
VPCW10DR0246,PoweredOn,vm-vx1-ch136.bcbsaz.com
VPCW10DR0254,PoweredOn,vm-vx1-ch136.bcbsaz.com
VPCW10DR0266,PoweredOn,vm-vx1-ch136.bcbsaz.com
VPCW10DR0281,PoweredOn,vm-vx1-ch136.bcbsaz.com
VPCW10DR0299,PoweredOn,vm-vx1-ch136.bcbsaz.com
VPCW10DR0347,PoweredOn,vm-vx1-ch136.bcbsaz.com
VPCW10DR0356,PoweredOn,vm-vx1-ch136.bcbsaz.com
VPCW10DR0418,PoweredOn,vm-vx1-ch136.bcbsaz.com
mt-ctx-a6,PoweredOn,vm-vx1-ch137.bcbsaz.com
VPCW10DR0023,PoweredOn,vm-vx1-ch137.bcbsaz.com
VPCW10DR0050,PoweredOn,vm-vx1-ch137.bcbsaz.com
VPCW10DR0053,PoweredOn,vm-vx1-ch137.bcbsaz.com
VPCW10DR0063,PoweredOn,vm-vx1-ch137.bcbsaz.com
VPCW10DR0080,PoweredOn,vm-vx1-ch137.bcbsaz.com
VPCW10DR0103,PoweredOn,vm-vx1-ch137.bcbsaz.com
VPCW10DR0217,PoweredOn,vm-vx1-ch137.bcbsaz.com
VPCW10DR0219,PoweredOn,vm-vx1-ch137.bcbsaz.com
VPCW10DR0230,PoweredOn,vm-vx1-ch137.bcbsaz.com
VPCW10DR0252,PoweredOn,vm-vx1-ch137.bcbsaz.com
VPCW10DR0277,PoweredOn,vm-vx1-ch137.bcbsaz.com
VPCW10DR0295,PoweredOn,vm-vx1-ch137.bcbsaz.com
VPCW10DR0304,PoweredOn,vm-vx1-ch137.bcbsaz.com
VPCW10DR0353,PoweredOn,vm-vx1-ch137.bcbsaz.com
VPCW10DR0355,PoweredOn,vm-vx1-ch137.bcbsaz.com
VPCW10DR0366,PoweredOn,vm-vx1-ch137.bcbsaz.com
VPCW10DR0386,PoweredOn,vm-vx1-ch137.bcbsaz.com
VPCW10DR0400,PoweredOn,vm-vx1-ch137.bcbsaz.com
VPCW10DR0004,PoweredOn,vm-vx1-ch138.bcbsaz.com
VPCW10DR0015,PoweredOn,vm-vx1-ch138.bcbsaz.com
VPCW10DR0062,PoweredOn,vm-vx1-ch138.bcbsaz.com
VPCW10DR0128,PoweredOn,vm-vx1-ch138.bcbsaz.com
VPCW10DR0129,PoweredOn,vm-vx1-ch138.bcbsaz.com
VPCW10DR0200,PoweredOn,vm-vx1-ch138.bcbsaz.com
VPCW10DR0204,PoweredOn,vm-vx1-ch138.bcbsaz.com
VPCW10DR0223,PoweredOn,vm-vx1-ch138.bcbsaz.com
VPCW10DR0237,PoweredOn,vm-vx1-ch138.bcbsaz.com
VPCW10DR0284,PoweredOn,vm-vx1-ch138.bcbsaz.com
VPCW10DR0287,PoweredOn,vm-vx1-ch138.bcbsaz.com
VPCW10DR0307,PoweredOn,vm-vx1-ch138.bcbsaz.com
VPCW10DR0314,PoweredOn,vm-vx1-ch138.bcbsaz.com
VPCW10DR0316,PoweredOn,vm-vx1-ch138.bcbsaz.com
VPCW10DR0397,PoweredOn,vm-vx1-ch138.bcbsaz.com
VPCW10DR0398,PoweredOn,vm-vx1-ch138.bcbsaz.com
VPCW10DR0416,PoweredOn,vm-vx1-ch138.bcbsaz.com
VPCW10DR0433,PoweredOn,vm-vx1-ch138.bcbsaz.com
MT-CTX-A3,PoweredOn,vm-vx1-ch141.bcbsaz.com
VPCW10DR0034,PoweredOn,vm-vx1-ch141.bcbsaz.com
VPCW10DR0057,PoweredOn,vm-vx1-ch141.bcbsaz.com
VPCW10DR0073,PoweredOn,vm-vx1-ch141.bcbsaz.com
VPCW10DR0121,PoweredOn,vm-vx1-ch141.bcbsaz.com
VPCW10DR0163,PoweredOn,vm-vx1-ch141.bcbsaz.com
VPCW10DR0169,PoweredOn,vm-vx1-ch141.bcbsaz.com
VPCW10DR0172,PoweredOn,vm-vx1-ch141.bcbsaz.com
VPCW10DR0198,PoweredOn,vm-vx1-ch141.bcbsaz.com
VPCW10DR0226,PoweredOn,vm-vx1-ch141.bcbsaz.com
VPCW10DR0240,PoweredOn,vm-vx1-ch141.bcbsaz.com
VPCW10DR0257,PoweredOn,vm-vx1-ch141.bcbsaz.com
VPCW10DR0259,PoweredOn,vm-vx1-ch141.bcbsaz.com
VPCW10DR0274,PoweredOn,vm-vx1-ch141.bcbsaz.com
VPCW10DR0285,PoweredOn,vm-vx1-ch141.bcbsaz.com
VPCW10DR0312,PoweredOn,vm-vx1-ch141.bcbsaz.com
VPCW10DR0325,PoweredOn,vm-vx1-ch141.bcbsaz.com
VPCW10DR0331,PoweredOn,vm-vx1-ch141.bcbsaz.com
VPCW10DR0369,PoweredOn,vm-vx1-ch141.bcbsaz.com
VPCW10DR0414,PoweredOn,vm-vx1-ch141.bcbsaz.com
VPCW10DR0434,PoweredOn,vm-vx1-ch141.bcbsaz.com
VPCW10DR0442,PoweredOn,vm-vx1-ch141.bcbsaz.com
VPCW10DR0449,PoweredOn,vm-vx1-ch141.bcbsaz.com
VPCW10DR0453,PoweredOn,vm-vx1-ch141.bcbsaz.com
MT-CTX-A8,PoweredOn,vm-vx1-ch142.bcbsaz.com
VPCW10DR0003,PoweredOn,vm-vx1-ch142.bcbsaz.com
VPCW10DR0021,PoweredOn,vm-vx1-ch142.bcbsaz.com
VPCW10DR0022,PoweredOn,vm-vx1-ch142.bcbsaz.com
VPCW10DR0028,PoweredOn,vm-vx1-ch142.bcbsaz.com
VPCW10DR0076,PoweredOn,vm-vx1-ch142.bcbsaz.com
VPCW10DR0084,PoweredOn,vm-vx1-ch142.bcbsaz.com
VPCW10DR0090,PoweredOn,vm-vx1-ch142.bcbsaz.com
VPCW10DR0184,PoweredOn,vm-vx1-ch142.bcbsaz.com
VPCW10DR0192,PoweredOn,vm-vx1-ch142.bcbsaz.com
VPCW10DR0215,PoweredOn,vm-vx1-ch142.bcbsaz.com
VPCW10DR0306,PoweredOn,vm-vx1-ch142.bcbsaz.com
VPCW10DR0340,PoweredOn,vm-vx1-ch142.bcbsaz.com
VPCW10DR0351,PoweredOn,vm-vx1-ch142.bcbsaz.com
VPCW10DR0388,PoweredOn,vm-vx1-ch142.bcbsaz.com
VPCW10DR0391,PoweredOn,vm-vx1-ch142.bcbsaz.com
VPCW10DR0413,PoweredOn,vm-vx1-ch142.bcbsaz.com
VPCW10DR0421,PoweredOn,vm-vx1-ch142.bcbsaz.com
MT-TAB-A02,PoweredOn,vm-vx1-ch143.bcbsaz.com
VPCW10DR0077,PoweredOn,vm-vx1-ch143.bcbsaz.com
VPCW10DR0093,PoweredOn,vm-vx1-ch143.bcbsaz.com
VPCW10DR0110,PoweredOn,vm-vx1-ch143.bcbsaz.com
VPCW10DR0125,PoweredOn,vm-vx1-ch143.bcbsaz.com
VPCW10DR0140,PoweredOn,vm-vx1-ch143.bcbsaz.com
VPCW10DR0156,PoweredOn,vm-vx1-ch143.bcbsaz.com
VPCW10DR0171,PoweredOn,vm-vx1-ch143.bcbsaz.com
VPCW10DR0205,PoweredOn,vm-vx1-ch143.bcbsaz.com
VPCW10DR0211,PoweredOn,vm-vx1-ch143.bcbsaz.com
VPCW10DR0225,PoweredOn,vm-vx1-ch143.bcbsaz.com
VPCW10DR0241,PoweredOn,vm-vx1-ch143.bcbsaz.com
VPCW10DR0244,PoweredOn,vm-vx1-ch143.bcbsaz.com
VPCW10DR0250,PoweredOn,vm-vx1-ch143.bcbsaz.com
VPCW10DR0345,PoweredOn,vm-vx1-ch143.bcbsaz.com
VPCW10DR0374,PoweredOn,vm-vx1-ch143.bcbsaz.com
VPCW10DR0385,PoweredOn,vm-vx1-ch143.bcbsaz.com
VPCW10DR0394,PoweredOn,vm-vx1-ch143.bcbsaz.com
am-inf-fa04-3,PoweredOn,vm-vx1-ch145.bcbsaz.com
am-vsc-a01,PoweredOn,vm-vx1-ch145.bcbsaz.com
dc-aif-ad02,PoweredOn,vm-vx1-ch145.bcbsaz.com
Z-VRA-vm-vx1-ch145.bcbsaz.com,PoweredOn,vm-vx1-ch145.bcbsaz.com
Z-VRAH-vm-vx1-ch145.bcbsaz.com-137666,PoweredOn,vm-vx1-ch145.bcbsaz.com
Z-VRAH-vm-vx1-ch145.bcbsaz.com-464813,PoweredOn,vm-vx1-ch145.bcbsaz.com
Z-VRAH-vm-vx1-ch145.bcbsaz.com-768899,PoweredOn,vm-vx1-ch145.bcbsaz.com
am-vrn-a04,PoweredOn,vm-vx1-ch146.bcbsaz.com
mp-SI0-d05,PoweredOn,vm-vx1-ch146.bcbsaz.com
Z-VRA-vm-vx1-ch146.bcbsaz.com,PoweredOn,vm-vx1-ch146.bcbsaz.com
Z-VRAH-vm-vx1-ch146.bcbsaz.com-285435,PoweredOn,vm-vx1-ch146.bcbsaz.com
Z-VRAH-vm-vx1-ch146.bcbsaz.com-704739,PoweredOn,vm-vx1-ch146.bcbsaz.com
Z-VRAH-vm-vx1-ch146.bcbsaz.com-76056,PoweredOn,vm-vx1-ch146.bcbsaz.com
am-vrn-a03,PoweredOn,vm-vx1-ch147.bcbsaz.com
dc-par-ad02,PoweredOn,vm-vx1-ch147.bcbsaz.com
mm-cmv-a07,PoweredOn,vm-vx1-ch147.bcbsaz.com
mm-cmv-a08,PoweredOn,vm-vx1-ch147.bcbsaz.com
Z-VRA-vm-vx1-ch147.bcbsaz.com,PoweredOn,vm-vx1-ch147.bcbsaz.com
Z-VRAH-vm-vx1-ch147.bcbsaz.com-654632,PoweredOn,vm-vx1-ch147.bcbsaz.com
Z-VRAH-vm-vx1-ch147.bcbsaz.com-933554,PoweredOn,vm-vx1-ch147.bcbsaz.com
am-inf-fa04-4,PoweredOn,vm-vx1-ch148.bcbsaz.com
dc-dss-ad02,PoweredOn,vm-vx1-ch148.bcbsaz.com
mp-snw-a03,PoweredOn,vm-vx1-ch148.bcbsaz.com
Z-VRA-vm-vx1-ch148.bcbsaz.com,PoweredOn,vm-vx1-ch148.bcbsaz.com
Z-VRAH-vm-vx1-ch148.bcbsaz.com-35873,PoweredOn,vm-vx1-ch148.bcbsaz.com
Z-VRAH-vm-vx1-ch148.bcbsaz.com-381233,PoweredOn,vm-vx1-ch148.bcbsaz.com
